probe,f,T,b,mu_real,mu_imag,h_offset
P4T,81290.0,29.058,0.0104577746242284,3283.523887116632,90.11921694167378,0
P4T,78890.0,29.081,0.0246164985001087,3451.567687058296,151.24558756460814,0
P4T,77290.0,29.06,0.0384945794939994,3600.849800483838,196.28764341241103,0
P4T,76090.0,29.046,0.0528606250882148,3776.250905862594,236.3378267644451,0
P4T,75290.0,29.061,0.0657160654664039,3857.661453993701,267.98485436436124,0
P4T,74490.0,29.053,0.079513780772686,3949.304767023891,303.8840363766321,0
P4T,73890.0,29.068,0.0919686555862426,4019.688895243373,336.7645126698227,0
P4T,72290.0,29.101,0.1122600510716438,4123.331428386767,390.4920733114511,0
P4T,72290.0,29.102,0.1216432675719261,4196.5893525625215,411.1983456931509,0
P4T,72290.0,29.112,0.1285333335399627,4200.578286262497,438.5049309902584,0
P4T,71690.0,29.127,0.1414658427238464,4269.084964129293,481.6540305013378,0
P4T,71490.0,29.162,0.1505306661128997,4279.20166164634,504.2131718030071,0
P4T,71090.0,29.198,0.1615235209465026,4317.243849689987,539.2286828341322,0
P4T,70690.0,29.216,0.1714106500148773,4324.93313808553,583.4887476596804,0
P4T,70490.0,29.276,0.1811444610357284,4364.948875665384,617.028074339681,0
P4T,70290.0,29.306,0.1908633559942245,4376.049109864313,646.4486969578659,0
P4T,69490.0,29.266,0.2058598399162292,4417.490493408817,688.1899040801055,0
P4T,69490.0,29.296,0.2142523378133773,4432.332846998484,716.5247474924311,0
P4T,69490.0,29.331,0.2234091460704803,4440.240396267112,740.2313469060434,0
P4T,69290.0,29.353,0.2334260940551757,4424.9314421532845,767.0318194805457,0
P4T,69290.0,29.363,0.2428101897239685,4426.531286299156,789.5385498840502,0
P4T,69090.0,29.387,0.2534520328044891,4388.169553421032,809.358119869303,0
P4T,69090.0,29.373,0.2629971206188202,4374.175048441392,831.845793316722,0
P4T,69090.0,29.39,0.2734653651714325,4334.793429067782,845.5149092140433,0
P4T,69090.0,29.408,0.2838302254676819,4251.889690127732,843.5624590021329,0
P4T,69090.0,29.497,0.2943394780158996,4174.707807774578,849.5421613718861,0
P4T,69090.0,29.514,0.3088360130786896,4039.152448799542,825.1315815473757,0
P4T,100480.0,29.125,0.0098331635817885,3215.618377056182,84.64359014799456,0
P4T,97480.0,29.109,0.0235009957104921,3416.43666486798,147.89572969039318,0
P4T,95480.0,29.126,0.0369947999715805,3586.4690680843705,195.6409868629157,0
P4T,94080.0,29.096,0.0508311688899993,3761.527809647529,234.73901889858155,0
P4T,92880.0,29.112,0.0641763508319854,3852.077047637159,272.4757119745047,0
P4T,91880.0,29.108,0.0775410905480384,3943.1062231953592,311.99767949172514,0
P4T,91080.0,29.105,0.0901444628834724,4020.376320050028,350.5379129529439,0
P4T,90480.0,29.117,0.1014649868011474,4085.674671579793,387.2192832512206,0
P4T,89680.0,29.139,0.1144112646579742,4143.653292759211,425.3610047014676,0
P4T,89280.0,29.135,0.1249154061079025,4196.508298236465,455.78868672585344,0
P4T,88480.0,29.143,0.1355938911437988,4187.306889134704,503.0467388190624,0
P4T,88280.0,29.123,0.1451224237680435,4215.442472639289,533.6500894411325,0
P4T,87680.0,29.142,0.1577588021755218,4280.636808605861,581.1960940560218,0
P4T,87280.0,29.149,0.1685234159231186,4317.610019935803,619.4457856388755,0
P4T,86880.0,29.153,0.1798465549945831,4361.845883981395,662.974180890188,0
P4T,86480.0,29.167,0.1910234093666076,4382.115917309128,701.4666101795555,0
P4T,86280.0,29.192,0.2013587057590484,4411.779203340974,737.5210177775309,0
P4T,86080.0,29.22,0.2112159729003906,4411.945018827791,773.2298294297238,0
P4T,85680.0,29.208,0.2237794995307922,4433.284768089007,810.9333313454716,0
P4T,85680.0,29.228,0.2329823970794677,4382.587256729149,834.1943648401731,0
P4T,85480.0,29.287,0.2446742057800293,4391.832574579762,866.8937836921401,0
P4T,85280.0,29.243,0.2565869092941284,4376.462975909079,892.6822124469891,0
P4T,85280.0,29.239,0.2673189043998718,4318.603321103695,904.0605874576368,0
P4T,85280.0,29.254,0.2790711224079132,4256.955843737167,909.8323822376384,0
P4T,85280.0,29.267,0.2919520735740661,4170.6359440575125,905.6771014213748,0
P4T,85280.0,29.295,0.3084742128849029,4060.5936093820937,893.426306502865,0
P4T,143270.0,29.153,0.0095280623063445,3167.474185473298,99.44977023357904,0
P4T,139670.0,29.136,0.0221571903675794,3425.365708767841,171.69544866382276,0
P4T,137070.0,29.134,0.0352785103023052,3639.080279760647,222.78439308564248,0
P4T,135070.0,29.126,0.0479606091976165,3742.169512972792,266.9622871227284,0
P4T,133670.0,29.108,0.0601148046553134,3837.4042075536568,307.7042722848889,0
P4T,132270.0,29.127,0.0726271420717239,3914.908527991866,353.70308201571584,0
P4T,131270.0,29.128,0.0843461155891418,3985.2610663418695,395.1329133440739,0
P4T,130270.0,29.128,0.0944163650274276,3981.641293346844,433.22570127301634,0
P4T,129470.0,29.135,0.1055401265621185,4049.890483967589,475.5599372268194,0
P4T,128670.0,29.151,0.1165249720215797,4107.251786981426,521.9923775224988,0
P4T,128070.0,29.155,0.1273264586925506,4155.889954956377,565.7059152153067,0
P4T,127270.0,29.167,0.1384402513504028,4190.835920328024,612.4959758952768,0
P4T,126670.0,29.213,0.1500556617975235,4238.387838258098,663.8643962262855,0
P4T,126270.0,29.198,0.1600350737571716,4261.299465798965,707.538893833458,0
P4T,125670.0,29.268,0.1717725247144699,4296.280562176524,752.761335256532,0
P4T,125070.0,29.28,0.1836200356483459,4336.582726353359,808.4678620898167,0
P4T,125070.0,29.298,0.1939623057842254,4333.015226287394,843.1824580453375,0
P4T,124470.0,29.31,0.2059716880321502,4363.955523798707,894.6606905153382,0
P4T,124270.0,29.397,0.2173360586166381,4365.477999943351,930.229568719365,0
P4T,124070.0,29.393,0.2288769781589508,4370.210153450963,971.0299932482292,0
P4T,124070.0,29.455,0.2398479580879211,4344.13144105157,999.3382668499949,0
P4T,123870.0,29.496,0.2513301372528076,4303.466011934325,1029.2122618239152,0
P4T,123870.0,29.571,0.2628579139709472,4268.465904164515,1053.6858336560135,0
P4T,123870.0,29.652,0.2757380902767181,4213.870898192928,1072.4666988897627,0
P4T,123870.0,29.756,0.2876951396465301,4113.797027219817,1063.000285718308,0
P4T,123870.0,29.835,0.3009963929653168,3995.062482212479,1041.8694904058807,0
P4T,179860.0,29.122,0.0096640912815928,3214.754258309879,114.26504547475504,0
P4T,175860.0,29.12,0.0213656835258007,3408.879441466924,188.2900337140913,0
P4T,172860.0,29.12,0.0335266105830669,3604.655818902168,240.71497450262945,0
P4T,170660.0,29.113,0.0451371930539608,3710.084077553193,285.7660528535428,0
P4T,168860.0,29.113,0.0563259907066822,3793.363295953847,330.9748572402627,0
P4T,167260.0,29.1,0.0679706931114196,3872.155178345493,377.7704990644983,0
P4T,166060.0,29.118,0.0775113850831985,3878.213428639028,415.6299437419084,0
P4T,164860.0,29.119,0.0879968777298927,3930.285690650238,459.86325423319295,0
P4T,163860.0,29.133,0.09834536164999,4018.141175739166,509.1147915776358,0
P4T,162860.0,29.158,0.1083268299698829,4038.9021850149816,553.1182226489784,0
P4T,162060.0,29.161,0.1184262037277221,4100.142028071241,598.9745715401231,0
P4T,161260.0,29.169,0.1282189786434173,4113.548332370331,644.9355245762298,0
P4T,160660.0,29.192,0.139106810092926,4163.51834172479,694.7471996489251,0
P4T,160060.0,29.263,0.1494814604520797,4206.23849947112,752.1766373121318,0
P4T,159460.0,29.261,0.160065472126007,4229.452172808339,797.9434030945775,0
P4T,159060.0,29.257,0.170441597700119,4254.097898934217,841.5972683273857,0
P4T,158460.0,29.336,0.181082084774971,4276.842431841963,889.215329139363,0
P4T,158060.0,29.329,0.1915084421634674,4274.940028111769,936.805044699875,0
P4T,158060.0,29.371,0.2015503793954849,4262.887774825568,970.5224833838928,0
P4T,157660.0,29.419,0.2127734124660492,4291.844698535945,1025.8768768460284,0
P4T,157660.0,29.424,0.2235800772905349,4282.000903780605,1055.2945347290702,0
P4T,157660.0,29.473,0.2340649962425232,4253.535391708018,1090.7066621694275,0
P4T,157660.0,29.54,0.2446114867925644,4209.784644169678,1110.036643820911,0
P4T,157660.0,29.623,0.2554117143154144,4172.509338293226,1135.0855868842657,0
P4T,157660.0,29.759,0.2665546238422394,4116.693995803174,1143.081878526417,0
P4T,157660.0,29.982,0.2764568924903869,4056.508179795161,1154.304300266119,0
P4T,157660.0,29.862,0.286388099193573,3958.288933188601,1143.0926611306336,0
P4T,157660.0,30.08,0.2968915700912475,3884.1569272463166,1130.97933094806,0
P4T,214250.0,29.155,0.0095111215487122,3192.780426864706,117.19888288586114,0
P4T,210050.0,29.181,0.020864337682724,3486.4109194747784,202.75696247205155,0
P4T,206450.0,29.168,0.0317961871623992,3600.565551140395,260.6216589218652,0
P4T,203850.0,29.148,0.0423848181962966,3696.458181974448,309.18906992325793,0
P4T,201850.0,29.16,0.0525881499052047,3760.9774053685474,355.34205554339627,0
P4T,200250.0,29.157,0.0620182938873767,3794.138387844308,400.3687907296746,0
P4T,198650.0,29.182,0.0721841976046562,3848.605290208147,446.72047684714266,0
P4T,197450.0,29.182,0.0817551612854003,3905.5423621686896,492.4290208998182,0
P4T,196250.0,29.216,0.0911303386092186,3935.457051960457,535.7177140982035,0
P4T,195250.0,29.245,0.100478246808052,4006.3530868031207,586.9206265900091,0
P4T,194450.0,29.265,0.1091856807470321,4028.8816395284302,630.6953393542634,0
P4T,193450.0,29.228,0.119020789861679,4074.91692477147,689.1263224855597,0
P4T,192850.0,29.274,0.1291403621435165,4123.186899716934,742.6637948833611,0
P4T,192250.0,29.3,0.1386624723672866,4149.214661686847,788.1775791279933,0
P4T,191450.0,29.4,0.1489691436290741,4180.7057175899245,836.3765396629905,0
P4T,191050.0,29.461,0.1583673804998397,4177.913356850334,876.7239545029172,0
P4T,190450.0,29.525,0.1684061884880066,4198.337807193065,928.9577982411244,0
P4T,190450.0,29.553,0.1783681809902191,4196.334663359662,967.7817995407754,0
P4T,190050.0,29.674,0.1888612806797027,4229.248707920199,1021.706130842347,0
P4T,189650.0,29.657,0.1994996964931488,4232.439810629755,1067.2130959624114,0
P4T,189650.0,29.775,0.2097598612308502,4205.867015213057,1095.9616600654683,0
P4T,189650.0,29.858,0.2198048382997512,4208.161490631641,1137.772550320917,0
P4T,189650.0,29.954,0.2300700694322586,4172.17318563282,1154.8216502490532,0
P4T,189650.0,30.058,0.2411587238311767,4125.485812527714,1184.700663786114,0
P4T,189650.0,30.065,0.2506245076656341,4086.702697912509,1214.6444449366934,0
P4T,189650.0,30.24,0.259782075881958,4032.2957771053234,1226.4665773424542,0
P4T,189650.0,30.408,0.2681880593299866,3963.404843898231,1240.678673627917,0
P4T,189650.0,30.481,0.2758549749851227,3879.627937415712,1236.595786425888,0
P4T,189650.0,30.466,0.2842330634593963,3815.158913121568,1227.4334741857058,0
P4T,262530.0,29.056,0.0095814038068056,3214.778942478546,155.54307649275825,0
P4T,258530.0,29.047,0.0194129813462495,3450.5088332843347,242.59888668856087,0
P4T,254530.0,29.053,0.0292604230344295,3596.1517440546045,304.2605621151451,0
P4T,251730.0,29.041,0.038674384355545,3682.773940493615,353.943585881244,0
P4T,249530.0,29.057,0.0471538417041301,3686.277311026381,400.2578040297264,0
P4T,247530.0,29.05,0.0567031167447567,3763.60144722571,451.5707765081863,0
P4T,245930.0,29.05,0.0656142905354499,3815.950371743949,497.62237197982256,0
P4T,244730.0,29.064,0.0738243982195854,3854.502729521772,545.190139450767,0
P4T,243530.0,29.072,0.0822831392288208,3888.957575407679,590.1817001402765,0
P4T,242530.0,29.072,0.0908557474613189,3934.4986512004616,640.3314360373619,0
P4T,241330.0,29.092,0.1000557020306587,4010.173396900899,703.9566173813903,0
P4T,240530.0,29.126,0.1088244542479515,4025.930221098028,750.7266941698989,0
P4T,239730.0,29.163,0.1182936429977417,4059.658362933318,806.6567501419458,0
P4T,239130.0,29.162,0.1267039626836776,4058.737243367176,857.4780216312882,0
P4T,238530.0,29.155,0.1361906230449676,4084.0693074607007,907.5017752704574,0
P4T,238530.0,29.188,0.1449368894100189,4082.368658903256,952.0089609607032,0
P4T,237730.0,29.263,0.1549632847309112,4122.152370287554,1006.9677748491316,0
P4T,237730.0,29.251,0.1645705103874206,4101.643964725715,1037.764895361505,0
P4T,237330.0,29.326,0.1744979619979858,4153.280605944732,1105.605852585444,0
P4T,237330.0,29.388,0.1843426078557968,4116.830247162971,1115.5125467498892,0
P4T,237330.0,29.408,0.1943867355585098,4121.72378753095,1166.120838357219,0
P4T,237330.0,29.452,0.2045502513647079,4109.58223497529,1208.2036842454302,0
P4T,237330.0,29.514,0.2147029191255569,4074.866395041505,1235.5884276829368,0
P4T,237330.0,29.597,0.2255483865737915,4036.15223164638,1270.439305017634,0
P4T,237330.0,29.705,0.2350209355354309,3977.7213665144095,1294.2300946990993,0
P4T,237330.0,29.791,0.2439734786748886,3939.4881074449377,1324.388861559737,0
P4T,237330.0,30.08,0.2529591917991638,3879.0653145181823,1337.62769469479,0
P4T,237330.0,29.85,0.2604198157787323,3801.873254983343,1346.9528556902717,0
P4T,237330.0,29.941,0.2681770324707031,3724.66353890353,1340.6788217551357,0
P4T,237330.0,30.184,0.275520920753479,3679.08564210824,1345.5297789024903,0
P4T,292550.0,29.067,0.0095563968643546,3201.484477444168,184.1200827782349,0
P4T,289350.0,29.06,0.0185825806111097,3453.1210569280624,273.83749146196345,0
P4T,285350.0,29.064,0.0276104379445314,3606.626609132592,342.6121092456406,0
P4T,282550.0,29.06,0.0363180935382843,3697.0094453503634,394.8846639190583,0
P4T,280150.0,29.07,0.0442327633500099,3690.191112914576,440.30574131871646,0
P4T,278350.0,29.076,0.052851065993309,3749.0119810317374,490.415554726681,0
P4T,276750.0,29.07,0.0612964034080505,3806.582774991136,539.2455091773655,0
P4T,275350.0,29.07,0.069220170378685,3844.518220973292,585.8141467480347,0
P4T,274150.0,29.092,0.0771613344550132,3880.310884591893,634.7183228408659,0
P4T,273150.0,29.1,0.0853037908673286,3908.450564610562,688.2604856834727,0
P4T,272150.0,29.121,0.0935929864645004,3945.770890678792,740.0080921472321,0
P4T,271150.0,29.123,0.1021550446748733,3995.526646833749,790.084972484397,0
P4T,270550.0,29.154,0.1105719432234764,4007.273067427445,849.980446534778,0
P4T,269950.0,29.136,0.1191586107015609,4035.2299130578112,902.7344268334602,0
P4T,269550.0,29.158,0.1279492229223251,4040.81258403701,949.6090138236576,0
P4T,269150.0,29.186,0.1368467211723327,4058.763584387442,998.1880454806824,0
P4T,269150.0,29.216,0.1456238180398941,4052.768589296175,1041.515105419314,0
P4T,268550.0,29.273,0.1553940922021865,4074.62542618622,1098.6294613258603,0
P4T,268550.0,29.298,0.1647455096244812,4081.439900807467,1131.5375934430303,0
P4T,268550.0,29.32,0.1737807393074035,4068.3514470216455,1167.4133882877093,0
P4T,268550.0,29.36,0.1834178417921066,4064.095876377964,1215.2828394247144,0
P4T,268550.0,29.361,0.1937742829322815,4040.947659235128,1242.7745503034491,0
P4T,268550.0,29.438,0.2030360996723175,4007.0381588460455,1281.5826149414677,0
P4T,268550.0,29.547,0.2137237638235092,3961.926336444037,1309.312046861975,0
P4T,268550.0,29.517,0.2230120748281479,3907.464155513616,1331.2348155944128,0
P4T,268550.0,29.548,0.2322572469711303,3872.8473788485294,1363.5155754865348,0
P4T,268550.0,29.568,0.240712821483612,3802.0713505097815,1377.8039354120451,0
P4T,268550.0,29.683,0.2485643327236175,3738.6339983643416,1391.7981524306986,0
P4T,268550.0,29.766,0.2553917467594147,3668.100148000353,1392.9954627812076,0
P4T,313310.0,29.195,0.0095814764499664,3265.1592790626846,214.64619323610148,0
P4T,310910.0,29.163,0.0179094206541776,3481.863334953849,303.17245935390275,0
P4T,306910.0,29.167,0.0265214014798402,3604.22996145556,368.0220100413292,0
P4T,304310.0,29.167,0.0346067361533641,3689.30307456961,415.9164382885351,0
P4T,301910.0,29.165,0.042489655315876,3695.861365956744,465.561029707915,0
P4T,300110.0,29.165,0.0504203289747238,3748.16648125936,515.3548540084556,0
P4T,298510.0,29.157,0.0584496110677719,3796.145584735831,564.6390818939492,0
P4T,297310.0,29.196,0.0658945962786674,3830.759336234723,615.3627943586283,0
P4T,296110.0,29.19,0.0734983906149864,3862.2086583080577,664.3417724653876,0
P4T,294910.0,29.186,0.0815659910440445,3903.670867510328,722.6253518198073,0
P4T,294310.0,29.203,0.0891808718442916,3932.907057333919,769.6899455350941,0
P4T,293310.0,29.251,0.0972885638475418,3953.123870098185,816.5854096872332,0
P4T,292510.0,29.263,0.1055584922432899,3983.487994287191,874.858850101239,0
P4T,292510.0,29.259,0.1133480221033096,4004.163671579164,923.6397893955448,0
P4T,291710.0,29.3,0.1220206469297409,4017.792601118843,973.7368451349452,0
P4T,291710.0,29.337,0.1303647309541702,4038.458410540975,1023.969445071434,0
P4T,291310.0,29.416,0.1392684876918792,4038.499987951537,1065.8762947485957,0
P4T,291310.0,29.43,0.1480591595172882,4019.6261960622296,1089.749502971707,0
P4T,291310.0,29.462,0.1569756418466568,4033.260277797362,1138.4493358276422,0
P4T,291310.0,29.524,0.1661436110734939,4024.038314016138,1180.6808807067073,0
P4T,291310.0,29.618,0.1756760776042938,4019.6881591464967,1224.4154169167157,0
P4T,291310.0,29.641,0.1852788180112838,3989.130272021521,1256.6625636858023,0
P4T,291310.0,29.577,0.1946315765380859,3952.231885808637,1288.4071221558245,0
P4T,291310.0,29.589,0.2057012021541595,3921.462380844719,1323.1623170805672,0
P4T,291310.0,29.639,0.2153971195220947,3869.373457801858,1346.5287141322508,0
P4T,291310.0,29.788,0.2245217561721801,3838.704406750992,1379.393045055261,0
P4T,291310.0,29.839,0.2328285127878189,3762.352336324304,1402.5088689393672,0
P4T,291310.0,29.932,0.2398280352354049,3691.222530162644,1416.1799559426302,0
P4T,291310.0,30.012,0.2472405731678009,3641.4873553971206,1420.1822242624817,0
P4T,344200.0,29.346,0.0095387930050492,3290.7169944050443,257.2857429745123,0
P4T,343000.0,29.353,0.0169655345380306,3527.1309033075063,351.23849210005096,0
P4T,339400.0,29.303,0.0246280021965503,3625.7625017900814,418.9686516590601,0
P4T,336800.0,29.27,0.0321990922093391,3694.7370480347768,467.8385655326271,0
P4T,334400.0,29.256,0.0395561307668685,3708.863869820501,519.9963385110852,0
P4T,332400.0,29.264,0.0473690517246723,3760.308464714437,564.503380490502,0
P4T,331000.0,29.267,0.0546120889484882,3782.960955009157,612.2729991426512,0
P4T,329800.0,29.268,0.0619902983307838,3816.1027224760014,667.1099791780925,0
P4T,328400.0,29.279,0.0697293728590011,3847.453533764292,729.1965283974463,0
P4T,327600.0,29.306,0.0774414017796516,3894.59549901726,784.535463699686,0
P4T,326800.0,29.569,0.0852035209536552,3905.325663067095,833.2687291630468,0
P4T,326200.0,29.327,0.093253381550312,3914.772372525853,894.2743260877041,0
P4T,325400.0,29.363,0.1015571802854538,3961.575094503173,952.8042065355904,0
P4T,325400.0,29.389,0.1097448095679283,3972.318993005065,999.3982657461004,0
P4T,324800.0,29.468,0.1186493411660194,3990.51556236124,1052.6374311936636,0
P4T,324800.0,29.471,0.1273196190595626,3984.877814895806,1102.546320685732,0
P4T,324800.0,29.554,0.13642218708992,3982.7342892606775,1129.0852745886566,0
P4T,324800.0,29.586,0.1458654105663299,3962.092320585197,1175.0389451475305,0
P4T,324800.0,29.673,0.1553968340158462,3962.719224276105,1228.2498934444002,0
P4T,324800.0,29.747,0.1655882000923156,3943.786671592539,1265.9784867156322,0
P4T,324800.0,29.817,0.1757872998714447,3913.394092889285,1304.804328974161,0
P4T,324800.0,29.979,0.1860885471105575,3876.306053269824,1337.75094381263,0
P4T,324800.0,30.1,0.197716400027275,3854.709254083418,1387.3466920224148,0
P4T,324800.0,30.328,0.2077085226774215,3804.554656746649,1421.21688619615,0
P4T,324800.0,31.22,0.2173841595649719,3724.204011567044,1427.4590110623212,0
P4T,324800.0,30.892,0.2262949645519256,3676.7120556251816,1448.4829665820694,0
P4T,377350.0,29.147,0.009526889771223,3304.378283201229,289.4417783705587,0
P4T,376550.0,29.168,0.0163437016308307,3504.046187382728,385.79946222806007,0
P4T,372750.0,29.147,0.0234015099704265,3604.044370492418,455.37684717241393,0
P4T,370150.0,29.139,0.0304640959948301,3697.815068031541,510.77967310371054,0
P4T,367550.0,29.16,0.0375090315937995,3701.178417869649,567.7860825140552,0
P4T,365550.0,29.162,0.0448628924787044,3754.1911317620966,621.3091110122693,0
P4T,364350.0,29.175,0.0519363842904567,3781.379517489372,667.1926374584517,0
P4T,362550.0,29.191,0.0594652704894542,3804.1340857733576,730.4552801058815,0
P4T,361550.0,29.209,0.0670042559504509,3833.134326666021,782.3504451290885,0
P4T,360750.0,29.241,0.0746179297566413,3864.829649863913,839.7291590230908,0
P4T,360150.0,29.241,0.0824483484029769,3893.6649788625705,900.7301066824195,0
P4T,359750.0,29.302,0.0907470434904098,3886.982503106264,958.6555007743872,0
P4T,359750.0,29.302,0.0988997146487236,3929.295026740311,1026.4451679053084,0
P4T,359550.0,29.336,0.1075052320957183,3934.66231952884,1076.9862548465862,0
P4T,359550.0,29.373,0.1160880178213119,3939.597600591148,1120.483209229787,0
P4T,359550.0,29.486,0.1257053166627884,3952.569017961898,1183.6270706202235,0
P4T,359550.0,29.74,0.1353713274002075,3935.041628905428,1229.454041367457,0
P4T,359550.0,29.79,0.1457030177116394,3923.3095673497546,1283.9498496402705,0
P4T,359550.0,29.544,0.1558141261339187,3864.4624151605753,1312.7825153352169,0
P4T,359550.0,29.581,0.1669961810111999,3836.349620692232,1351.02920372315,0
P4T,359550.0,29.618,0.1783279031515121,3810.110950708378,1397.9585910406977,0
P4T,359550.0,29.718,0.1910132020711898,3754.373726163398,1430.994503107975,0
P4T,359550.0,29.881,0.2016148120164871,3673.1935300341497,1445.292639768804,0
P4T,359550.0,30.067,0.2124802321195602,3616.247658978324,1479.02837191914,0
P4T,447510.0,29.375,0.00957144331187,3469.008759887549,425.9646087770719,0
P4T,446110.0,29.346,0.0152010470628738,3548.4023170863084,513.7821287657226,0
P4T,443110.0,29.309,0.0209329649806022,3626.9785589577314,575.4096080140738,0
P4T,440710.0,29.294,0.026757176965475,3676.505498223379,628.1062220736994,0
P4T,438510.0,29.276,0.0326950289309024,3696.03163686514,688.5691601762461,0
P4T,436710.0,29.264,0.0389593876898288,3750.402467018975,743.6497229232917,0
P4T,435110.0,29.233,0.0452659204602241,3772.043600921812,807.2572566273592,0
P4T,434110.0,29.277,0.0515398271381855,3789.345017604489,858.037478442762,0
P4T,433310.0,29.297,0.0582663416862487,3811.868424395859,910.3376453625494,0
P4T,433310.0,29.303,0.064728133380413,3827.4553417144207,965.7712440221514,0
P4T,432710.0,29.344,0.0715199336409568,3817.523973751236,1020.5570619087976,0
P4T,432710.0,29.356,0.0790983662009239,3825.075338706504,1078.2561471363813,0
P4T,432710.0,29.403,0.087064690887928,3851.8158839630128,1128.2062165195769,0
P4T,432710.0,29.455,0.0940796211361885,3815.3906759624897,1160.6609471626164,0
P4T,432710.0,29.535,0.1025253534317016,3845.19109135204,1232.235901373304,0
P4T,432710.0,29.784,0.1109566912055015,3830.5711791973326,1281.17908062601,0
P4T,432710.0,29.637,0.1199184507131576,3811.204027213737,1327.7254581731163,0
P4T,432710.0,29.682,0.1289053708314895,3798.0755689447697,1389.272983847158,0
P4T,432710.0,29.725,0.1382978111505508,3739.5427719364807,1419.4753479816636,0
P4T,432710.0,29.888,0.1485554426908493,3702.605211312496,1454.9001223620648,0
P4T,432710.0,29.967,0.1592792868614196,3658.8391261471343,1484.743706001958,0
P4T,432710.0,30.145,0.1707945764064788,3615.7614145858383,1524.8501943373626,0
P4T,432710.0,30.463,0.1818605214357376,3562.732438659348,1547.172287455006,0
P4T,432710.0,30.718,0.1914993822574615,3467.2263076737254,1549.949459073945,0
P4T,432710.0,30.924,0.2000298947095871,3381.1066188195514,1567.751873616587,0
P4T,538560.0,29.542,0.0097193690016865,3448.554143490373,591.5219054342003,0
P4T,536160.0,29.544,0.0141736343502998,3568.9633184027384,664.8932237142276,0
P4T,533360.0,29.497,0.0187828671187162,3651.9588587591415,739.6789133340816,0
P4T,531360.0,29.467,0.0232981611043214,3631.2657993135217,796.847276366431,0
P4T,529760.0,29.484,0.0285967830568552,3673.7839003105614,850.8612804893256,0
P4T,528160.0,29.468,0.0341880992054939,3720.2934825814896,921.27343619491,0
P4T,526960.0,29.472,0.0395330600440502,3716.423140156863,974.6067788851576,0
P4T,526960.0,29.46,0.0453650429844856,3753.374929899451,1027.9550055238783,0
P4T,526960.0,29.484,0.0518385842442512,3784.230129800541,1086.8360422590818,0
P4T,526960.0,29.506,0.0582152307033538,3787.041315188508,1149.4427388338763,0
P4T,526960.0,29.506,0.0655460283160209,3778.663229810912,1211.9481911120586,0
P4T,526960.0,29.542,0.0725803673267364,3766.301318141688,1257.3643099059277,0
P4T,526960.0,29.608,0.0799584686756134,3736.906299007652,1319.171314867179,0
P4T,526960.0,29.609,0.08826145529747,3737.283691986697,1382.3288293926337,0
P4T,526960.0,29.694,0.0966775342822074,3706.822808745896,1440.0665977042097,0
P4T,526960.0,29.776,0.1059306040406227,3675.258161107042,1490.541107809846,0
P4T,526960.0,29.925,0.1155629083514213,3626.892700420651,1539.0797497154265,0
P4T,526960.0,29.97,0.1261567026376724,3593.2340281576303,1592.5374481592885,0
P4T,526960.0,30.115,0.1371113508939743,3537.327527735661,1621.872638463004,0
P4T,526960.0,30.301,0.1495522409677505,3470.2907727722886,1650.900978374228,0
P4T,526960.0,30.392,0.1607537269592285,3397.348106940266,1663.00198996796,0
P4T,526960.0,30.448,0.1707312911748886,3337.60458208265,1671.166775113716,0
P4T,526960.0,31.468,0.1794715374708175,3268.453582381021,1656.0194943832016,0
P4T,531360.0,31.492,0.1823798716068267,3119.0986120601983,1616.260163874069,0
P4T,79990.0,48.997,0.0103015275672078,3349.6828495087284,77.73089880165857,0
P4T,77590.0,49.009,0.0251480434089899,3565.521028564325,141.70222805005488,0
P4T,76190.0,48.991,0.0391064509749412,3722.3030807625214,188.78250974764416,0
P4T,74990.0,49.004,0.0544868633151054,3890.163052846055,230.2864467684319,0
P4T,74190.0,48.981,0.0682988166809082,3984.733743756213,268.5245603977272,0
P4T,73390.0,49.006,0.0832901746034622,4081.489817883845,307.6454323566604,0
P4T,72790.0,48.986,0.0965926647186279,4144.85615359965,348.10613066365653,0
P4T,72190.0,48.999,0.110463336110115,4249.302727530528,394.0876543889702,0
P4T,71790.0,48.996,0.1222902461886406,4279.25863033073,428.7598855926931,0
P4T,71190.0,49.004,0.1356620490550995,4338.508909782115,476.8525731604491,0
P4T,70990.0,49.024,0.1466670334339141,4385.338015077135,508.068152432274,0
P4T,70590.0,49.045,0.1588925719261169,4443.822399711492,558.2664515624047,0
P4T,69990.0,49.058,0.1725559085607528,4468.979732608489,605.0290516180413,0
P4T,69790.0,49.058,0.1816916465759277,4454.689007812819,646.3297438787584,0
P4T,69590.0,49.084,0.1929210275411605,4467.852532788818,681.5313644970571,0
P4T,69390.0,49.102,0.204562097787857,4505.189784996872,726.4519808458147,0
P4T,69190.0,49.127,0.2164041548967361,4492.5823086955625,759.6016008545969,0
P4T,68990.0,49.195,0.2293297201395034,4501.579170971679,797.3899352523201,0
P4T,68790.0,49.278,0.2426024824380874,4476.642988718583,826.9277277437918,0
P4T,68790.0,49.28,0.254509299993515,4421.211146337138,843.6575092657423,0
P4T,68790.0,49.371,0.2670044600963592,4342.145620377539,862.4826578224574,0
P4T,68790.0,49.411,0.2820010781288147,4239.583833821604,859.8148463796475,0
P4T,68790.0,49.499,0.3050261437892914,4108.561658724247,834.5177417685585,0
P4T,98720.0,49.035,0.0096521489322185,3347.7066605814257,76.236557409892,0
P4T,96120.0,49.061,0.0230033304542303,3517.29713288863,136.62057857985303,0
P4T,94120.0,49.053,0.0376068763434886,3695.3671206690974,187.36587158523884,0
P4T,92720.0,49.053,0.0523734129965305,3865.3003145100815,229.36127624409144,0
P4T,91720.0,49.05,0.0657407939434051,3961.200930438162,268.7939113643901,0
P4T,90720.0,49.071,0.0798344761133194,4053.139017191151,312.55036230237977,0
P4T,89920.0,49.05,0.0928117558360099,4127.937368288338,357.16024597699663,0
P4T,89320.0,49.076,0.1047941520810127,4186.924158337196,397.3148675733056,0
P4T,88120.0,49.097,0.1200475692749023,4259.627453117077,449.911750763796,0
P4T,88120.0,49.107,0.1289290934801101,4312.119750051229,485.4963140766852,0
P4T,87720.0,49.114,0.1381816118955612,4300.97759813173,529.2827035350657,0
P4T,87120.0,49.114,0.1504841893911361,4336.401622990456,574.5047376092798,0
P4T,86720.0,49.157,0.162378653883934,4396.507137988135,626.1095729679556,0
P4T,86320.0,49.155,0.1737688183784485,4420.792758975206,669.7718129345659,0
P4T,86120.0,49.16,0.1847256571054458,4457.51862064575,712.3082880277744,0
P4T,85720.0,49.16,0.1969309747219085,4492.319082675034,758.228561142682,0
P4T,85520.0,49.19,0.2077137678861618,4474.673948411128,794.3500915854677,0
P4T,85320.0,49.237,0.2198927998542785,4488.56897602812,835.2561792502773,0
P4T,85120.0,49.285,0.2321625798940658,4471.502420964729,873.6351430227267,0
P4T,85120.0,49.305,0.2423206120729446,4425.259500024494,898.3248284991466,0
P4T,85120.0,49.413,0.254552811384201,4378.651381141689,915.1444290470522,0
P4T,85120.0,49.441,0.2673687040805816,4309.108148764799,929.3833219641438,0
P4T,85120.0,49.476,0.2819705605506897,4201.130463307589,924.5385619294888,0
P4T,85120.0,49.493,0.3063194453716278,4034.3017467818495,881.0334572869939,0
P4T,142110.0,48.991,0.009621974080801,3238.26896751713,85.2065855743966,0
P4T,138510.0,49.01,0.0222420319914817,3485.0336770099366,152.89154215072247,0
P4T,135510.0,48.998,0.0366265214979648,3733.2810856612905,211.45441661350432,0
P4T,133710.0,49.008,0.0491252616047859,3833.0182379948224,256.2210521569278,0
P4T,132310.0,48.968,0.0612611658871173,3927.412514329512,301.1003789326709,0
P4T,130910.0,49.014,0.0737752169370651,3998.1864788657504,348.5774535769797,0
P4T,129910.0,49.031,0.0854695662856102,4083.306529160663,394.9813903343269,0
P4T,129110.0,49.022,0.0947105810046196,4072.889905477001,435.0308796725292,0
P4T,128310.0,49.025,0.105692021548748,4141.712289962797,481.050751107247,0
P4T,127710.0,49.06,0.1158492714166641,4187.562235772487,527.2575931993262,0
P4T,126910.0,49.063,0.1267515867948532,4240.814187065643,579.0346141279691,0
P4T,126310.0,49.077,0.1372663080692291,4270.420852113043,623.7908288438103,0
P4T,125910.0,49.1,0.1478787958621978,4310.84792143947,670.0609626084868,0
P4T,125310.0,49.113,0.1580899804830551,4332.484949735525,724.4849564888169,0
P4T,124910.0,49.115,0.1686064749956131,4365.983856399925,771.0675796667156,0
P4T,124510.0,49.168,0.1796707808971405,4401.685829573466,825.8176322070524,0
P4T,124110.0,49.164,0.1909509152173996,4409.814182828009,869.3321201470346,0
P4T,123910.0,49.188,0.2017195075750351,4432.464462310146,915.992942756684,0
P4T,123910.0,49.236,0.2119443118572235,4423.912824554565,959.1829723806278,0
P4T,123910.0,49.294,0.2222316116094589,4417.065847688243,991.436216243407,0
P4T,123510.0,49.392,0.2344658076763153,4390.48439610939,1024.30648663703,0
P4T,123510.0,49.409,0.2452565282583236,4353.541154237497,1057.03176798958,0
P4T,123510.0,49.465,0.2566975355148315,4270.113186964896,1059.4096152258007,0
P4T,123510.0,49.491,0.2696767747402191,4207.511947315898,1080.1853619462836,0
P4T,123510.0,49.599,0.2823002636432647,4099.775106600388,1068.2689383473594,0
P4T,123510.0,49.609,0.2970698177814483,3959.85512325035,1035.2308445702686,0
P4T,176960.0,49.095,0.009536238387227,3291.251594588532,106.67165846151512,0
P4T,173360.0,49.077,0.0212603081017732,3512.6873308039817,178.26069798924158,0
P4T,170360.0,49.083,0.0343007557094097,3710.777108037073,234.8032046925616,0
P4T,168160.0,49.076,0.0465360842645168,3832.285225797842,285.61959614133247,0
P4T,166560.0,49.049,0.0579455904662609,3905.20647259443,332.0025801461352,0
P4T,165160.0,49.068,0.0694598853588104,3964.526401820046,375.9958974684848,0
P4T,163960.0,49.091,0.0794527009129524,3982.6535873033854,426.8697260268344,0
P4T,162960.0,49.091,0.0899754166603088,4046.439508105196,477.85527515365504,0
P4T,162160.0,49.101,0.1001361981034278,4124.2788804253405,530.3950431689751,0
P4T,161160.0,49.117,0.1107841730117797,4153.37286970371,581.3205678077233,0
P4T,160560.0,49.142,0.1209647357463836,4194.721349254308,631.1461893950053,0
P4T,159760.0,49.147,0.1321056485176086,4229.881886617371,689.6607332679589,0
P4T,159160.0,49.183,0.1428928822278976,4261.740296968949,748.8461449444508,0
P4T,158560.0,49.234,0.1541781574487686,4303.029664671998,803.682830704866,0
P4T,158160.0,49.248,0.1648032069206237,4310.438082758658,851.0317974100764,0
P4T,157760.0,49.288,0.1763616651296615,4343.44784871046,908.5040386824749,0
P4T,157760.0,49.298,0.186712771654129,4327.211464740943,952.9412102039222,0
P4T,157360.0,49.369,0.1983178108930587,4343.309110879774,1008.255824425981,0
P4T,157360.0,49.384,0.2095600068569183,4316.588272497924,1046.4166374001502,0
P4T,157360.0,49.45,0.2227114737033844,4345.106840388673,1094.8401732411603,0
P4T,157360.0,49.578,0.2328225374221801,4271.570943870532,1125.437699431426,0
P4T,157360.0,49.609,0.2447533905506134,4203.076760829517,1144.8195991169796,0
P4T,157360.0,49.702,0.2567288875579834,4134.742221452911,1158.895135351611,0
P4T,157360.0,49.795,0.2691937386989593,4056.271493721127,1166.4738798961976,0
P4T,157360.0,49.923,0.2819836139678955,3954.164165873828,1154.2417314958925,0
P4T,209910.0,49.158,0.0096455626189708,3386.660688506816,119.0449829934912,0
P4T,206310.0,49.135,0.0205816384404897,3591.4250588323125,197.00477832205016,0
P4T,203110.0,49.134,0.0321389436721801,3720.651082814012,263.9041388316927,0
P4T,200710.0,49.109,0.0428367555141449,3827.827417030986,318.1787945841607,0
P4T,198910.0,49.143,0.0536560341715812,3878.50728535294,366.5928504638423,0
P4T,197510.0,49.133,0.0634318217635154,3906.900665719381,410.5658701660386,0
P4T,196110.0,49.157,0.0737310200929641,3964.969098760332,460.6445803200133,0
P4T,195110.0,49.161,0.083243615925312,4008.286164273613,510.5451500822278,0
P4T,194110.0,49.173,0.0928658843040466,4054.97946416908,568.024362097554,0
P4T,193110.0,49.201,0.1023886948823928,4099.95454858453,621.6898538568848,0
P4T,192310.0,49.217,0.1123539358377456,4139.284420736085,672.0900691769301,0
P4T,191510.0,49.229,0.1230456158518791,4179.985994412871,737.2044926116724,0
P4T,190910.0,49.255,0.1330966800451278,4209.7986949762,785.7203433058997,0
P4T,190510.0,49.257,0.1430498361587524,4240.643251066967,842.442776617309,0
P4T,190110.0,49.309,0.1533756256103515,4258.8207045018335,896.7933191720422,0
P4T,189710.0,49.325,0.163663849234581,4259.80671154778,944.5554340803944,0
P4T,189710.0,49.355,0.1754853278398513,4276.567178041428,989.5690849992018,0
P4T,189310.0,49.41,0.1855621039867401,4275.0526071472905,1047.5491522757638,0
P4T,189310.0,49.478,0.1963036507368087,4256.654833865059,1096.1230540716404,0
P4T,189310.0,49.516,0.2076079249382019,4239.05294143179,1134.0033873677633,0
P4T,189310.0,49.576,0.2181219160556793,4199.104627981373,1162.3297994550012,0
P4T,189310.0,49.656,0.2301907241344452,4190.761481707463,1204.7962313187911,0
P4T,189310.0,49.688,0.2424671202898025,4134.546091072699,1236.5790712082758,0
P4T,189310.0,49.721,0.2532321214675903,4048.664791801831,1244.4140680111698,0
P4T,189310.0,49.749,0.2635069787502289,3948.188530987176,1243.0576347956091,0
P4T,189310.0,49.862,0.2731417119503021,3858.918461781591,1247.497896388789,0
P4T,189310.0,50.506,0.2824384868144989,3727.807121784628,1215.621865489952,0
P4T,257050.0,49.222,0.0096598044037818,3368.8384342753966,175.30371630837732,0
P4T,252850.0,49.182,0.0200266242027282,3620.5279900874057,260.02447774734134,0
P4T,249650.0,49.182,0.0300359912216663,3738.8409470389424,323.6147578417809,0
P4T,247250.0,49.174,0.0398850739002227,3827.717849111521,379.88806441466585,0
P4T,245250.0,49.179,0.0493877865374088,3838.3846476879753,427.3553243791158,0
P4T,243650.0,49.182,0.0590594075620174,3894.0985406738346,477.761319032301,0
P4T,242250.0,49.217,0.0688114762306213,3955.767402817684,534.1133581271579,0
P4T,241050.0,49.228,0.0781974643468856,3987.996392428687,588.4490746580659,0
P4T,240250.0,49.253,0.08720613270998,4012.02596262168,651.2045100157088,0
P4T,239250.0,49.292,0.097477301955223,4061.2848882286216,722.0132478592668,0
P4T,238250.0,49.348,0.1085003018379211,4116.654736320707,791.6744388275835,0
P4T,237850.0,49.35,0.1185492873191833,4139.226093329881,853.1415252024984,0
P4T,237050.0,49.438,0.1294300556182861,4153.344161297118,918.1493616244016,0
P4T,237050.0,49.312,0.1399233937263488,4113.286144730241,955.7070626678932,0
P4T,236450.0,49.569,0.15191151201725,4181.014824067278,1036.7341263496965,0
P4T,236450.0,49.488,0.1639480888843536,4174.420786961251,1094.111051323616,0
P4T,236450.0,49.536,0.1760020852088928,4160.802399336815,1145.3197794475525,0
P4T,236450.0,49.589,0.1888171434402465,4129.561637066304,1194.733302077044,0
P4T,236450.0,49.684,0.2020554691553115,4133.76199955436,1239.1631442717578,0
P4T,236450.0,49.843,0.2150728851556778,4071.732573731191,1270.7274718108529,0
P4T,236450.0,50.086,0.2277728021144867,4007.563254996574,1319.5611391471955,0
P4T,236450.0,50.282,0.2396943271160125,3917.1941471199066,1335.2023525386949,0
P4T,236450.0,50.385,0.2506505250930786,3832.7957709095895,1368.642450729368,0
P4T,236450.0,50.677,0.2604222297668457,3720.947940618341,1366.0431054336375,0
P4T,236450.0,51.052,0.2690669298171997,3628.248666036616,1358.621526540264,0
P4T,236450.0,51.692,0.2772628962993622,3541.842831677114,1337.8109860474076,0
P4T,284850.0,49.468,0.0095719108358025,3434.340335281217,213.81554497394325,0
P4T,282850.0,49.392,0.0184011552482843,3636.769911006365,301.53232477888935,0
P4T,279650.0,49.313,0.0276009924709796,3732.945324012264,364.9707970931085,0
P4T,277250.0,49.311,0.0367884673178195,3829.5157836287153,424.4940460989876,0
P4T,277250.0,49.269,0.0443438664078712,3860.4388787807,466.63136647046537,0
P4T,273850.0,49.271,0.0544567480683326,3876.371397647141,519.1227872583545,0
P4T,272450.0,49.265,0.0636823922395706,3935.1610899125335,574.8517129616322,0
P4T,271250.0,49.268,0.0726082026958465,3975.980415610296,633.1942334192123,0
P4T,270250.0,49.296,0.081555962562561,4012.384237436017,707.1147951004723,0
P4T,269450.0,49.333,0.0909474939107894,4041.0095325632647,766.7670154462495,0
P4T,268850.0,49.373,0.1010168641805648,4107.301883255756,841.0044013491589,0
P4T,268050.0,49.426,0.1111324578523635,4109.7004023447735,899.7587484663626,0
P4T,267850.0,49.431,0.1206073984503746,4108.625050325937,963.03723080548,0
P4T,267650.0,49.517,0.1312670707702636,4128.277848332262,1026.4031554702558,0
P4T,267650.0,49.552,0.1420263797044754,4102.372217183827,1072.4317630196397,0
P4T,267650.0,49.642,0.1530841439962387,4099.977529386077,1120.8984936258237,0
P4T,267650.0,49.755,0.1655037403106689,4092.189454011686,1165.3395690326113,0
P4T,267650.0,49.879,0.1781473904848098,4084.892378325213,1223.115350257319,0
P4T,267650.0,50.057,0.1909083575010299,4076.072630809725,1287.9408704461227,0
P4T,267650.0,50.251,0.2032589316368103,3999.0466126481183,1321.0999855631765,0
P4T,267650.0,50.307,0.2165296524763107,3934.890100394214,1357.0641487905978,0
P4T,267650.0,50.657,0.2286257743835449,3853.3699601998233,1387.046724453544,0
P4T,267650.0,50.963,0.2391746938228607,3762.141642531602,1411.3988382151538,0
P4T,267650.0,51.192,0.2481724619865417,3662.1006379393466,1419.808527760287,0
P4T,267650.0,51.524,0.2560779154300689,3576.1219426509133,1409.3182501053554,0
P4T,267650.0,51.84,0.2625874578952789,3493.873513941506,1402.9566453008506,0
P4T,308150.0,49.324,0.0102761276066303,3442.0252217114507,261.0187505179878,0
P4T,303550.0,49.291,0.0207085981965065,3673.4713402068505,347.6116437686049,0
P4T,300350.0,49.301,0.0303811524063348,3783.658066002719,420.8885609063802,0
P4T,297950.0,49.311,0.0400392487645149,3864.856689283752,482.84476381585984,0
P4T,295950.0,49.306,0.049458410590887,3868.2283014167374,540.9027574023784,0
P4T,294350.0,49.326,0.0591018721461296,3918.99509692852,603.10907702579,0
P4T,292750.0,49.338,0.0688081681728363,3936.099650533958,662.5408920177007,0
P4T,291950.0,49.378,0.0785355567932128,3993.1487498079214,739.3767130979983,0
P4T,291150.0,49.413,0.088582158088684,4015.9557040690406,806.1855250022337,0
P4T,290350.0,49.481,0.0996905341744422,4087.8309371591695,890.92322919512,0
P4T,290350.0,49.408,0.1096394434571266,4072.214440527468,956.59192528,0
P4T,289750.0,49.536,0.121242381632328,4098.261592057532,1025.7102277715069,0
P4T,289750.0,49.602,0.1324228346347808,4086.597174133447,1086.6488436388574,0
P4T,289750.0,49.617,0.1449618935585022,4082.700615923879,1132.1168889215965,0
P4T,289750.0,49.715,0.1576813906431198,4078.149604939631,1198.3347820694582,0
P4T,289750.0,49.805,0.1710929274559021,4051.757363979591,1254.3656933018822,0
P4T,289750.0,49.893,0.1852381229400634,4010.123965410736,1300.536526357724,0
P4T,289750.0,50.064,0.2000418901443481,3953.347445923738,1354.0394889618815,0
P4T,289750.0,50.273,0.2137987613677978,3881.1575902765208,1389.4228682274218,0
P4T,289750.0,50.507,0.2269151657819748,3803.597317858493,1429.045816983858,0
P4T,289750.0,50.689,0.2377407997846603,3682.535905271697,1436.1569530576014,0
P4T,289750.0,50.895,0.246906504034996,3572.469577418589,1438.948719224003,0
P4T,337590.0,49.243,0.0095083387568593,3407.1722703891687,270.53649680612614,0
P4T,336990.0,49.238,0.0181983895599842,3665.8624766778985,377.2315037719056,0
P4T,333390.0,49.201,0.0270930752158164,3774.3321005719968,455.6257718881927,0
P4T,330590.0,49.208,0.0356027223169803,3781.925735778848,513.6484624017302,0
P4T,330590.0,49.223,0.0438268035650253,3859.2220198793966,585.16051419082,0
P4T,326990.0,49.212,0.0538650527596473,3893.015591354704,643.6674483609844,0
P4T,325390.0,49.199,0.0630154088139534,3912.9608482499375,705.4081612932297,0
P4T,324590.0,49.208,0.0722739323973655,3954.7644280838153,779.6793248864313,0
P4T,323990.0,49.207,0.0818605944514274,4001.31241653128,849.9005628432564,0
P4T,323190.0,49.212,0.0923365652561187,4024.4640665900856,922.961036096108,0
P4T,323190.0,49.201,0.1017125770449638,4003.215710986839,985.5866744389976,0
P4T,323190.0,49.238,0.1129486188292503,4065.486758376445,1064.274142553212,0
P4T,323190.0,49.264,0.1243239864706993,4079.2185922973895,1134.3727923935708,0
P4T,323190.0,49.277,0.1348491758108139,3994.2066828468223,1163.2669442615372,0
P4T,323190.0,49.285,0.1478641331195831,4005.15889910439,1228.3519186507322,0
P4T,323190.0,49.343,0.160835862159729,4007.283186227694,1300.061161891656,0
P4T,323190.0,49.384,0.1745758056640625,3954.9718498666457,1348.630969340796,0
P4T,323190.0,49.442,0.1890815198421478,3876.836001725368,1383.8028285905284,0
P4T,323190.0,49.49,0.2029043734073639,3823.367840050766,1431.038019496419,0
P4T,323190.0,49.545,0.215841069817543,3721.9540576186055,1452.3289422912746,0
P4T,323190.0,49.618,0.2268470525741577,3606.173097620057,1455.0152183365788,0
P4T,323190.0,49.728,0.2353055924177169,3499.5460636590533,1478.727805739148,0
P4T,374510.0,49.141,0.0095548806712031,3435.470930709856,325.4340326610919,0
P4T,369710.0,49.14,0.0179673042148351,3675.930813349604,440.5315212467026,0
P4T,366110.0,49.117,0.0260070245712995,3767.474474183355,508.8940064240111,0
P4T,363510.0,49.12,0.033625528216362,3782.5102404773816,574.6057609590049,0
P4T,361110.0,49.132,0.042357187718153,3855.9899044102967,639.5794789064092,0
P4T,359710.0,49.115,0.0505960993468761,3884.6258176175,700.8658696949054,0
P4T,358510.0,49.122,0.0590456761419773,3916.1672774333406,780.1549764554477,0
P4T,357710.0,49.13,0.0677261874079704,3945.439870005089,846.2121185031532,0
P4T,357310.0,49.148,0.0766763016581535,3979.913542827069,916.260913703146,0
P4T,357310.0,49.14,0.0856744349002838,3947.773771497082,974.5989471827614,0
P4T,357310.0,49.16,0.0949454978108406,3972.493415826372,1051.9933944997374,0
P4T,357310.0,49.155,0.1051670834422111,3986.737677700598,1122.8709594433333,0
P4T,357310.0,49.198,0.1154310926795005,3967.518091076086,1166.5737505736302,0
P4T,357310.0,49.198,0.1272327899932861,3991.033798987217,1244.8515737879131,0
P4T,357310.0,49.221,0.1391832828521728,3973.6868980544778,1307.9835298645648,0
P4T,357310.0,49.271,0.1516011357307434,3903.6789505048832,1338.34737819432,0
P4T,357310.0,49.324,0.164505586028099,3860.504382414737,1395.9952045259145,0
P4T,357310.0,49.374,0.1791644543409347,3811.955676320909,1447.454992629119,0
P4T,357310.0,49.454,0.1925265789031982,3720.0315057217385,1466.6052253881371,0
P4T,357310.0,49.484,0.2052369266748428,3647.739674327549,1502.9947751142684,0
P4T,357310.0,49.565,0.2162001579999923,3535.6453910350115,1514.076214942436,0
P4T,442650.0,49.144,0.0098700523376464,3627.122480145404,488.8457879773728,0
P4T,438850.0,49.143,0.0164734292775392,3706.655526907237,572.4731726589507,0
P4T,436050.0,49.12,0.0230523291975259,3785.0879769153657,649.0681008834553,0
P4T,433450.0,49.117,0.029786879196763,3788.979865483486,717.8160645012772,0
P4T,431850.0,49.114,0.0369719974696636,3845.609666623943,778.8715717610114,0
P4T,430050.0,49.117,0.044501394033432,3879.697270138115,853.8524730922123,0
P4T,429250.0,49.112,0.0520440600812435,3897.736056800378,919.8696460344156,0
P4T,429250.0,49.119,0.0604876466095447,3950.351816928761,981.3319961693064,0
P4T,429250.0,49.122,0.0685204342007637,3940.812952314493,1052.3249692065046,0
P4T,429250.0,49.142,0.0769260451197624,3901.7667816672415,1124.4463024598876,0
P4T,429250.0,49.157,0.0867561548948288,3938.3558093326224,1201.783650986118,0
P4T,429250.0,49.169,0.0963290929794311,3920.1072740133286,1250.7017910330053,0
P4T,429250.0,49.197,0.1066651344299316,3895.3071691942055,1321.389534930967,0
P4T,429250.0,49.187,0.1176585927605629,3867.6286186473794,1385.2891180891215,0
P4T,429250.0,49.245,0.1295988261699676,3789.179360505107,1410.245326490179,0
P4T,429250.0,49.308,0.1423651427030563,3775.9129891105417,1483.8406436094997,0
P4T,429250.0,49.355,0.1559558361768722,3705.39340993361,1531.503015523144,0
P4T,429250.0,49.403,0.1707643419504165,3629.7615965066393,1560.8114560267884,0
P4T,429250.0,49.481,0.1838900744915008,3522.380062231466,1571.9904320498586,0
P4T,429250.0,49.627,0.1950693428516388,3387.8323471842746,1573.213844389385,0
P4T,460650.0,50.448,0.1870326101779937,2950.3777590462787,1552.2915742403593,0
P4T,473850.0,50.773,0.1904502063989639,2847.200239175289,1545.801978253381,0
P4T,491250.0,51.392,0.2011702060699463,2847.3241528666285,1503.8054297296826,0
P4T,529240.0,49.489,0.0100095244124531,3653.989546372042,719.5465182587617,0
P4T,526240.0,49.461,0.0150366304442286,3711.8905720214007,779.0324803562801,0
P4T,523440.0,49.456,0.0204483866691589,3784.041943496415,854.512492135532,0
P4T,521840.0,49.431,0.0259494148194789,3776.022251513272,918.4452786553246,0
P4T,519240.0,49.401,0.0322636216878891,3840.9971665021294,1006.2680536906907,0
P4T,518440.0,49.424,0.0387174896895885,3850.582544245162,1061.296574815401,0
P4T,518440.0,49.424,0.0458687171339988,3896.23721483122,1133.7326024581428,0
P4T,518440.0,49.408,0.0535881929099559,3896.13049901463,1198.9308185640084,0
P4T,518440.0,49.398,0.0615717284381389,3821.909014895859,1254.3985930542033,0
P4T,518440.0,49.403,0.0706534087657928,3830.381395591311,1299.394573840064,0
P4T,518440.0,49.439,0.0801252275705337,3827.351432979467,1390.286012891335,0
P4T,518440.0,49.444,0.0901513770222663,3789.939198631306,1457.2121847626156,0
P4T,518440.0,49.454,0.1013895720243454,3753.152730559647,1523.3679648453954,0
P4T,518440.0,49.524,0.1132387071847915,3681.1217477950872,1578.3882756244188,0
P4T,518440.0,49.557,0.1265344023704528,3602.6404281455525,1613.6122384476612,0
P4T,518440.0,49.625,0.14160718023777,3536.296343287273,1650.3033911811187,0
P4T,518440.0,49.7,0.1554936915636062,3418.965316372293,1643.6631638719557,0
P4T,542840.0,50.328,0.1575785428285598,3074.8317496928635,1647.2540855554548,0
P4T,559840.0,50.635,0.1620685160160064,2946.462424885299,1641.4823327904116,0
P4T,574240.0,50.904,0.1677031964063644,2911.5172291575973,1627.2586106801486,0
P4T,582040.0,51.113,0.1751216053962707,2935.570102775514,1610.9358023213515,0
P4T,81290.0,69.352,0.0096222208812832,3518.302690881056,47.94459869892409,0
P4T,78690.0,69.357,0.0239692255854606,3467.2117259250404,97.58775971643767,0
P4T,76890.0,69.341,0.0398497879505157,3662.009332139807,142.46042965729038,0
P4T,75490.0,69.348,0.0563750527799129,3843.046515559277,183.4429386366944,0
P4T,74490.0,69.349,0.0715666115283966,3961.93544040764,225.15786727341984,0
P4T,73490.0,69.354,0.0871030613780021,4075.6295753790782,273.07565794353803,0
P4T,72890.0,69.347,0.0999905541539192,4181.90187965281,318.81805663825514,0
P4T,72290.0,69.362,0.1125278025865554,4226.640912412743,362.5877155652354,0
P4T,71690.0,69.362,0.1249923184514045,4313.149683760776,415.0002444256271,0
P4T,71290.0,69.347,0.136064663529396,4353.878306590065,458.8663474158426,0
P4T,70890.0,69.376,0.1477608680725097,4419.054924445836,503.05161720483295,0
P4T,70290.0,69.384,0.1607049405574798,4460.144156693024,555.8448601789555,0
P4T,68490.0,69.413,0.1795658469200134,4478.007026011305,641.2652957107221,0
P4T,68490.0,69.42,0.1892849206924438,4480.117719508923,674.8638846987614,0
P4T,68490.0,69.438,0.1993829607963562,4515.842934679284,719.0850944601473,0
P4T,68490.0,69.448,0.2096448540687561,4521.071773371396,753.0645895480928,0
P4T,68490.0,69.45,0.2204063236713409,4499.714548565639,780.5574778181524,0
P4T,68490.0,69.47,0.2319670915603637,4490.576725058093,813.6251370469504,0
P4T,68490.0,69.488,0.2445298582315445,4449.122947156238,832.333241465092,0
P4T,68490.0,69.52,0.2580466568470001,4394.488750308649,848.9248657003839,0
P4T,68490.0,69.54,0.2724911272525787,4261.1358107282695,850.2023290458741,0
P4T,68490.0,69.596,0.2939627766609192,4005.466201299536,802.4289735085136,0
P4T,69690.0,69.717,0.3476684987545013,3128.158440736742,489.5385291901332,0
P4T,97120.0,69.391,0.0103768138214945,3402.097930639869,67.65747914354328,0
P4T,94920.0,69.388,0.0244700759649276,3602.245153353213,121.3965558046801,0
P4T,93120.0,69.398,0.0402440540492534,3763.621835816333,168.28775516212775,0
P4T,91920.0,69.396,0.0555518381297588,3941.009468411004,212.3329297285044,0
P4T,90920.0,69.398,0.0701254904270172,4035.127956215915,255.372876293801,0
P4T,90120.0,69.393,0.0839061513543129,4109.701437549202,300.45041738656295,0
P4T,89320.0,69.409,0.0974719896912574,4171.0898808095735,348.1956181383952,0
P4T,88720.0,69.409,0.1097786948084831,4266.808056540435,401.5654912316172,0
P4T,87920.0,69.391,0.123347021639347,4321.384429360151,449.4006882289282,0
P4T,87520.0,69.42,0.1343442946672439,4358.301671722241,497.0799471672313,0
P4T,87520.0,69.433,0.1418462842702865,6384.718401689469,976.7629369379324,0
P4T,86720.0,69.442,0.1562857031822204,4403.27653010457,601.7468714296626,0
P4T,86320.0,69.455,0.168111115694046,4456.300062242639,656.7819706534009,0
P4T,85720.0,69.463,0.1814331412315368,4477.351492360183,708.8254646505598,0
P4T,85720.0,69.488,0.191872552037239,4490.577853244384,753.433565191186,0
P4T,85320.0,69.512,0.2050834745168686,4504.620648213931,799.4673908461255,0
P4T,85320.0,69.532,0.2165295183658599,4477.467361426388,834.4663015148844,0
P4T,85120.0,69.566,0.2294413596391677,4479.813490592087,886.3420673907023,0
P4T,85120.0,69.576,0.2420479208230972,4394.069717541071,903.1583322797592,0
P4T,85120.0,69.601,0.2567206919193268,4329.926436164781,919.601170871986,0
P4T,85120.0,69.645,0.2732295393943786,4201.035966708805,917.4467349486716,0
P4T,85120.0,69.716,0.300592303276062,3919.37903141562,844.1496965212505,0
P4T,138510.0,69.425,0.0103072077035903,3453.92628878725,94.22143079102148,0
P4T,135510.0,69.413,0.0244570896029472,3637.33238444849,153.45680950267305,0
P4T,133510.0,69.4,0.0383902452886104,3830.556071491725,202.1338220185724,0
P4T,131910.0,69.422,0.05198909714818,3945.481215248733,250.21487090049217,0
P4T,130510.0,69.422,0.0654711201786995,4017.654107215387,298.1489147078285,0
P4T,129510.0,69.421,0.0781534761190414,4093.8453197571766,346.0589103675965,0
P4T,128710.0,69.405,0.0895214676856994,4150.784165141705,397.7180161894248,0
P4T,127910.0,69.417,0.0998075604438781,4166.993307996308,444.639892705838,0
P4T,127110.0,69.425,0.1113728061318397,4229.74904611833,499.6887846913445,0
P4T,126510.0,69.427,0.1222386360168457,4274.958136092868,552.4168103667182,0
P4T,125910.0,69.479,0.1334174871444702,4325.529646019754,608.5675646819661,0
P4T,125510.0,69.5,0.1439315378665924,4335.453196476164,659.867928010512,0
P4T,125110.0,69.519,0.1547906398773193,4373.647487649874,712.4750723598833,0
P4T,124510.0,69.559,0.165983647108078,4394.442752818518,771.7174324986426,0
P4T,124110.0,69.571,0.177957534790039,4420.486154915989,829.985480533386,0
P4T,123910.0,69.588,0.1890673190355301,4440.898703858842,884.0704000705241,0
P4T,123910.0,69.622,0.2003963589668274,4428.151303470623,924.5632443457202,0
P4T,123510.0,69.645,0.2127783298492431,4443.160292724839,978.5296770594484,0
P4T,123510.0,69.691,0.2246779501438141,4405.652521753359,1012.4210693685468,0
P4T,123510.0,69.752,0.2372828423976898,4369.186811537239,1048.7610072654772,0
P4T,123510.0,69.801,0.2497450858354568,4291.396621557204,1073.7781565084144,0
P4T,123510.0,69.867,0.2644529342651367,4192.682880600193,1069.8409224815034,0
P4T,123510.0,69.954,0.282294899225235,4014.966351928221,1038.512015074442,0
P4T,123510.0,70.085,0.3083942830562591,3732.0820429812734,932.4993481042997,0
P4T,174160.0,69.452,0.0095943482592701,3417.59305242701,100.25886683133456,0
P4T,170960.0,69.433,0.0219590011984109,3595.786569364725,167.06632703845267,0
P4T,168160.0,69.44,0.0361333489418029,3828.617120899141,226.76965783073203,0
P4T,166360.0,69.424,0.0487038530409336,3923.614052894996,276.0557809013095,0
P4T,164760.0,69.433,0.0610766746103763,3988.4516357838097,327.1974563213822,0
P4T,163560.0,69.428,0.07182427495718,3997.480457167064,377.2880029181212,0
P4T,162560.0,69.447,0.0830462574958801,4068.774943686001,432.3162990513704,0
P4T,161560.0,69.44,0.0941701531410217,4122.637696734633,488.6586820465452,0
P4T,160760.0,69.477,0.105064257979393,4185.719334685697,545.154048763495,0
P4T,160160.0,69.463,0.1152818277478218,4210.694474268794,600.2806557014177,0
P4T,159360.0,69.5,0.1260865777730941,4243.189836153017,662.4893923157072,0
P4T,158760.0,69.529,0.137950524687767,4275.615441823966,720.6512986229109,0
P4T,158360.0,69.547,0.1489777117967605,4296.054885933491,786.3667684032432,0
P4T,157960.0,69.575,0.1608905345201492,4341.924162105845,848.3465380030678,0
P4T,157560.0,69.62,0.1726567894220352,4370.433394299082,910.205447104909,0
P4T,157560.0,69.615,0.1840851753950119,4340.775953372899,954.6681419685968,0
P4T,157160.0,69.745,0.1963082253932953,4343.564183416242,1016.962671042374,0
P4T,157160.0,69.797,0.2081550508737564,4317.022555221075,1062.1684946642993,0
P4T,157160.0,69.86,0.2212249040603637,4309.225145726366,1114.4762457332426,0
P4T,157160.0,69.878,0.2344805598258972,4247.882387516557,1142.9034781033229,0
P4T,157160.0,69.952,0.2482734769582748,4191.704258349027,1180.0722316332722,0
P4T,157160.0,70.055,0.2636610269546509,4068.984479364444,1161.7691579157056,0
P4T,157160.0,70.145,0.2789449691772461,3897.609384095083,1127.6078482665102,0
P4T,157160.0,70.325,0.2981010377407074,3680.544669813702,1057.5994779692364,0
P4T,206730.0,69.513,0.0102219833061099,3394.461005160858,118.39582153213652,0
P4T,202730.0,69.501,0.022609231993556,3710.105230955842,205.0574057614215,0
P4T,200130.0,69.492,0.0341637469828128,3805.9703768773857,262.82474800128495,0
P4T,198130.0,69.477,0.0459533482789993,3906.61424644888,317.3246243854071,0
P4T,196330.0,69.488,0.0579010248184204,3996.103289225302,372.9099912350976,0
P4T,195130.0,69.496,0.0673897638916969,3976.5175694515706,420.9037005546371,0
P4T,194130.0,69.505,0.0778824612498283,4042.6231483979705,477.2864263453576,0
P4T,193330.0,69.535,0.0881710276007652,4092.206507659822,532.743927696325,0
P4T,192330.0,69.567,0.098421111702919,4130.896358286444,594.0783372843623,0
P4T,191730.0,69.587,0.1081915348768234,4172.649547962365,651.7884377686427,0
P4T,190930.0,69.594,0.1193041279911995,4207.624926710251,720.2766439290428,0
P4T,190130.0,69.627,0.13115194439888,4237.977624557388,785.958197240313,0
P4T,190130.0,69.642,0.1415922939777374,4261.255858201447,844.0700142980099,0
P4T,189530.0,69.711,0.1533841341733932,4288.208991598424,913.533776624855,0
P4T,189530.0,69.738,0.1640284359455108,4238.366135375768,954.3061092518554,0
P4T,189130.0,69.786,0.1766473799943924,4287.741680648004,1030.8164912490377,0
P4T,189130.0,69.841,0.1885078996419906,4262.173371115492,1077.426765603165,0
P4T,189130.0,69.915,0.2010245472192764,4263.34468786908,1139.6473066848416,0
P4T,189130.0,69.993,0.2133854031562805,4199.143111427586,1159.9813207363848,0
P4T,189130.0,70.05,0.2271814048290252,4175.046873284755,1208.865412133459,0
P4T,189130.0,70.18,0.2415085732936859,4107.722480631466,1249.6547889276708,0
P4T,189130.0,70.269,0.2543491423130035,3998.297160931979,1258.1635568600857,0
P4T,189130.0,70.46,0.2672911584377289,3853.662988946127,1245.9519925947093,0
P4T,189130.0,70.671,0.2800515592098236,3662.416529371038,1196.0520860979252,0
P4T,253190.0,69.52,0.0102920345962047,3510.184704611592,181.46923709032217,0
P4T,248790.0,69.503,0.0220147613435983,3740.694911144678,271.66345159399776,0
P4T,245790.0,69.495,0.033138919621706,3866.013659071312,339.273107956032,0
P4T,243790.0,69.505,0.0437788590788841,3946.531444888217,394.066484973354,0
P4T,242190.0,69.516,0.0538088008761405,3946.22945123618,445.7141861345239,0
P4T,240790.0,69.525,0.0641364380717277,3998.186626008351,505.36318240616725,0
P4T,239590.0,69.537,0.0741814821958541,4036.184686796497,568.7951345844463,0
P4T,238790.0,69.566,0.0836035385727882,4052.974369205577,631.7030265044782,0
P4T,238190.0,69.591,0.0935525000095367,4101.469498130149,697.2984125001844,0
P4T,237390.0,69.613,0.10430658608675,4149.980464218248,769.7326403699271,0
P4T,237390.0,69.646,0.1145660504698753,4175.264749151619,834.6379300520786,0
P4T,236590.0,69.671,0.1260855048894882,4188.055858646992,901.3376262271828,0
P4T,236590.0,69.737,0.1364239305257797,4170.168496024337,963.688594355511,0
P4T,236590.0,69.767,0.1478527188301086,4153.916213070014,1015.4671492493648,0
P4T,236390.0,69.848,0.1600917130708694,4190.059676183046,1091.5079130831837,0
P4T,236390.0,69.92,0.1726571917533874,4165.709722759125,1147.4204351055962,0
P4T,236390.0,70.045,0.1857299953699112,4149.703768081565,1185.786855288146,0
P4T,236390.0,70.163,0.1990091204643249,4131.540355314893,1251.2138290948535,0
P4T,236390.0,70.276,0.2121747732162475,4068.7414579009455,1291.9111379124072,0
P4T,236390.0,70.467,0.2255120575428009,3981.8551648710495,1335.0547865564172,0
P4T,236390.0,70.74,0.2375674545764923,3865.872487736956,1356.5898444945074,0
P4T,236390.0,70.966,0.2487184852361679,3734.6410242657134,1372.065963619896,0
P4T,236390.0,71.104,0.2588445842266083,3614.391400098038,1366.0755583096277,0
P4T,240590.0,71.966,0.2603211104869842,3424.048505904648,1362.4840760589586,0
P4T,245790.0,72.605,0.2593427896499634,3248.2062549721645,1364.0319813641534,0
P4T,249790.0,73.04,0.261827677488327,3145.6620613917976,1358.9688377441191,0
P4T,253790.0,73.186,0.264656126499176,3111.874593440019,1379.652354094074,0
P4T,256390.0,73.474,0.2676778137683868,3090.4237335822168,1417.335670372563,0
P4T,258990.0,73.563,0.2720772325992584,3136.5825336919715,1473.7524805435137,0
P4T,277630.0,70.079,0.0101654194295406,3642.024750875255,299.86765215343183,0
P4T,274430.0,70.024,0.020391559228301,3850.780271964266,375.3683450465823,0
P4T,272430.0,70.041,0.0306121483445167,3964.4045762782303,427.7637041635307,0
P4T,271030.0,70.014,0.0406346470117569,4026.632829479962,472.0750027234561,0
P4T,269830.0,69.972,0.0502998940646648,4011.885309622625,524.800022987943,0
P4T,268630.0,69.95,0.0604748390614986,4047.368496788501,582.3966249054672,0
P4T,268230.0,69.926,0.0697775334119796,4061.2474404205113,637.3290261862489,0
P4T,267830.0,69.919,0.0789464190602302,4073.64894393976,699.0334588983708,0
P4T,267230.0,69.914,0.0889910757541656,4112.480220108918,779.1216172678622,0
P4T,266830.0,69.936,0.0989603921771049,4111.618205313527,831.8344860195609,0
P4T,266830.0,69.936,0.1094159409403801,4149.42376618957,914.0942489763258,0
P4T,266830.0,69.911,0.1196553856134414,4129.49890906815,969.6682169998124,0
P4T,266830.0,69.927,0.1307323426008224,4163.303836699241,1047.3339671008134,0
P4T,266830.0,69.934,0.142319843173027,4149.902073556423,1107.6426205882103,0
P4T,266830.0,69.946,0.1544713973999023,4131.691442716079,1150.7723457386787,0
P4T,266830.0,69.971,0.1676839888095855,4130.648459129294,1216.2647708276295,0
P4T,266830.0,70.007,0.18106609582901,4071.3289480362646,1255.3828904636064,0
P4T,266830.0,70.047,0.1950222551822662,4025.785495393788,1299.6284010265283,0
P4T,266830.0,70.086,0.2087183594703674,3970.50712376898,1367.427517980256,0
P4T,266830.0,70.155,0.2218694388866424,3864.374319152125,1390.288451060128,0
P4T,266830.0,70.221,0.2338444888591766,3768.4884713492825,1435.9078652014198,0
P4T,266830.0,70.283,0.2436050623655319,3628.7200667977945,1441.2856528853963,0
P4T,299850.0,69.741,0.0095487441867589,3540.0630508447125,254.86409082868613,0
P4T,299250.0,69.744,0.0193202681839466,3786.5328311871726,357.8048710488443,0
P4T,296450.0,69.715,0.0294237192720174,3883.503722696074,430.8353103090735,0
P4T,294250.0,69.707,0.0395566001534462,3962.991944887872,487.3438806455399,0
P4T,292650.0,69.7,0.0492557995021343,3969.875758647077,547.6775179947635,0
P4T,291450.0,69.675,0.0593065284192562,4015.961372780018,611.1542365147108,0
P4T,290250.0,69.65,0.0688349157571792,4007.57264566356,678.5216752431771,0
P4T,289650.0,69.68,0.0787846371531486,4050.296346935365,758.9222802309705,0
P4T,289650.0,69.695,0.0887325257062912,4081.7569752273744,825.0938488627344,0
P4T,289650.0,69.707,0.0999432280659675,4138.955701023829,904.2534908068516,0
P4T,289050.0,69.72,0.1098341196775436,4115.8007660621215,981.0331904196366,0
P4T,289050.0,69.73,0.1206135973334312,4092.7742184910007,1038.6972076965574,0
P4T,289050.0,69.73,0.132407084107399,4102.882884765834,1108.903187146403,0
P4T,289050.0,69.786,0.144526720046997,4063.813023495208,1152.3655516416975,0
P4T,289050.0,69.806,0.158231496810913,4077.743582795919,1220.464570761092,0
P4T,289050.0,69.845,0.1714750677347183,4046.657776363009,1277.6464447953,0
P4T,289050.0,69.939,0.1858492642641067,4011.409429570676,1341.0995562835997,0
P4T,289050.0,69.991,0.2004233449697494,3916.409664360787,1381.290497175078,0
P4T,289050.0,70.043,0.2138252407312393,3827.7425521123,1419.3549382657968,0
P4T,289050.0,70.146,0.2253399044275283,3706.187261594904,1464.719132935768,0
P4T,289050.0,70.284,0.2351968139410019,3573.63612913452,1469.8263883109607,0
P4T,334860.0,69.664,0.0102527868002653,3546.4950971006383,321.71366488811867,0
P4T,331260.0,69.667,0.019813509657979,3807.089180712168,419.6157645626415,0
P4T,328460.0,69.659,0.0288719963282346,3892.56411073105,485.5847071117712,0
P4T,326460.0,69.624,0.0374749079346656,3906.653008429289,548.9191371835524,0
P4T,324660.0,69.646,0.0469906702637672,3943.1471061090506,608.4047557165255,0
P4T,323460.0,69.639,0.0560947358608245,3974.98763727041,669.648098464629,0
P4T,322660.0,69.653,0.0652878284454345,4000.169382814314,745.9870617618109,0
P4T,322260.0,69.658,0.0746049508452415,4023.848742164189,813.3306545361268,0
P4T,322060.0,69.657,0.0842499434947967,4056.901373478444,887.6302594374878,0
P4T,322060.0,69.674,0.0952203720808029,4117.261661326323,970.6356378268368,0
P4T,322060.0,69.677,0.1055855378508567,4090.499161012564,1029.9026555752437,0
P4T,322060.0,69.705,0.1164604574441909,4080.9755081085855,1101.0044487949674,0
P4T,322060.0,69.71,0.1281154304742813,4067.550959557753,1151.7998432117504,0
P4T,322060.0,69.764,0.1404759883880615,4055.6742719317617,1234.963067966868,0
P4T,322060.0,69.798,0.1534916758537292,3982.438215625796,1263.9063182152177,0
P4T,322060.0,69.82,0.1670404374599456,3926.2031137162057,1316.4217519223191,0
P4T,322060.0,69.899,0.1817027032375335,3894.1626943701,1391.4221521581535,0
P4T,322060.0,69.983,0.1968820244073867,3818.729538354568,1435.0828962173266,0
P4T,322060.0,70.047,0.2097666710615158,3700.6050213633007,1462.6752266997494,0
P4T,366389.4,69.545,0.0103162731975317,3607.592891904973,401.52124602982434,0
P4T,363589.4,69.542,0.0187832899391651,3815.780929328421,481.83632829831686,0
P4T,360989.4,69.53,0.026887584477663,3891.643976784216,544.2095576208609,0
P4T,358789.4,69.522,0.034793272614479,3887.797268981358,604.834227993334,0
P4T,357389.4,69.545,0.0434905439615249,3950.774495036844,673.23184529458,0
P4T,357389.4,69.54,0.0516105480492115,3969.39931169082,733.3844656982668,0
P4T,355589.4,69.562,0.0606576763093471,3985.836189950051,809.2750610115654,0
P4T,355389.4,69.559,0.0696079209446907,4015.838190866727,875.9077306503262,0
P4T,355389.4,69.579,0.0785725936293602,4033.105265198183,956.0939157888612,0
P4T,355389.4,69.626,0.0894111171364784,4064.123583933602,1030.0254565105104,0
P4T,355389.4,69.638,0.0993179976940155,4055.8002710939872,1104.6155798819032,0
P4T,355389.4,69.697,0.1099150404334068,4043.420472383587,1161.6766650736365,0
P4T,355389.4,69.722,0.1212853416800499,4001.5763483171913,1219.4847249799154,0
P4T,355389.4,69.781,0.1338279247283935,3994.45691748656,1292.738118283204,0
P4T,355389.4,69.835,0.1469030529260635,3939.329993302381,1343.2883860694028,0
P4T,355389.4,69.916,0.1603587865829467,3877.9641204134623,1393.554124265814,0
P4T,355389.4,69.982,0.1749211102724075,3809.949480112291,1433.033297297125,0
P4T,355389.4,70.101,0.1895062327384948,3733.644154254775,1491.326534380246,0
P4T,355389.4,70.244,0.2015861123800277,3595.703296276008,1504.5250212827973,0
P4T,434118.6,69.945,0.0097569450736045,3768.8606346044376,611.6682233357154,0
P4T,431718.6,69.844,0.0162473861128091,3858.11202162906,675.1176389749205,0
P4T,429318.6,69.807,0.0230729188770055,3909.123999609876,729.5049220123539,0
P4T,427318.6,69.758,0.0301627647131681,3907.47634589964,790.1132815703115,0
P4T,426118.6,69.747,0.0379423163831234,3959.039246921392,850.29410969868,0
P4T,425718.6,69.725,0.0460231490433216,3987.092330784719,926.0442117452814,0
P4T,425718.6,69.745,0.0545845441520214,3953.777142524026,978.2197733854566,0
P4T,425718.6,69.756,0.0642929300665855,4043.41259426601,1076.7573683557123,0
P4T,425718.6,69.756,0.0735820606350898,3964.402612262681,1148.2387467709102,0
P4T,425718.6,69.81,0.0848351642489433,3985.2354870157087,1224.087385041778,0
P4T,425718.6,69.857,0.0960642322897911,3935.031370413297,1271.267553687509,0
P4T,425718.6,69.893,0.1082483604550361,3911.1051467551374,1358.9068715159478,0
P4T,425718.6,69.965,0.1220350861549377,3854.85079781404,1417.1528411594838,0
P4T,425718.6,70.042,0.1362747102975845,3777.9935621145833,1471.8768254702377,0
P4T,425718.6,70.15,0.1521159410476684,3687.188431116006,1510.2239412664524,0
P4T,425718.6,70.273,0.1691486537456512,3607.895574021413,1557.454194197236,0
P4T,425718.6,70.458,0.182474598288536,3433.5697464660057,1581.2106163731482,0
P4T,526396.8,69.872,0.0097491545602679,3752.724769819873,865.2983328448407,0
P4T,522396.8000000001,69.826,0.0163857955485582,3841.653321234425,945.1759217713394,0
P4T,520796.8000000001,69.813,0.023645594716072,3907.3817807007695,1017.3384266995216,0
P4T,519196.8000000001,69.794,0.031332790851593,3913.3110957557774,1094.5886918304082,0
P4T,518796.8000000001,69.789,0.0395701900124549,3927.42025171357,1159.7656454359294,0
P4T,518796.8000000001,69.789,0.048479575663805,3923.787713236125,1230.3504076547688,0
P4T,518796.8000000001,69.791,0.0590380653738975,3946.473766258197,1303.9890758127997,0
P4T,518796.8000000001,69.811,0.0685467720031738,3854.901883604826,1346.572577762427,0
P4T,518796.8000000001,69.845,0.0798426195979118,3810.5808923173854,1423.067772316615,0
P4T,518796.8000000001,69.914,0.0922215357422828,3753.837453860041,1472.7008371497018,0
P4T,518796.8000000001,69.978,0.1054553464055061,3687.145987249024,1532.228857076171,0
P4T,518796.8000000001,70.089,0.1196773871779441,3637.400875216852,1614.2455431419091,0
P4T,518796.8000000001,70.178,0.1346284300088882,3499.009354332085,1614.7140268457483,0
P4T,518796.8000000001,70.355,0.1506108045578003,3387.7578344408457,1648.052013406142,0
P4T,518796.8000000001,70.616,0.161917969584465,3199.5313942853645,1640.4399094090822,0
P4T,77850.7,90.934,0.0095929037779569,3571.518164266467,62.457120941579454,0
P4T,75850.7,90.865,0.0288448594510555,3723.516653088816,114.85512243740376,0
P4T,74850.7,90.858,0.0460339970886707,3867.6817340325415,157.8233985011549,0
P4T,73850.7,90.837,0.0652308389544487,4048.95219054283,203.6141857844156,0
P4T,73050.7,90.816,0.0824573412537574,4133.019712695406,253.6710080573992,0
P4T,72450.7,90.801,0.0975328460335731,4204.261175821429,305.2743985141209,0
P4T,71850.7,90.813,0.1121909916400909,4295.795725923069,361.4121138467036,0
P4T,71450.7,90.816,0.1243536993861198,4341.043758475503,414.4172524228448,0
P4T,71050.7,90.79,0.1365809440612793,4405.833233777334,470.8565482699774,0
P4T,70650.7,90.791,0.1491122096776962,4448.65179466704,519.3300590253641,0
P4T,70250.7,90.817,0.1617741733789444,4487.83505109994,575.2406965777826,0
P4T,69450.7,90.817,0.1743671894073486,4462.819720590466,638.0717153414298,0
P4T,69450.7,90.829,0.18452750146389,4482.357020403301,682.7025800394927,0
P4T,69450.7,90.826,0.1969589740037918,4537.306838950517,728.9940016292846,0
P4T,69450.7,90.822,0.2059832662343979,4475.661942507906,755.92806384981,0
P4T,69250.7,90.838,0.2188685983419418,4473.840337676748,797.4517382461275,0
P4T,69250.7,90.838,0.2352568656206131,4487.822926822445,818.7601370339275,0
P4T,69250.7,90.85,0.2456965297460556,4350.084540823862,836.4743790781829,0
P4T,69250.7,90.842,0.2618601322174072,4195.470714391754,830.3469285165456,0
P4T,69450.7,90.87,0.2921363413333893,3806.2591375542015,733.1573566846243,0
P4T,96362.0,90.767,0.0096744261682033,3468.3782880982885,58.43466492903432,0
P4T,93962.0,90.756,0.0281021185219287,3695.453555797105,112.97080175871376,0
P4T,92362.0,90.732,0.0465857572853565,3890.6686757066273,161.13776412084547,0
P4T,91162.0,90.741,0.0637193471193313,3998.797912237929,209.8022360803688,0
P4T,90162.0,90.741,0.0801951810717582,4122.38272166154,267.3555126995629,0
P4T,89562.0,90.759,0.0934942215681076,4174.15495160789,317.51771927655886,0
P4T,88762.0,90.733,0.1075462400913238,4253.450853979834,378.591651287541,0
P4T,88162.0,90.74,0.1204823777079582,4319.671735297729,436.9516070560809,0
P4T,87762.0,90.738,0.1317021548748016,4370.057482009966,487.5472372518443,0
P4T,87362.0,90.754,0.1415266692638397,4352.601715898829,540.3408591090597,0
P4T,86762.0,90.757,0.1546506136655807,4403.71599018287,605.476318105017,0
P4T,86562.0,90.773,0.1653570979833603,4441.207647057221,659.3172237361822,0
P4T,86162.0,90.771,0.1774725615978241,4462.422053336362,714.3257053083034,0
P4T,85962.0,90.776,0.188936248421669,4475.0982242146765,759.06135733069,0
P4T,85762.0,90.796,0.2012695968151092,4476.088071498412,803.129680506818,0
P4T,85562.0,90.793,0.2135162651538849,4463.049417717823,849.8457223283091,0
P4T,85562.0,90.811,0.2265446931123733,4406.247005140667,878.2844335296941,0
P4T,85562.0,90.823,0.2393087744712829,4336.279954922946,904.772024975772,0
P4T,85562.0,90.856,0.2554183304309845,4228.34804884026,905.701367479872,0
P4T,85562.0,90.88,0.2821535766124725,4033.1580119589103,852.3352809726277,0
P4T,137324.1,90.72,0.0096845673397183,3478.780734053929,78.0667299666903,0
P4T,134524.1,90.687,0.026472957804799,3698.406551948506,142.03151633515125,0
P4T,132524.1,90.725,0.0432158485054969,3904.9977285942905,196.5241499099351,0
P4T,130924.1,90.739,0.0591924041509628,4011.60107325314,251.7420350617701,0
P4T,129724.1,90.748,0.073695607483387,4074.6627253371626,309.2305310582955,0
P4T,128924.1,90.732,0.0866752788424491,4151.16574881292,365.47556776538846,0
P4T,128124.1,90.729,0.0976467505097389,4137.462992948298,418.6664906248533,0
P4T,127324.1,90.732,0.109830692410469,4216.425552371391,482.8151784715997,0
P4T,126724.1,90.734,0.121075302362442,4265.807157141898,544.3860141775461,0
P4T,126324.1,90.747,0.1321514993906021,4318.051731992009,605.3337030013098,0
P4T,125724.1,90.757,0.1438463628292083,4333.098105314952,663.926329105163,0
P4T,125324.1,90.773,0.1551277786493301,4370.954604448188,726.45832360404,0
P4T,124924.1,90.797,0.1660684198141098,4383.934173274695,787.082719287143,0
P4T,124724.1,90.796,0.1778003871440887,4402.751662791167,849.3447742578433,0
P4T,124324.1,90.841,0.1898269355297088,4410.00438984799,908.8785941020165,0
P4T,124324.1,90.838,0.2019696682691574,4415.228886856625,962.3592322940666,0
P4T,124324.1,90.854,0.2139895558357238,4387.7191668449,1004.0666207430676,0
P4T,124324.1,90.887,0.2268238216638565,4314.830236764172,1025.8607928137696,0
P4T,124324.1,90.913,0.2405700981616974,4265.571845821337,1056.3291365106195,0
P4T,124324.1,90.962,0.2552566230297088,4131.489688547001,1057.089718115977,0
P4T,124324.1,90.983,0.2788596749305725,3921.3482586508826,999.6033985858736,0
P4T,172079.8,90.776,0.0096543142572045,3517.9922968267924,99.1774585496948,0
P4T,168879.8,90.776,0.0256910640746355,3763.395457393254,170.88177747328322,0
P4T,166479.8,90.746,0.0410577766597271,3892.6020505283936,229.2926012679508,0
P4T,164879.8,90.746,0.0550793632864952,3969.6797412820574,286.2419340415127,0
P4T,163679.8,90.744,0.0685153007507324,4067.3470738282,347.710420506401,0
P4T,162679.8,90.733,0.0794953927397728,4061.3527717362,402.2269065263941,0
P4T,161679.8,90.794,0.0912448689341545,4118.30318379183,466.1503536121841,0
P4T,160879.8,90.894,0.1027520447969436,4187.166089621187,529.3303854307469,0
P4T,160279.8,90.921,0.1132014393806457,4211.244259458532,592.8388099405037,0
P4T,159879.8,90.93,0.1238929033279419,4249.5696030312165,651.7674495376443,0
P4T,159279.8,90.98,0.1351546943187713,4261.873658493099,718.2109160028544,0
P4T,158879.8,90.979,0.1463675498962402,4281.995825857673,786.176439273316,0
P4T,158479.8,90.839,0.1581814885139465,4322.898815754508,851.37670798443,0
P4T,158479.8,90.861,0.1691746860742569,4333.331345700748,912.6467779920577,0
P4T,158079.8,90.87,0.1812482327222824,4341.680396491891,974.0710032571762,0
P4T,158079.8,90.891,0.1929581463336944,4308.315944029805,1021.3836256479176,0
P4T,158079.8,90.905,0.204510286450386,4298.328222262023,1084.897345319519,0
P4T,158079.8,90.941,0.2171162664890289,4225.314354766623,1108.6678969525435,0
P4T,158079.8,90.973,0.229868471622467,4180.608710441403,1150.0873460653663,0
P4T,158079.8,91.032,0.2428505718708038,4073.5469099264674,1151.6708072250412,0
P4T,158079.8,91.11,0.2592382431030273,3947.118689261114,1148.9528794484345,0
P4T,158079.8,91.183,0.2775023579597473,3725.5278277200623,1082.443850620723,0
P4T,203652.1,90.808,0.009962054900825,3614.483502914197,128.72613905448162,0
P4T,200652.1,90.813,0.0242846459150314,3793.0509364491454,204.67062618510988,0
P4T,198252.1,90.804,0.037635575979948,3885.5232248207258,269.6606370301331,0
P4T,196452.1,90.782,0.0508611053228378,3994.281342185008,329.1991948237411,0
P4T,195252.1,90.787,0.0619687251746654,3974.09929088668,382.2091317281537,0
P4T,194252.1,90.811,0.073297344148159,4052.744192307961,447.0092033940194,0
P4T,193452.1,90.793,0.083895020186901,4083.882032141801,504.8027146294097,0
P4T,192652.1,90.802,0.0941648408770561,4112.941596722864,567.0229701453505,0
P4T,192052.1,90.805,0.1040530353784561,4154.582248441814,630.5966271169901,0
P4T,191452.1,90.802,0.114578977227211,4186.494766925856,693.0280511347142,0
P4T,190852.1,90.822,0.126270905137062,4231.859895086365,769.1695170644053,0
P4T,190852.1,90.845,0.1360725164413452,4238.032678025208,826.3009122018448,0
P4T,190452.1,90.878,0.1473391354084015,4258.0798172826935,888.5080283108022,0
P4T,190452.1,90.89,0.1575945913791656,4269.842367163742,956.535457685834,0
P4T,190252.1,90.923,0.1685434728860855,4262.405580870695,1010.3528730875038,0
P4T,190252.1,90.949,0.1798459440469741,4246.273778809429,1069.7451182868172,0
P4T,190252.1,90.989,0.1911151856184005,4206.167360018324,1107.372348571357,0
P4T,190252.1,91.023,0.20291069149971,4175.601737424424,1160.1075557522122,0
P4T,190252.1,91.075,0.2141072005033493,4136.437744755349,1202.9290292447904,0
P4T,190252.1,91.108,0.2270504981279373,4076.8366757929216,1234.187882706158,0
P4T,190252.1,91.169,0.2397399246692657,3966.7388282335055,1254.2018920617095,0
P4T,190252.1,91.21,0.2512162327766418,3831.389043442922,1255.521739069587,0
P4T,190252.1,91.335,0.2625448703765869,3639.749202022828,1213.3424425273267,0
P4T,249356.7,90.826,0.0095247495919466,3542.5754144564285,205.76662578141705,0
P4T,246156.7,90.844,0.0220854021608829,3848.023620875847,285.0495370384288,0
P4T,243756.7,90.835,0.0339858755469322,3936.9520940108255,346.160858930422,0
P4T,241956.7,90.834,0.0456114783883094,4015.218277035766,400.2945200609319,0
P4T,240756.7,90.846,0.0561379566788673,3988.099364439918,459.17691247569473,0
P4T,239956.7,90.855,0.0665386170148849,4024.1048049916953,522.0963387091691,0
P4T,239156.7,90.853,0.0768379494547844,4065.667764296705,593.1916352175892,0
P4T,238556.7,90.842,0.0867592990398407,4079.721277494005,660.6265448605711,0
P4T,237956.7,90.85,0.0974142476916313,4114.790044987536,742.1128736947562,0
P4T,237756.7,90.846,0.1084234789013862,4165.517735036249,815.3426200489074,0
P4T,237756.7,90.85,0.1190810650587081,4164.012733280995,880.9793617119008,0
P4T,237356.7,90.869,0.1302153319120407,4155.988832661988,950.4739855488536,0
P4T,237356.7,90.919,0.141942098736763,4159.880760610874,1022.8144095414268,0
P4T,237356.7,90.928,0.1541531085968017,4142.018474900266,1078.471516527729,0
P4T,237356.7,90.977,0.1667873114347458,4131.567635022878,1147.2060709810448,0
P4T,237356.7,91.007,0.1802609860897064,4125.49015712047,1193.3555440662878,0
P4T,237356.7,91.062,0.1935045272111892,4076.528799142607,1250.6757480239628,0
P4T,237356.7,91.09,0.2064760029315948,4002.1640234063616,1295.701595451632,0
P4T,237356.7,91.166,0.2194546908140182,3916.232282674283,1358.186216358659,0
P4T,237356.7,91.263,0.23025743663311,3777.685142345562,1377.1327272998926,0
P4T,237356.7,91.362,0.2404904067516327,3628.818569350906,1379.4230580255569,0
P4T,274192.1,91.62,0.0096403630450367,3738.867976276461,343.7731535830783,0
P4T,271792.1,91.421,0.0205252561718225,3945.755196890463,406.9395025721236,0
P4T,269792.1,91.355,0.0317374318838119,4038.9081790688247,455.74625837579936,0
P4T,268992.1,91.309,0.0424210205674171,4085.7234823923777,498.0139547587823,0
P4T,268992.1,91.287,0.0520741939544677,4036.314177972887,544.2629253043369,0
P4T,267792.1,91.261,0.0631560832262039,4095.219027094548,609.4736741841546,0
P4T,267392.1,91.261,0.0729357525706291,4085.901481932469,668.7653761010353,0
P4T,267392.1,91.216,0.0834197551012039,4149.640483099109,748.2468781639204,0
P4T,267392.1,91.069,0.0926109179854393,4110.124240846507,804.1234021640295,0
P4T,267392.1,91.109,0.1042388156056404,4162.563429716864,888.5626689073633,0
P4T,267392.1,91.145,0.1137422025203704,4120.102767435466,948.9852673672068,0
P4T,267392.1,91.274,0.1250426471233368,4132.580154300393,1033.8866176633962,0
P4T,267392.1,91.323,0.1371333450078964,4092.262990449749,1073.097461720021,0
P4T,267392.1,91.368,0.1497469842433929,4083.400931355566,1151.4268718547733,0
P4T,267392.1,91.434,0.1621427237987518,4068.253655073208,1205.9180234168582,0
P4T,267392.1,91.469,0.1761638075113296,4024.8584625362014,1257.0689625140444,0
P4T,267392.1,91.564,0.1896828860044479,3967.8323257643615,1314.3398665660077,0
P4T,267392.1,91.578,0.2028272747993469,3893.039490373598,1385.819598792236,0
P4T,267392.1,91.655,0.2147281169891357,3779.0420123622607,1432.6517539812485,0
P4T,267392.1,91.683,0.224522978067398,3635.712524304317,1467.5618949669667,0
P4T,297636.3,91.254,0.0101978592574596,3654.0487908063856,329.1399587719587,0
P4T,294836.3,91.238,0.0204629283398389,3928.512681015862,420.1142834031184,0
P4T,292836.3,91.231,0.0304749067872762,3992.79192827298,472.5368545435946,0
P4T,291236.3,91.192,0.0400862507522106,3991.372263874185,523.869687752399,0
P4T,291236.3,91.177,0.0501661673188209,4070.209750703569,583.2463367049669,0
P4T,289636.3,91.165,0.0603947080671787,4051.009132534083,642.5376818980575,0
P4T,289636.3,91.151,0.0699683129787445,3124.133344318015,624.9225739111961,0
P4T,288836.3,91.142,0.0817485898733139,4152.123772840685,790.6578135600051,0
P4T,288836.3,90.971,0.0914671868085861,4110.022186449604,853.5664689130182,0
P4T,288836.3,91.134,0.1017819792032241,4106.863315653838,941.5188678560744,0
P4T,288836.3,91.144,0.1125357374548912,4089.208239638508,1016.5169934500128,0
P4T,288836.3,91.165,0.1243801042437553,4094.2979729772815,1091.8183563516552,0
P4T,288836.3,91.198,0.1378987729549408,4093.481811397453,1158.4129922513005,0
P4T,288836.3,91.229,0.1501287519931793,4034.8400340420735,1203.4364612738125,0
P4T,288836.3,91.267,0.1648521572351455,4030.936973154945,1274.0397294325126,0
P4T,288836.3,91.321,0.1788428425788879,3976.897910440154,1337.082066570883,0
P4T,288836.3,91.406,0.1922034621238708,3865.393234434981,1382.1721800919177,0
P4T,288836.3,91.451,0.2052930891513824,3749.878444277672,1450.595072212377,0
P4T,288836.3,91.561,0.2158178240060806,3616.395232112881,1503.5790940735562,0
P4T,329352.6,91.27,0.0095184817910194,3704.482117164034,398.6003195246663,0
P4T,326552.6,91.235,0.0187337063252925,3946.645056492505,493.8592176277812,0
P4T,324552.6,91.225,0.0277157183736562,3992.287121783912,533.5895004484636,0
P4T,322952.6,91.202,0.037072766572237,4051.843443092737,587.9201723357849,0
P4T,322952.6,91.218,0.0459245778620243,4056.133597792846,649.50450007753,0
P4T,321352.6,91.186,0.0556457564234733,4037.291765230956,699.3748974762724,0
P4T,321352.6,91.181,0.0658892765641212,4132.306772309007,781.7955357143419,0
P4T,321352.6,91.158,0.075155384838581,4128.609037831604,851.9357877699589,0
P4T,321352.6,91.153,0.0837124809622764,4051.645954832044,915.7874965707636,0
P4T,321352.6,91.177,0.0945413261651992,4076.600116214417,1002.0368108645396,0
P4T,321352.6,91.181,0.106303796172142,4105.441593788316,1069.497315361251,0
P4T,321352.6,91.207,0.117551602423191,4062.032977538436,1130.20612820914,0
P4T,321352.6,91.232,0.1288370043039322,4014.2559815819855,1179.1976075829662,0
P4T,321352.6,91.275,0.1423847079277038,4012.806134651721,1259.110828082508,0
P4T,321352.6,91.304,0.1559686809778213,3953.788283899202,1306.2190422050053,0
P4T,321352.6,91.359,0.1693903058767318,3891.8284844211375,1369.0360456261249,0
P4T,321352.6,91.439,0.1819288283586502,3774.300299802568,1422.0698067318506,0
P4T,321352.6,91.529,0.1945731937885284,3656.6561337420007,1476.1163664338317,0
P4T,321752.6,91.604,0.2038716226816177,3517.315114283781,1525.63446051474,0
P4T,361079.1,91.428,0.0097765251994133,3736.411530800124,492.2844297213408,0
P4T,359879.1,91.411,0.017689635977149,3921.3571888203646,566.0310043892695,0
P4T,356679.1,91.388,0.0261632595211267,4013.094655024784,624.6330946838848,0
P4T,355479.1,91.355,0.0344535298645496,3976.294120647233,666.0468340131397,0
P4T,354279.1,91.343,0.0434559844434261,4037.536441377911,725.7386194435132,0
P4T,354279.1,91.328,0.0530970878899097,4078.459882040857,782.4949696657103,0
P4T,354279.1,91.308,0.0622411295771598,4077.644112495087,844.6845198320684,0
P4T,354279.1,91.291,0.0707271173596382,4051.2535896752415,924.5552930891014,0
P4T,354279.1,91.281,0.0804330185055732,4042.098584084983,998.6170876752676,0
P4T,354279.1,91.314,0.092064693570137,4081.048508257217,1086.440854518067,0
P4T,354279.1,91.312,0.102679967880249,4012.1277153155615,1148.244491058118,0
P4T,354279.1,91.352,0.1146960854530334,4001.603647287765,1200.5401056426606,0
P4T,354279.1,91.383,0.1273225396871566,3944.456114460559,1261.2237736616714,0
P4T,354279.1,91.402,0.1408988386392593,3931.15034209649,1346.789315438725,0
P4T,354279.1,91.456,0.1546755284070968,3844.056279664829,1389.936101196855,0
P4T,354279.1,91.489,0.1689984649419784,3773.869097791632,1456.255416748293,0
P4T,354279.1,91.56,0.1833327710628509,3640.9136717839497,1502.539810336204,0
P4T,354279.1,91.684,0.1937618553638458,3490.799898344288,1550.0669435689977,0
P4T,431142.9,91.048,0.0099982777610421,3810.420821140632,650.3921587415967,0
P4T,429142.9,91.05,0.0161791201680898,3877.892668394032,701.5797088081157,0
P4T,427542.9,91.029,0.0227202270179986,3969.87341382005,769.0294539143011,0
P4T,426342.9,91.014,0.0294851120561361,3943.143361119144,821.6030368672594,0
P4T,425142.9,91.017,0.0370942689478397,4003.921923195156,878.7239378052063,0
P4T,425142.9,91.014,0.0446118041872978,4010.6071040613774,948.7194545977476,0
P4T,425142.9,91.007,0.052518006414175,3985.668680022044,993.2040021666128,0
P4T,425142.9,91.007,0.0609640292823314,3969.0958166113287,1060.2635743944145,0
P4T,425142.9,91.03,0.0705278068780899,4017.7274144677017,1143.0948351986476,0
P4T,425142.9,91.027,0.0804216265678405,3986.991341272438,1214.2481356373216,0
P4T,425142.9,91.027,0.0902058556675911,3941.639652582696,1265.5840732075426,0
P4T,425142.9,91.055,0.1009687110781669,3875.75107148009,1314.5212152739605,0
P4T,425142.9,91.066,0.1125971227884292,3845.3142793973534,1385.5498451475396,0
P4T,425142.9,91.128,0.1244619190692901,3779.063238648032,1433.4439195180655,0
P4T,425142.9,91.196,0.1373265534639358,3685.434174326067,1480.7879816480877,0
P4T,425142.9,91.239,0.1510560065507888,3637.272973510393,1549.9358002424333,0
P4T,425142.9,91.352,0.1633621454238891,3474.137385149032,1568.0267011547523,0
P4T,522395.2,90.959,0.0095868650823831,3813.702740019932,930.5316519761312,0
P4T,520795.2,90.944,0.0141853308305144,3861.200941181839,972.428398818482,0
P4T,519195.2,90.898,0.0191772654652595,3898.359884224911,1016.6679536127302,0
P4T,517195.2,90.883,0.0246366877108812,3896.057960372756,1063.5293740972977,0
P4T,516395.2,90.921,0.0308077335357666,3929.258354999888,1114.4059448171258,0
P4T,516395.2,90.941,0.0375368446111679,3992.962784588818,1161.852884161356,0
P4T,516395.2,90.911,0.0443966165184974,3985.375958584033,1207.719939546947,0
P4T,516395.2,90.902,0.0512272454798221,3923.8409131229073,1265.0770991876311,0
P4T,516395.2,90.89,0.0600292198359966,3903.979928669807,1302.0734267216396,0
P4T,516395.2,90.928,0.0678711384534835,3828.669494286772,1328.536761112879,0
P4T,516395.2,90.947,0.0771840810775756,3824.4873789512426,1404.37141072353,0
P4T,516395.2,90.982,0.0866966396570205,3771.064824374569,1465.0592896362475,0
P4T,516395.2,91.046,0.0970459207892417,3700.314912754803,1493.7324302981888,0
P4T,516395.2,91.051,0.107881061732769,3627.278231608913,1541.37847836588,0
P4T,516395.2,91.126,0.1195050105452537,3547.371979403741,1574.5411960716,0
P4T,516395.2,91.181,0.1312301605939865,3449.399611370133,1609.3149729428396,0
8DN,76940.0,29.06,0.0151944868266582,3125.6333749415826,104.65327772512197,0
8DN,74740.0,29.048,0.0307156015187501,3300.9063477403324,157.42414803100635,0
8DN,73340.0,29.024,0.0468048192560672,3447.3932449119584,197.9838785232,0
8DN,72340.0,29.03,0.0616793781518936,3551.507271049208,235.5924473744114,0
8DN,71540.0,29.031,0.0769429579377174,3672.12638198178,270.0697222773663,0
8DN,70740.0,29.049,0.0923007726669311,3745.848135985517,311.03403296046537,0
8DN,70340.0,29.023,0.1038862317800521,3789.984246299955,344.8688686308513,0
8DN,69740.0,29.032,0.1173052042722702,3851.117636753102,383.0365592625424,0
8DN,68940.0,29.024,0.131602481007576,3905.807877741909,431.7717022889235,0
8DN,68940.0,29.028,0.1407205015420913,3960.107850805493,464.0893687457369,0
8DN,68740.0,29.037,0.1506423354148864,3993.858678393061,497.7853701728533,0
8DN,68340.0,29.032,0.1625821888446808,4030.648541630123,539.4686282355764,0
8DN,68140.0,29.031,0.1726300418376922,4050.129421522652,568.7384975749621,0
8DN,67740.0,29.046,0.1847053617238998,4074.9020145362447,604.8100456539797,0
8DN,67740.0,29.04,0.1951168179512024,4103.444678220752,641.4909953480046,0
8DN,67340.0,29.054,0.2080485373735427,4113.728686006111,673.4990366144759,0
8DN,67140.0,29.047,0.2195043563842773,4119.183921889622,707.4722397630655,0
8DN,67140.0,29.061,0.2299527823925018,4114.548623664776,732.0237838024746,0
8DN,67140.0,29.021,0.2382833063602447,4015.4764494081232,740.020425001747,0
8DN,66940.0,29.042,0.2518931031227112,4030.750667158333,778.5622541351763,0
8DN,66940.0,29.044,0.2649291455745697,3963.751524671277,778.8750014898739,0
8DN,66940.0,29.051,0.279453694820404,3892.220796759797,780.8504155828684,0
8DN,66940.0,29.051,0.2967022657394409,3763.605814818484,764.8242841157839,0
8DN,66940.0,29.053,0.3279643058776855,3445.7599634387725,680.8959726523597,0
8DN,94940.0,29.068,0.0151749551296234,3094.183587997468,105.62230922687684,0
8DN,92340.0,29.084,0.029828080907464,3269.7228547308773,159.54143698094634,0
8DN,90340.0,29.07,0.0457979664206504,3429.448612333117,207.04162538758104,0
8DN,89140.0,29.087,0.0608890764415264,3600.4153805983447,247.3250080311012,0
8DN,88140.0,29.084,0.0747051686048507,3669.29087599142,284.63293645781044,0
8DN,87340.0,29.09,0.0884241908788681,3725.75782954489,321.82322843117726,0
8DN,86740.0,29.077,0.1005820408463478,3794.274689039696,362.0808921307707,0
8DN,86140.0,29.076,0.1127765625715255,3848.3224171945135,399.38561505542,0
8DN,85540.0,29.071,0.1248070448637008,3907.8194250540273,442.4554462018778,0
8DN,85140.0,29.084,0.1352659463882446,3927.797204290151,478.9825071250584,0
8DN,84740.0,29.092,0.1457768529653549,3957.099363118856,513.2064160379571,0
8DN,84340.0,29.092,0.1564639508724212,4009.017435890695,556.6075416661008,0
8DN,84140.0,29.07,0.1667110472917556,4042.743646224071,591.9208121514199,0
8DN,83740.0,29.083,0.177966758608818,4078.651531622743,632.2570795510023,0
8DN,83540.0,29.093,0.1865411251783371,4024.6231439427934,663.9758336907895,0
8DN,83140.0,29.085,0.1978597790002823,4054.0249726458273,707.9310304475492,0
8DN,83140.0,29.116,0.2081356197595596,4071.411780311381,738.9698452507553,0
8DN,83140.0,29.098,0.2180893123149871,4067.448265598308,766.8008684426702,0
8DN,83140.0,29.093,0.2285990566015243,4057.691005479386,788.9521934177303,0
8DN,82740.0,29.084,0.241865798830986,4053.282560170187,822.001438162802,0
8DN,82740.0,29.112,0.2540750205516815,4021.795514536126,840.25279559769,0
8DN,82740.0,29.102,0.2671341598033905,3949.071188186352,847.2944174134253,0
8DN,82740.0,29.117,0.2816298902034759,3885.890100803904,852.1973847183735,0
8DN,82740.0,29.114,0.2986679077148437,3747.876186245698,828.5180671727405,0
8DN,82740.0,29.118,0.3269661664962768,3432.1682364643966,735.0821453838997,0
8DN,135470.0,29.131,0.0145881148055195,3092.294437240348,125.030271610592,0
8DN,132270.0,29.117,0.0280550774186849,3284.332078567333,185.3651723797104,0
8DN,129870.0,29.111,0.0430114232003688,3473.949039040511,234.10027377525927,0
8DN,128070.0,29.121,0.0568359792232513,3568.084943193078,277.6306591821496,0
8DN,126870.0,29.113,0.0696535557508468,3654.48858164685,318.60270174685456,0
8DN,125870.0,29.123,0.0824437588453292,3712.826767179291,361.4231636450429,0
8DN,125070.0,29.105,0.0938737988471984,3750.318286341932,400.0857683475941,0
8DN,124270.0,29.108,0.1053083911538124,3811.810061528035,441.9461039686221,0
8DN,123670.0,29.099,0.1161398515105247,3849.534175242318,483.1595971784931,0
8DN,123070.0,29.108,0.1254860609769821,3853.713777729844,529.827453791653,0
8DN,122470.0,29.089,0.1362056285142898,3879.9022215292553,571.7098742393356,0
8DN,122070.0,29.098,0.1464851349592209,3916.425563420372,616.0097648834158,0
8DN,121670.0,29.103,0.1568444669246673,3954.908856227433,659.8500681015881,0
8DN,121270.0,29.135,0.1683542430400848,3977.7569711908345,706.4838904332441,0
8DN,120870.0,29.126,0.1791552603244781,3992.994851527442,745.9512544420022,0
8DN,120670.0,29.135,0.1901343911886215,4012.8194701940847,786.5341473863986,0
8DN,120670.0,29.111,0.1999810636043548,4026.477024416961,829.788311431552,0
8DN,120070.0,29.114,0.2131135314702987,4036.742200292175,877.6214299821654,0
8DN,120070.0,29.126,0.224341794848442,3986.211381073848,891.5397494717578,0
8DN,120070.0,29.129,0.2351005673408508,3997.499268014177,941.1000391412608,0
8DN,120070.0,29.138,0.2478501051664352,3974.884510509172,968.504707904922,0
8DN,120070.0,29.146,0.2609442472457886,3908.352904892822,973.0851143350149,0
8DN,120070.0,29.139,0.2759644985198974,3851.5240091716105,981.4064053166452,0
8DN,120070.0,29.144,0.292424589395523,3745.335797504375,969.0050376969638,0
8DN,120070.0,29.176,0.3139363527297973,3551.0788768547363,917.9510113247912,0
8DN,171150.0,29.11,0.0126054557040333,3052.996004609005,128.34032322527025,0
8DN,167350.0,29.091,0.0252451859414577,3217.6527806076647,188.93548691878595,0
8DN,164150.0,29.096,0.0396814830601215,3424.104407360456,244.2586941613289,0
8DN,162150.0,29.107,0.0523148588836193,3542.256506680898,291.3465634850272,0
8DN,160550.0,29.085,0.0646188035607338,3605.611894513874,334.7888423254312,0
8DN,159350.0,29.101,0.0764581263065338,3660.031184969405,379.8071983585178,0
8DN,158350.0,29.081,0.0876590758562088,3716.967137335421,420.4522074716246,0
8DN,157550.0,29.08,0.0980844721198082,3752.063588686885,465.5003950118038,0
8DN,156750.0,29.082,0.1073088720440864,3741.6609128817577,510.1308641014702,0
8DN,156150.0,29.075,0.1176688522100448,3785.444945242619,555.5359867304359,0
8DN,155550.0,29.079,0.1278023868799209,3815.700321430256,604.5508993685522,0
8DN,154950.0,29.08,0.138290598988533,3834.197941393257,647.1734183310413,0
8DN,154350.0,29.083,0.149381011724472,3886.769351120624,695.1297516093721,0
8DN,153950.0,29.079,0.1604374051094055,3897.4440840084512,746.9416251175303,0
8DN,153550.0,29.07,0.1715079545974731,3923.319019867195,802.4946124889286,0
8DN,153150.0,29.093,0.1824249625205993,3923.065213497068,843.189204290183,0
8DN,153150.0,29.102,0.1930964738130569,3918.738736305656,880.5980529805178,0
8DN,153150.0,29.099,0.2040352970361709,3921.839333070726,923.9646855877568,0
8DN,152750.0,29.087,0.2172072380781173,3940.144749831688,969.7881672625144,0
8DN,152750.0,29.116,0.2287331521511078,3911.580167959704,1001.1103355057476,0
8DN,152750.0,29.103,0.2421136051416397,3890.949536356676,1034.142932188716,0
8DN,152750.0,29.11,0.2555971145629883,3849.881461304338,1057.7231020764798,0
8DN,152750.0,29.131,0.2683850526809692,3771.053146050928,1063.6407858514176,0
8DN,152750.0,29.127,0.283988893032074,3665.428254127602,1051.0072785603234,0
8DN,152750.0,29.143,0.3025253117084503,3525.7359646164427,1014.5449764411422,0
8DN,204440.6,29.13,0.011044873856008,3239.8848219155625,118.099188129417,0
8DN,199840.6,29.105,0.0225936211645603,3116.8445792507387,206.4706492696856,0
8DN,195640.6,29.11,0.0378612540662288,3406.515739288784,269.4338030738001,0
8DN,193240.6,29.086,0.0512786470353603,3530.9946299611174,322.7924858996189,0
8DN,191440.6,29.101,0.0636393576860427,3605.224092427351,373.3440810482665,0
8DN,190240.6,29.086,0.0755486115813255,3650.847373562028,421.4457911720971,0
8DN,189040.6,29.062,0.0859916657209396,3645.298239197208,474.1789019397278,0
8DN,188040.6,29.084,0.0970849618315696,3690.995957584294,525.5110236667691,0
8DN,187240.6,29.055,0.1081766933202743,3739.230897050429,578.4569301935194,0
8DN,186640.6,29.077,0.1191508471965789,3782.6430568338974,629.8496914249806,0
8DN,185840.6,29.083,0.129808098077774,3783.863154542424,680.1672958202321,0
8DN,185440.6,29.073,0.1410609185695648,3808.527780790432,729.3772616858395,0
8DN,184640.6,29.07,0.1541524976491928,3854.977527318739,805.6443093713406,0
8DN,184440.6,29.067,0.1657056510448455,3861.077533083113,852.3913834680388,0
8DN,184040.6,29.088,0.1784072518348693,3887.408807020233,904.8287195389028,0
8DN,184040.6,29.088,0.1903086304664611,3888.537118800272,957.8468127222712,0
8DN,184040.6,29.082,0.2033814489841461,3881.995967590059,994.5419120792036,0
8DN,184040.6,29.09,0.2161908447742462,3883.010087029951,1049.0066319966018,0
8DN,184040.6,29.099,0.2291401028633117,3832.4750905507153,1078.476344870405,0
8DN,184040.6,29.115,0.2428841739892959,3783.856178545644,1101.8251579331811,0
8DN,184040.6,29.112,0.258417010307312,3758.4275403084703,1141.0037743402718,0
8DN,184040.6,29.128,0.2731485366821289,3668.4148595718793,1133.3430739181451,0
8DN,184040.6,29.144,0.2909428775310516,3524.0178410621324,1102.4732267227064,0
8DN,251235.0,29.098,0.0105665521696209,2992.579394473245,152.1372298631136,0
8DN,246235.0,29.106,0.0225488040596246,3310.0844115828354,246.4051266533189,0
8DN,241635.0,29.09,0.0355214104056358,3433.127317058204,308.05251362432034,0
8DN,239035.0,29.084,0.0470439903438091,3519.731125177765,366.52960792515296,0
8DN,237235.0,29.093,0.0581017360091209,3590.527897205692,414.8814673221135,0
8DN,235435.0,29.107,0.0683698132634162,3581.555273694729,470.1324274916332,0
8DN,234435.0,29.103,0.07847311347723,3624.448223919352,520.5750219498588,0
8DN,233635.0,29.095,0.0885953456163406,3654.775046160074,568.8337654712706,0
8DN,232635.0,29.104,0.0988103002309799,3682.404172726971,619.1100878867566,0
8DN,232035.0,29.121,0.10842215269804,3710.1993784887,676.7318828133056,0
8DN,231235.0,29.108,0.1183787360787391,3710.631476572505,735.3686182274434,0
8DN,230835.0,29.118,0.1289274245500564,3749.7787238660576,794.6986198972792,0
8DN,230235.0,29.129,0.1410105228424072,3766.7750359886254,847.6561776711002,0
8DN,230235.0,29.121,0.1515718549489975,3764.863323703256,888.3598977026062,0
8DN,230235.0,29.127,0.1631967574357986,3811.1469117054057,953.0346476492842,0
8DN,229635.0,29.118,0.17521533370018,3810.24326129904,1003.000375487629,0
8DN,229635.0,29.124,0.1863643079996109,3780.830986863371,1041.9142009988177,0
8DN,229635.0,29.114,0.1990327686071396,3778.07128424636,1089.4713160042936,0
8DN,229635.0,29.139,0.2120446115732193,3760.2339768232778,1133.9199868820488,0
8DN,229635.0,29.164,0.2248847186565399,3722.253846814309,1146.7762641138595,0
8DN,229635.0,29.162,0.2384358793497085,3699.1913097777497,1193.854463965591,0
8DN,229635.0,29.189,0.253448873758316,3637.65103663824,1204.9656698140957,0
8DN,229635.0,29.175,0.2684268057346344,3570.6498537593206,1219.4008194686392,0
8DN,229635.0,29.179,0.2857700288295746,3420.8861413656928,1186.7093783808918,0
8DN,280475.0,29.179,0.0105731217190623,3016.7149678312294,179.61764222341898,0
8DN,275475.0,29.175,0.0225808564573526,3278.945531245633,274.3390141438233,0
8DN,270975.0,29.168,0.0352638065814971,3429.278082954213,347.198342793754,0
8DN,268225.0,29.173,0.0467653237283229,3513.4688319533334,411.8180581616276,0
8DN,266225.0,29.163,0.0577878654003143,3572.42023299238,464.208599306122,0
8DN,264975.0,29.162,0.0677641332149505,3574.852860261657,520.895722317216,0
8DN,263725.0,29.149,0.0783005580306053,3608.118560659975,574.5560275159105,0
8DN,262725.0,29.138,0.088519163429737,3631.189884271104,627.3548937896154,0
8DN,261975.0,29.138,0.0984354391694068,3644.011347027544,684.2522653775247,0
8DN,261225.0,29.147,0.1089002341032028,3671.410809371539,755.608600169238,0
8DN,260725.0,29.155,0.1194100007414817,3694.500865768505,813.4645590923445,0
8DN,260725.0,29.128,0.1312498301267624,3735.717357073504,877.6690895302798,0
8DN,259975.0,29.139,0.1428638398647308,3771.0037419428286,938.2379104435804,0
8DN,259975.0,29.135,0.1542194485664367,3752.583387835256,989.2092095759724,0
8DN,259975.0,29.135,0.1657054126262664,3729.755404196683,1029.95337233498,0
8DN,259975.0,29.156,0.1781869530677795,3732.168110064964,1082.6964962567663,0
8DN,259975.0,29.156,0.1916919946670532,3728.970817532855,1132.4672359964484,0
8DN,259975.0,29.164,0.2048646360635757,3704.781717528813,1156.3008186539475,0
8DN,259975.0,29.149,0.2194456309080124,3680.9251794772704,1197.7760146623798,0
8DN,259975.0,29.175,0.2336878478527069,3647.9018268636337,1237.9398236674583,0
8DN,259975.0,29.157,0.2482094019651413,3571.335956507208,1252.5423317989034,0
8DN,259975.0,29.161,0.2648215889930725,3481.097971677324,1268.359164039173,0
8DN,259975.0,29.191,0.2794618308544159,3348.0482870359847,1250.532488809297,0
8DN,303346.0,29.212,0.0095683941617608,3018.9006569717853,192.6256031077354,0
8DN,296846.0,29.211,0.0214220397174358,3295.2913940159983,296.5362621339895,0
8DN,292346.0,29.211,0.0334363840520381,3429.1445487813176,368.1395056843293,0
8DN,289346.0,29.214,0.044522862881422,3511.840884786144,428.7823424371223,0
8DN,287346.0,29.203,0.0544077083468437,3505.2213904258288,487.39060015473865,0
8DN,285846.0,29.202,0.0652897804975509,3563.10766121887,547.0813504980547,0
8DN,284846.0,29.186,0.0752100273966789,3599.583734037828,605.4471892730772,0
8DN,284096.0,29.184,0.0850228294730186,3619.645018790877,660.2427752793235,0
8DN,283346.0,29.177,0.094922736287117,3619.0341615739726,723.8831101483066,0
8DN,282846.0,29.176,0.1053570359945297,3651.661662229313,784.4425554887912,0
8DN,282596.0,29.168,0.1158060356974601,3656.891442476663,835.4038744536917,0
8DN,282096.0,29.177,0.1281153410673141,3692.223441166365,903.6435258194664,0
8DN,282096.0,29.191,0.1392465978860855,3702.626081863532,959.686834142316,0
8DN,281846.0,29.189,0.1509680151939392,3714.303815148993,1016.3388386608772,0
8DN,281846.0,29.179,0.1633939146995544,3693.4376618456336,1061.3421279417582,0
8DN,281846.0,29.177,0.1763327419757843,3698.527076737542,1120.8003063979556,0
8DN,281846.0,29.192,0.1893943548202514,3676.422813693953,1144.4299370682768,0
8DN,281846.0,29.191,0.2042080014944076,3660.62881644576,1183.8175172189915,0
8DN,281846.0,29.197,0.2188622951507568,3622.614145760012,1221.8796350975172,0
8DN,281846.0,29.204,0.233459323644638,3569.9017900854924,1255.3641322758835,0
8DN,281846.0,29.232,0.2486406415700912,3502.340601174651,1277.3479736736622,0
8DN,281846.0,29.23,0.2651222646236419,3380.4608104388185,1277.3585450374055,0
8DN,334248.5,29.257,0.0095630818977952,3053.650801261422,223.95885299488307,0
8DN,327998.5,29.248,0.0207223277539014,3334.547001304952,342.93209739830826,0
8DN,323748.5,29.219,0.0313143208622932,3407.188814017764,403.785679253017,0
8DN,321248.5,29.217,0.0413751900196075,3488.9481645657984,461.2039728955648,0
8DN,319248.5,29.207,0.0505670309066772,3492.794227378018,522.1174717328962,0
8DN,317748.5,29.183,0.0607967898249626,3544.905558551681,585.6585406179961,0
8DN,316748.5,29.189,0.0703817680478096,3584.7763836219547,645.4438577329795,0
8DN,315998.5,29.172,0.0796814635396003,3596.3410036413843,703.2504980652841,0
8DN,315248.5,29.173,0.0891520753502845,3594.177529577412,768.5185909837297,0
8DN,314998.5,29.169,0.0987827703356742,3603.798936899355,822.8205371129424,0
8DN,314998.5,29.176,0.1086086183786392,3623.419584835354,883.1282345706528,0
8DN,314998.5,29.151,0.1199458986520767,3633.44712883786,940.558780856886,0
8DN,314998.5,29.137,0.1301204860210418,3613.111697432294,988.3613709954428,0
8DN,314998.5,29.176,0.1419625729322433,3635.109328421073,1051.150481424091,0
8DN,314998.5,29.161,0.1540247052907943,3654.46231793195,1119.1672929534575,0
8DN,314998.5,29.185,0.1665213108062744,3640.461100846883,1146.330639172242,0
8DN,314998.5,29.177,0.1800577342510223,3607.198842848908,1182.4855788627544,0
8DN,314998.5,29.182,0.1942199766635894,3610.058859289132,1235.3406476846817,0
8DN,314998.5,29.188,0.2086534053087234,3551.421477704512,1259.991446662289,0
8DN,314998.5,29.208,0.2235715985298156,3520.616177670821,1303.577224819096,0
8DN,314998.5,29.207,0.2383012622594833,3449.3156382143334,1328.1604859876095,0
8DN,314998.5,29.232,0.2550717294216156,3356.21316613372,1341.7127442614046,0
8DN,364956.0,29.199,0.0096722329035401,3039.1958480817907,249.82522341114583,0
8DN,360706.0,29.195,0.0195065811276435,3269.677274066285,361.91555266554224,0
8DN,356206.0,29.166,0.0293017085641622,3411.3052565733133,443.2633036877729,0
8DN,353456.0,29.168,0.0387833043932914,3491.6109724483167,499.97306800604593,0
8DN,351456.0,29.171,0.0477423034608364,3479.081176349804,558.2438289899985,0
8DN,349956.0,29.152,0.0569395050406456,3520.08190961982,619.236208439363,0
8DN,348956.0,29.155,0.0660795718431472,3560.449574043336,681.6573368571765,0
8DN,348706.0,29.146,0.0746339932084083,3562.3499894265183,751.2473360510062,0
8DN,348206.0,29.132,0.0835327580571174,3567.9621491352727,812.1442562606376,0
8DN,348206.0,29.151,0.0927480459213256,3572.755379281391,863.6015227396811,0
8DN,348206.0,29.157,0.1021725684404373,3575.7313708493343,921.7501848567366,0
8DN,348206.0,29.143,0.113195352256298,3592.1709195601,987.8769810399634,0
8DN,348206.0,29.144,0.1231750175356864,3577.1811665336354,1037.8584144208542,0
8DN,348206.0,29.153,0.1340505331754684,3576.8468343707136,1090.3129815442014,0
8DN,348206.0,29.149,0.1454599052667617,3587.236092083116,1137.617033969154,0
8DN,348206.0,29.164,0.1577823907136917,3552.965865378996,1170.298755019405,0
8DN,348206.0,29.168,0.1709745526313781,3566.957870445008,1232.0932642452206,0
8DN,348206.0,29.165,0.1845228523015976,3533.931012141333,1258.6745713098169,0
8DN,348206.0,29.169,0.1980924159288406,3499.2774910043463,1297.4615061319178,0
8DN,348206.0,29.185,0.2119430601596832,3444.09372344981,1335.4525814222925,0
8DN,348206.0,29.19,0.2266747951507568,3379.4014485053285,1349.6986994870008,0
8DN,348206.0,29.216,0.2436235249042511,3304.2937333969726,1368.448483755361,0
8DN,437024.4,29.106,0.0095363520085811,3012.391205048674,325.62552803064483,0
8DN,430274.4,29.11,0.0181657318025827,3278.7673445439327,449.7493063032204,0
8DN,425774.4,29.12,0.0261956714093685,3370.29318752126,519.7076701407325,0
8DN,423024.4,29.08,0.0341092646121978,3444.653982796533,588.6115659651774,0
8DN,420774.4,29.095,0.0421135760843753,3447.0865970371024,653.4617813735691,0
8DN,419774.4,29.102,0.0502490289509296,3474.031251102276,709.0285441572736,0
8DN,418774.4,29.086,0.058522917330265,3498.3804406894524,782.0518312701097,0
8DN,418774.4,29.085,0.0663160979747772,3487.258846443457,839.9963827199698,0
8DN,418774.4,29.076,0.0748507529497146,3502.0632612225936,902.6861625469754,0
8DN,418774.4,29.092,0.0838136449456214,3506.1412496944267,962.2440644036526,0
8DN,418774.4,29.101,0.0938747972249984,3503.24039226938,1024.5112910332498,0
8DN,418774.4,29.118,0.1031573265790939,3472.6284698758773,1077.6605130456078,0
8DN,418774.4,29.095,0.11349418759346,3466.9486858055075,1119.7200286210557,0
8DN,418774.4,29.107,0.1244496554136276,3448.970859811392,1166.3868074097531,0
8DN,418774.4,29.12,0.1368149667978286,3463.3645940920765,1226.250277285328,0
8DN,418774.4,29.124,0.1491832286119461,3427.3721793426457,1260.7312913046317,0
8DN,418774.4,29.131,0.1623461097478866,3406.293189575143,1310.4220066103517,0
8DN,418774.4,29.122,0.1756992787122726,3355.37219738216,1339.4054652734385,0
8DN,418774.4,29.136,0.191150426864624,3318.7259913365733,1375.715753177234,0
8DN,418774.4,29.165,0.2063543051481247,3249.9686890061967,1393.1423036074543,0
8DN,418774.4,29.162,0.222065195441246,3151.3713562696107,1400.8673435562523,0
8DN,521627.0,29.154,0.0100536774843931,3132.535072557172,502.92970381802814,0
8DN,516127.0,29.141,0.0168551728129386,3273.703556574638,578.0624914060745,0
8DN,512627.0,29.152,0.0232321396470069,3327.9632939800604,645.1376376441699,0
8DN,510627.0,29.142,0.0298323631286621,3407.990997087816,717.4248184507029,0
8DN,508627.0,29.112,0.0364413559436798,3379.9441447880413,771.9947306697245,0
8DN,507627.0,29.126,0.0435397960245609,3437.002101966103,854.9678201180573,0
8DN,507627.0,29.122,0.0503978803753852,3440.94706169786,911.2167677242804,0
8DN,507627.0,29.126,0.0574255250394344,3428.5234392754583,961.4891106346236,0
8DN,507627.0,29.125,0.0650432184338569,3429.0566945976084,1020.812054637675,0
8DN,507627.0,29.138,0.0728410109877586,3415.904568688084,1073.879740700423,0
8DN,507627.0,29.131,0.0815701335668563,3389.669375651444,1133.2175590555723,0
8DN,507627.0,29.125,0.0899197608232498,3361.657763682808,1170.9762976098405,0
8DN,507627.0,29.122,0.0991202294826507,3340.645594402411,1215.985790076895,0
8DN,507627.0,29.123,0.1089038103818893,3320.578562544609,1264.7367626987614,0
8DN,507627.0,29.153,0.1196856647729873,3311.127778662107,1305.9437351383758,0
8DN,507627.0,29.147,0.1308811455965042,3276.962216022205,1342.034553001167,0
8DN,507627.0,29.144,0.1427308320999145,3254.8188143717416,1393.6814842186664,0
8DN,507627.0,29.159,0.1554639041423797,3210.636998142009,1424.7404280023045,0
8DN,507627.0,29.161,0.1692849546670913,3168.618616184008,1441.093917387669,0
8DN,507627.0,29.173,0.1829954087734222,3077.9845611679348,1430.900005483932,0
8DN,507627.0,29.206,0.1981361806392669,3003.163699922275,1442.63903370167,0
8DN,75593.4,48.973,0.0151393134146928,3246.0460961038098,97.96567124321604,0
8DN,73343.4,48.996,0.0314091928303241,3423.098473756626,155.3816777491777,0
8DN,71843.4,48.993,0.0488730445504188,3592.29874225532,204.2018412829083,0
8DN,71093.4,48.986,0.0632462427020073,3679.903365530136,240.7402960444466,0
8DN,70343.4,48.98,0.0790305882692337,3789.672933625726,279.2331518306856,0
8DN,69343.4,48.992,0.0965895429253578,3866.920778998336,326.8535438943674,0
8DN,69343.4,48.999,0.1061685606837272,3904.979734188577,357.0690115562561,0
8DN,68843.4,48.983,0.1194642037153244,3975.9649210999087,403.6222590275247,0
8DN,68343.4,48.987,0.1322296410799026,4012.826590417446,448.2017182706661,0
8DN,68093.4,49.004,0.143393188714981,4065.268573723502,490.9554109688175,0
8DN,67843.4,48.986,0.1542830914258957,4112.302772044851,531.6891659176783,0
8DN,67593.4,48.994,0.165267065167427,4133.723424453392,564.7220774920523,0
8DN,67343.4,48.99,0.1762851029634475,4153.081380719679,607.541982614061,0
8DN,67093.4,48.995,0.1886636316776275,4189.059849409375,656.3247039512845,0
8DN,66843.4,49.014,0.2007212042808532,4197.283060670396,693.6543498015305,0
8DN,66843.4,48.994,0.2115816324949264,4191.404207623751,723.797089049531,0
8DN,66843.4,49.013,0.2227387875318527,4173.823219342304,750.8106937357906,0
8DN,66593.4,49.018,0.2369987070560455,4152.25573831895,782.6177622730258,0
8DN,66593.4,49.012,0.2480472177267074,4065.80749710765,801.9708614884396,0
8DN,66593.4,49.012,0.2627893984317779,3991.717788775841,810.0614955940972,0
8DN,66593.4,49.032,0.2820738852024078,3824.73062238674,782.4983533876405,0
8DN,66843.4,49.044,0.3119589984416961,3469.808991003956,684.0785616606472,0
8DN,93373.6,49.006,0.0148593839257955,3233.080586599179,97.09664452212562,0
8DN,90623.6,49.019,0.0305151045322418,3401.0341956181,155.15517628581037,0
8DN,88873.6,49.009,0.0468194931745529,3540.2901322715643,201.7987323411928,0
8DN,87623.6,49.018,0.0630479678511619,3710.160513616945,246.0957237987383,0
8DN,86873.6,49.001,0.0763798207044601,3778.61180080119,287.3957447755941,0
8DN,86123.6,49.015,0.0903763025999069,3842.476075447549,330.0419855893071,0
8DN,85373.6,49.013,0.1037831753492355,3908.4623880845807,377.56076124851165,0
8DN,84873.6,48.998,0.1157353818416595,3971.677431768835,425.5646798312703,0
8DN,84623.6,49.006,0.1263670623302459,4007.916132217368,462.60837270179184,0
8DN,84123.6,49.007,0.1378997415304184,4041.533290782944,511.2843633476929,0
8DN,83873.6,48.981,0.1481232643127441,4064.5658645372528,545.9653999583155,0
8DN,83373.6,48.973,0.160386323928833,4133.6047605675485,597.9382189198894,0
8DN,83123.6,48.987,0.1710383743047714,4139.495385357473,637.3913672787587,0
8DN,82873.6,49.002,0.1827365458011627,4165.71740680084,683.6953715683699,0
8DN,82623.6,49.005,0.1916044056415558,4125.967992121135,725.0288797016008,0
8DN,82623.6,48.993,0.2018344551324844,4128.259496231283,762.7739286833629,0
8DN,82373.6,48.989,0.2146358788013458,4136.319955301112,800.1287844602441,0
8DN,82373.6,49.015,0.2264871299266815,4098.6722214642805,817.9897333974138,0
8DN,82373.6,48.974,0.2389788329601287,4086.7877426646696,851.3894876321492,0
8DN,82373.6,48.984,0.2527110278606415,4005.86588961501,855.7550919188791,0
8DN,82373.6,48.988,0.2688414454460144,3931.055740899104,869.3927175148106,0
8DN,82373.6,49.011,0.2892401218414306,3736.163773869352,826.6796368550145,0
8DN,83373.6,49.02,0.3117557466030121,3406.037568868256,734.6004134825619,0
8DN,134341.5,49.003,0.012517936527729,3128.3326981899354,102.70755237826704,0
8DN,130091.5,49.01,0.0288347881287336,3374.4972852980595,175.7952813442178,0
8DN,127591.5,48.987,0.0458545945584774,3599.694641178611,232.18830179631613,0
8DN,126091.5,48.983,0.0602798759937286,3712.000184409909,283.99119686173145,0
8DN,124841.5,48.99,0.0742425695061683,3776.652016130107,331.87989230603665,0
8DN,123841.5,49.006,0.0878616720438003,3854.1737243520056,384.1128805684976,0
8DN,123091.5,48.994,0.099806472659111,3889.6573224808,432.7988060632194,0
8DN,122591.5,48.986,0.1111484393477439,3929.469052372423,473.9212432078128,0
8DN,122091.5,48.98,0.1224406436085701,3981.1009042287615,525.9867368181646,0
8DN,121591.5,48.986,0.1315599381923675,3945.958132966429,573.6388545838199,0
8DN,121091.5,48.977,0.1428408771753311,3985.0897987098383,624.5382175072045,0
8DN,120591.5,48.975,0.1544726639986038,4044.5313812306185,681.0995501243501,0
8DN,120591.5,48.979,0.1651284247636795,4034.013559021053,721.1987838350849,0
8DN,119841.5,48.972,0.1780701428651809,4075.638333321127,778.2141989159289,0
8DN,119841.5,48.989,0.1890828311443328,4092.029120439267,824.4810662595803,0
8DN,119591.5,48.988,0.200854554772377,4091.617317912762,875.9781133834647,0
8DN,119591.5,49.003,0.2127425968647003,4082.1119945513424,914.5157304427632,0
8DN,119591.5,48.995,0.2252506911754608,4063.909134375893,952.9813250778236,0
8DN,119591.5,48.981,0.2378361672163009,4004.0867319765234,974.4827768321773,0
8DN,119591.5,49.017,0.2525871098041534,3961.516427310298,997.5760025588536,0
8DN,119591.5,49.031,0.2684706747531891,3866.47949979012,993.4103795153692,0
8DN,119591.5,49.035,0.2884212434291839,3694.6958936596448,953.2836731661898,0
8DN,119841.5,49.021,0.317345917224884,3318.915614979455,821.499286108607,0
8DN,167636.3,49.007,0.0089526576921343,3040.734173884415,98.34808782838068,0
8DN,165636.3,48.991,0.0208199154585599,3280.2173030424306,165.20916560431408,0
8DN,161636.3,48.975,0.038846343755722,3549.3863652986897,237.5106608087298,0
8DN,159386.3,48.963,0.0544702634215354,3660.679017604228,296.803395375465,0
8DN,157636.3,48.941,0.0694139152765274,3740.358277007688,357.1453784149273,0
8DN,156386.3,48.944,0.0832016542553901,3795.6142502916255,416.6677606637884,0
8DN,155636.3,48.927,0.0957473218441009,3853.137085809185,468.61595294083793,0
8DN,154886.3,48.936,0.1062140315771102,3837.097352751152,526.1814214145272,0
8DN,154136.3,48.93,0.1186026260256767,3887.985204168629,585.2611510017723,0
8DN,153636.3,48.935,0.1303088366985321,3913.9581336657534,643.6586163810415,0
8DN,153136.3,48.937,0.1423769891262054,3936.834908695085,694.5484310249029,0
8DN,152636.3,48.948,0.1552242636680603,3968.559791612368,758.6656759879489,0
8DN,152386.3,48.945,0.1674569249153137,3985.706799343525,822.4457648511745,0
8DN,152136.3,48.95,0.1795608550310135,3985.74798030464,873.6054328860336,0
8DN,152136.3,48.953,0.1917782574892044,3978.7610474733774,918.742743047202,0
8DN,152136.3,48.953,0.2046988159418106,3993.339941356961,978.1809391287348,0
8DN,152136.3,48.963,0.2188206315040588,3983.32942301958,1020.4264848615592,0
8DN,152136.3,48.994,0.2332448810338974,3935.287623122876,1055.4548417955225,0
8DN,152136.3,48.999,0.2488291561603546,3884.546552575116,1085.375747035407,0
8DN,152136.3,48.996,0.2653479278087616,3762.658555712388,1075.2606680527056,0
8DN,152136.3,49.001,0.2858873903751373,3581.1797298119404,1033.6134204101056,0
8DN,201391.2,49.021,0.0108744986355304,3265.403683946276,130.9068500071506,0
8DN,195141.2,49.014,0.0262899789959192,3359.180642831101,215.80214408471943,0
8DN,191641.2,49.011,0.0424574874341487,3576.939045055347,281.591159262831,0
8DN,189641.2,49.016,0.0560437254607677,3683.2138230530936,345.6630090455972,0
8DN,187891.2,49.008,0.0691472440958023,3743.714939262244,407.8789950150847,0
8DN,186891.2,48.993,0.0813837945461273,3792.588959836201,461.11006894894246,0
8DN,185891.2,49.006,0.0920234024524688,3779.1084531433694,517.0281952592666,0
8DN,185391.2,48.99,0.1030514314770698,3813.968543680049,574.8097102197505,0
8DN,184641.2,49.008,0.1145646125078201,3853.4413003345926,635.8451379888852,0
8DN,184141.2,49.0,0.1259752959012985,3880.530054958449,692.2512208330556,0
8DN,183641.2,49.013,0.1374020278453827,3898.043041399221,751.4555172884495,0
8DN,183141.2,49.026,0.1500207483768463,3925.224408387188,825.7462973406862,0
8DN,183141.2,49.011,0.1618908047676086,3921.277065440784,874.5911462821098,0
8DN,182641.2,49.044,0.1750161200761795,3944.4639226001136,934.1570811343332,0
8DN,182641.2,49.018,0.1880249381065368,3931.446555929991,978.9129030486456,0
8DN,182641.2,49.029,0.2013269662857055,3952.729670488259,1043.9485247547775,0
8DN,182641.2,49.029,0.2151168435811996,3917.253590775251,1083.044664987891,0
8DN,182641.2,49.057,0.2290920913219452,3867.204573320942,1122.6005531194658,0
8DN,182641.2,49.064,0.2445145100355148,3817.667920053952,1153.9487617148295,0
8DN,182641.2,49.072,0.261025607585907,3736.3009756631895,1164.9376517002338,0
8DN,182641.2,49.088,0.2791957855224609,3576.1727944001777,1118.6205600091496,0
8DN,247780.0,49.035,0.0095901107415556,3102.569438970608,142.81377638352686,0
8DN,241280.0,49.032,0.0235910676419734,3422.143498082166,243.98054885992124,0
8DN,237280.0,49.01,0.0373428277671337,3552.6303135081416,322.6484786780969,0
8DN,234780.0,49.007,0.0501605682075023,3661.445424507368,387.79020846747846,0
8DN,233030.0,49.005,0.0620691664516925,3714.592512562568,444.2419368667161,0
8DN,231780.0,49.022,0.0729267448186874,3705.626168970204,509.07155063481326,0
8DN,230780.0,49.019,0.0842706561088562,3751.303091481396,574.5169777685102,0
8DN,230030.0,49.007,0.0953135192394256,3776.1970897731503,636.3701462133881,0
8DN,229530.0,49.011,0.1058314368128776,3787.100664695504,697.695789071173,0
8DN,229030.0,48.987,0.1168988794088363,3795.795402067306,769.8784074340205,0
8DN,229030.0,49.004,0.1284735351800918,3813.9649987691982,825.9120843107821,0
8DN,228530.0,49.007,0.1417314559221267,3836.819686346221,896.583837224659,0
8DN,228280.0,49.003,0.1540369540452957,3862.6980348093048,957.8918396428352,0
8DN,228280.0,49.023,0.1670196205377578,3849.9255848102334,1010.0186800697448,0
8DN,228280.0,49.027,0.1799196600914001,3826.6144157239664,1064.7040757823113,0
8DN,228280.0,49.014,0.1941603720188141,3818.97388889949,1120.8687434281303,0
8DN,228280.0,49.032,0.2095729261636734,3789.166942618665,1165.8653447695265,0
8DN,228280.0,49.021,0.2243600785732269,3734.7405742703127,1188.098477353915,0
8DN,228280.0,49.027,0.2406463474035263,3683.790039864063,1226.2377804099908,0
8DN,228280.0,49.037,0.25899338722229,3611.550710612064,1243.3025366349532,0
8DN,276275.0,49.011,0.0095476219430565,3105.347337444113,169.974509340676,0
8DN,270775.0,48.996,0.0230335593223571,3403.245943437879,273.50858255208226,0
8DN,266025.0,48.998,0.0370321497321128,3552.62104521822,361.547736788502,0
8DN,263525.0,49.015,0.0494639202952384,3649.717362917855,426.052307006639,0
8DN,261775.0,49.012,0.0609238930046558,3655.539265443677,497.5808564003717,0
8DN,260775.0,49.025,0.0722900331020355,3697.15796757878,566.9009977451555,0
8DN,260025.0,49.017,0.0833870694041252,3719.781433106297,631.8232283262844,0
8DN,259275.0,49.002,0.0947470366954803,3742.946081114079,705.3166454690256,0
8DN,258775.0,49.014,0.1060493364930152,3760.185110895396,786.4852838788769,0
8DN,258525.0,49.006,0.1181369498372078,3777.524382717556,853.2993840275827,0
8DN,258525.0,49.024,0.1315138339996338,3800.1357723867177,925.1207478517648,0
8DN,258525.0,49.006,0.144761636853218,3792.078880407416,980.0279452229548,0
8DN,258525.0,49.005,0.1576467603445053,3771.2158496343072,1041.173719906517,0
8DN,258525.0,48.99,0.1724901050329208,3785.6681931769135,1111.7626223207376,0
8DN,258525.0,49.011,0.1880392134189605,3770.776114694101,1171.340846920899,0
8DN,258525.0,49.021,0.2034399658441543,3706.740499317816,1192.961508335161,0
8DN,258525.0,49.029,0.2211717516183853,3682.606787766291,1236.4285322449934,0
8DN,258525.0,49.042,0.2388747781515121,3618.887119996537,1276.4540832109012,0
8DN,258525.0,49.062,0.2567765414714813,3499.9244584207104,1277.5297031189432,0
8DN,298166.0,49.044,0.0103238197043538,3134.371367806383,198.24546417658664,0
8DN,290666.0,49.063,0.0240417923778295,3418.681886132345,308.9756924165634,0
8DN,286916.0,49.034,0.03645920753479,3564.396694975801,393.3685245948016,0
8DN,284416.0,49.014,0.0484291203320026,3646.175146876108,456.15569653966406,0
8DN,282666.0,49.035,0.059552002698183,3650.607485188044,529.0078779863967,0
8DN,281416.0,49.018,0.0707923099398613,3687.580204442808,602.2559235449612,0
8DN,280916.0,49.005,0.0818623304367065,3714.269484118078,668.5046385338732,0
8DN,280166.0,49.018,0.0933420658111572,3725.022279115065,751.0090909945171,0
8DN,279916.0,49.007,0.1048246026039123,3733.65435936816,820.5503912156269,0
8DN,279666.0,49.011,0.1170556619763374,3751.0755117863546,895.4208076944504,0
8DN,279666.0,49.008,0.1309074759483337,3770.40254700236,969.6465427784384,0
8DN,279666.0,49.005,0.1447337716817855,3775.041738232697,1040.8994838919534,0
8DN,279666.0,49.016,0.1587509661912918,3730.178114343801,1089.759909703798,0
8DN,279666.0,49.008,0.1739932000637054,3716.5928503407554,1144.6096537734704,0
8DN,279666.0,49.013,0.1901662796735763,3699.664361883752,1191.681605818553,0
8DN,279666.0,49.009,0.2081342339515686,3663.658998406257,1239.4474418874704,0
8DN,279666.0,49.032,0.2261651009321212,3615.599696392428,1290.144374915384,0
8DN,279666.0,49.045,0.2451653629541397,3502.001618282497,1288.8545232097,0
8DN,326157.4,49.044,0.0095622036606073,3123.498920897892,217.0184763157137,0
8DN,322407.4,49.035,0.0211134180426597,3406.2728660478083,340.399856451562,0
8DN,318157.4,49.008,0.0328201502561569,3567.322033679301,429.26821285947926,0
8DN,315657.4,49.01,0.0439618378877639,3633.72109784836,494.709695883905,0
8DN,313907.4,49.017,0.0544253513216972,3638.1101861312936,566.3508266010922,0
8DN,312907.4,49.011,0.0650001540780067,3667.9923058033023,634.7038955629573,0
8DN,312407.4,49.027,0.0753204375505447,3672.419241071748,701.9711026300511,0
8DN,311907.4,49.02,0.0859956964850425,3686.4148286731256,785.4951738030219,0
8DN,311907.4,49.011,0.0970246344804763,3700.613044356742,852.7949492162727,0
8DN,311907.4,49.011,0.1088161468505859,3706.284378572459,919.9082379667173,0
8DN,311907.4,49.019,0.1219631880521774,3707.46950964342,991.473146185375,0
8DN,311907.4,49.01,0.134723424911499,3671.1534853955022,1046.0903573212647,0
8DN,311907.4,49.009,0.1489124000072479,3688.124450079352,1122.1591216232905,0
8DN,311907.4,48.996,0.1637341082096099,3670.096432744737,1166.1389524088263,0
8DN,311907.4,49.004,0.1802150607109069,3639.7693738605617,1215.1319331811824,0
8DN,311907.4,49.016,0.1977324336767196,3610.921920445189,1262.9961913326297,0
8DN,311907.4,49.039,0.2153436243534088,3563.3282106139136,1312.0414938500658,0
8DN,311907.4,49.061,0.232985571026802,3453.0122291467783,1318.3189734925686,0
8DN,360270.4,48.98,0.0095688365399837,3090.474057034655,229.24359895518663,0
8DN,356770.4,48.964,0.0203365292400121,3356.4250810415856,357.61791604099744,0
8DN,351520.4,48.977,0.0311943851411342,3511.4356753838547,450.6309627571191,0
8DN,348520.4,48.981,0.0415673330426216,3588.8638894995643,526.5440479276853,0
8DN,346520.4,49.001,0.0516431890428066,3597.386263195487,602.6164423582868,0
8DN,345520.4,48.992,0.0617420487105846,3632.9044093970624,674.4554828099676,0
8DN,345020.4,48.981,0.0718174874782562,3652.261574132476,760.3443620612619,0
8DN,344770.4,48.978,0.0818971022963523,3638.199338969816,830.7851834896253,0
8DN,344770.4,48.968,0.0929042398929596,3649.371157870459,901.5924895696768,0
8DN,344770.4,48.981,0.1054628118872642,3685.629458184196,972.9148139726316,0
8DN,344770.4,49.001,0.1173942983150482,3647.8366610496632,1047.4229967196843,0
8DN,344770.4,48.996,0.1304052025079727,3644.050727183959,1124.911210233107,0
8DN,344770.4,48.982,0.1443205624818802,3609.8533416312,1156.9799825248222,0
8DN,344770.4,49.0,0.159832015633583,3603.796488110213,1224.0432215544122,0
8DN,344770.4,49.023,0.1770990937948227,3583.1913290012085,1266.6865530320945,0
8DN,344770.4,49.033,0.1941400915384292,3526.9197765972576,1306.2009438354037,0
8DN,344770.4,49.054,0.2120928466320037,3451.8867650370944,1340.7554217463712,0
8DN,423074.8,49.042,0.0095476824790239,3143.1042132213647,343.592485828283,0
8DN,422324.8,49.047,0.0181485265493392,3403.0853684190024,473.8000026979284,0
8DN,418324.8,49.041,0.0269754491746425,3500.519689844386,554.4772303632149,0
8DN,415574.8,49.04,0.0359758511185646,3578.859026997088,630.6681252150036,0
8DN,414324.8,49.035,0.0446662828326225,3577.5222487406845,708.0547508027473,0
8DN,414074.8,49.053,0.0536294654011726,3603.598966308372,778.6637490103568,0
8DN,414074.8,49.042,0.0627664774656295,3604.1035119691055,857.7830828351847,0
8DN,414074.8,49.035,0.072611354291439,3590.082852369191,920.512844908518,0
8DN,414074.8,49.026,0.082412913441658,3570.936032187645,995.0592860397408,0
8DN,414074.8,49.031,0.0938763096928596,3566.1853118927684,1075.2627285667988,0
8DN,414074.8,49.026,0.105082094669342,3529.084015194648,1140.069479758054,0
8DN,414074.8,49.049,0.1173534840345382,3514.877954128112,1190.2059057542988,0
8DN,414074.8,49.028,0.1314197927713394,3484.4425054661715,1238.8292019962075,0
8DN,414074.8,49.046,0.1466298550367355,3458.160655966736,1286.7330178884936,0
8DN,414074.8,49.064,0.1628073751926422,3431.7061018985537,1335.1899139409522,0
8DN,414074.8,49.057,0.1796421408653259,3363.790776655987,1364.0991361996485,0
8DN,414074.8,49.093,0.1975958794355392,3277.6971668002243,1376.989764947504,0
8DN,414074.8,49.111,0.217081069946289,3191.945389424955,1404.544972233194,0
8DN,512509.0,49.081,0.0095330346375703,3204.804145645721,513.5931663928958,0
8DN,508009.0,49.076,0.0167042966932058,3404.3663531243783,625.5150302788401,0
8DN,504009.0,49.073,0.0238781720399856,3459.838986415898,699.3425176948257,0
8DN,502009.0,49.063,0.0313280932605266,3537.7429638268213,780.3942620333731,0
8DN,501509.0,49.174,0.0387580841779708,3518.9205988878,849.3748674200863,0
8DN,501509.0,49.172,0.0468443930149078,3531.939148359302,927.9453396850348,0
8DN,501509.0,49.169,0.0548970587551593,3501.7723350072465,996.8505857629845,0
8DN,501509.0,49.082,0.0637948811054229,3502.557825695282,1072.5826983463187,0
8DN,501509.0,49.074,0.0735662057995796,3450.8624085248543,1114.4650517131258,0
8DN,501509.0,49.064,0.084222674369812,3444.358102034776,1212.2484092734949,0
8DN,501509.0,49.079,0.0952282845973968,3387.992541506329,1238.003030672064,0
8DN,501509.0,49.072,0.1074896603822708,3364.417725091409,1304.1413435721831,0
8DN,501509.0,49.087,0.1210448965430259,3343.62511221343,1357.030935353522,0
8DN,501509.0,49.082,0.1361551731824875,3286.643056088728,1380.5873023485217,0
8DN,501509.0,49.088,0.1520344763994217,3232.996369786857,1416.271400951461,0
8DN,501509.0,49.109,0.1696792244911193,3175.4694288441683,1445.6128409159398,0
8DN,501509.0,49.12,0.1890568733215332,3070.9586833459134,1448.3259072973176,0
8DN,516509.0,49.372,0.1988640278577804,2873.435578081686,1446.6893014360094,0
8DN,74733.2,69.291,0.014948233962059,3315.978023275273,81.10292487885357,0
8DN,72533.2,69.319,0.035330805927515,3524.509751721039,140.44141477490385,0
8DN,71133.2,69.289,0.0560246370732784,3654.629956219765,193.08331224581065,0
8DN,70333.2,69.283,0.0737339034676551,3766.981517228511,242.94976965619293,0
8DN,69533.2,69.276,0.0924899876117706,3914.285987199578,298.14538570827114,0
8DN,68933.2,69.288,0.1077570095658302,3966.483119580681,355.8801197575634,0
8DN,68533.2,69.274,0.1214527338743209,4035.101291953864,410.4970523951191,0
8DN,68133.2,69.286,0.1345695704221725,4091.299737325224,468.9154197454188,0
8DN,67733.2,69.281,0.1478374153375625,4122.569419345123,518.9279107915384,0
8DN,67533.2,69.281,0.1600277572870254,4184.305080890829,571.9683553320243,0
8DN,67333.2,69.281,0.1717361062765121,4190.399525001388,612.9426325752942,0
8DN,67133.2,69.293,0.1842715740203857,4215.958777403137,664.0725760467764,0
8DN,66933.2,69.269,0.1979046314954757,4213.861449597822,710.1562471213869,0
8DN,66933.2,69.274,0.2109311521053314,4222.245201033234,749.6432954936023,0
8DN,66933.2,69.264,0.2243647426366806,4177.674418697563,776.8560917334033,0
8DN,66933.2,69.272,0.2364062070846557,4052.9680793892094,791.813010544719,0
8DN,66933.2,69.272,0.2539481520652771,3940.3948760879753,792.4064252774228,0
8DN,66933.2,69.28,0.280862420797348,3696.8107606002686,745.1092612382607,0
8DN,68533.2,69.321,0.2960286140441894,2319.601875631818,417.0847444456789,0
8DN,93432.8,69.259,0.0086901858448982,3125.4891587284096,55.154077682430525,0
8DN,90832.8,69.249,0.0246428772807121,3371.519960672168,111.00871254748942,0
8DN,88432.8,69.239,0.0457761734724044,3591.258953558703,176.51125651863168,0
8DN,87032.8,69.222,0.0656647980213165,3769.1761819790167,232.0812459477268,0
8DN,86232.8,69.251,0.0818917751312255,3854.764214419304,286.60287228053653,0
8DN,85432.8,69.234,0.0978399813175201,3932.6817015187744,346.3623393341119,0
8DN,84832.8,69.261,0.1121081933379173,3989.5918747233454,405.07728128105015,0
8DN,84432.8,69.266,0.1250956654548645,4041.364165454467,460.130876751395,0
8DN,83832.8,69.256,0.1388361752033233,4093.102528128522,522.486143180984,0
8DN,83632.8,69.253,0.1502641588449478,4108.054571548684,566.4192409817634,0
8DN,83232.8,69.243,0.1636005789041519,4162.976804556316,623.8390226536059,0
8DN,83232.8,69.244,0.1747282445430755,4166.29023998372,669.8985408517825,0
8DN,82832.8,69.25,0.189173087477684,4190.912774254929,729.3978928442032,0
8DN,82632.8,69.248,0.2004264742136001,4141.079454431814,777.7341141194876,0
8DN,82632.8,69.235,0.2136229276657104,4142.4208854294575,824.5541642493704,0
8DN,82632.8,69.238,0.2282698601484298,4063.428005021865,836.1907422717651,0
8DN,82632.8,69.228,0.2446990758180618,4017.316602461654,871.8908540899536,0
8DN,82632.8,69.228,0.265278160572052,3851.916512135041,850.0016249413077,0
8DN,82832.8,69.25,0.3037605583667755,3368.721746647491,706.4942382793738,0
8DN,132007.0,69.249,0.0150972045958042,3266.724254927576,101.60788125310732,0
8DN,128207.0,69.246,0.0338186398148536,3511.72296173482,175.017282930597,0
8DN,126007.0,69.239,0.0518943704664707,3710.862118398875,235.0145286900153,0
8DN,124607.0,69.238,0.067673347890377,3799.730038665297,291.2129823374434,0
8DN,123607.0,69.239,0.081895112991333,3858.0434312358207,346.7785652448021,0
8DN,123007.0,69.234,0.0947761833667755,3918.165710272062,403.9934665348413,0
8DN,122207.0,69.251,0.1075871661305427,3956.5709310381344,457.5936836022637,0
8DN,121807.0,69.249,0.1189559325575828,3993.5531269343232,513.3031553455722,0
8DN,121407.0,69.246,0.1303701996803283,4037.027940388368,571.5224632692398,0
8DN,121007.0,69.244,0.1402501761913299,4021.5522169722544,627.7215947454247,0
8DN,120607.0,69.241,0.1521400660276413,4054.042539914004,682.3747417185707,0
8DN,120607.0,69.241,0.1634864062070846,4069.994927375857,739.0218733220449,0
8DN,120207.0,69.237,0.1758889108896255,4082.963731950029,789.8310525001864,0
8DN,120207.0,69.251,0.1877727657556533,4108.69119431349,855.6261134321716,0
8DN,119807.0,69.249,0.2007368803024292,4087.265065165648,901.091973446162,0
8DN,119807.0,69.26,0.2138851881027221,4074.538551007455,945.9665456972006,0
8DN,119807.0,69.245,0.2268018275499344,4006.2636231469423,969.4626272803108,0
8DN,119807.0,69.23,0.2423398643732071,3917.783009984541,976.445178745572,0
8DN,119807.0,69.248,0.2599081397056579,3831.014891970208,986.8861720117708,0
8DN,119807.0,69.259,0.2841209769248962,3589.2368518751123,916.2042251840855,0
8DN,164737.4,69.277,0.0146981924772262,3283.900498666764,119.50005303797546,0
8DN,161137.4,69.272,0.0330906957387924,3558.4376609199685,197.3791116355984,0
8DN,158537.4,69.251,0.0505197644233703,3698.8683642313777,267.0372395686132,0
8DN,157137.4,69.284,0.0658779144287109,3785.8460733171737,328.9494273905936,0
8DN,155937.4,69.277,0.0805716216564178,3850.603146970924,399.9615573616041,0
8DN,155137.4,69.277,0.093782290816307,3886.823269599548,458.58645220311416,0
8DN,154337.4,69.265,0.10553590208292,3873.2928086793854,524.415072200132,0
8DN,153737.4,69.272,0.1184239462018013,3927.16115350009,592.6581666606828,0
8DN,153337.4,69.26,0.1307018101215362,3935.8721100283537,654.692863105914,0
8DN,153137.4,69.267,0.1431959271430969,3962.8308474928,717.071294008251,0
8DN,152737.4,69.279,0.1569263935089111,4000.057350638777,791.986968187593,0
8DN,152537.4,69.289,0.1708250641822815,4009.216392179361,858.5687290983311,0
8DN,152537.4,69.278,0.1838145405054092,4002.576164900976,926.3218469976708,0
8DN,152537.4,69.286,0.1984267979860305,3996.63113007743,980.1320993264936,0
8DN,152537.4,69.295,0.213971197605133,3965.239179290981,1024.916651327322,0
8DN,152537.4,69.306,0.2307303696870803,3889.276199247872,1057.3592714246631,0
8DN,152537.4,69.303,0.2496376186609268,3791.980883203533,1069.6143235860663,0
8DN,152537.4,69.31,0.2717280089855194,3613.1215198937566,1043.4165234316376,0
8DN,196979.4,69.299,0.0132281528785824,3181.5747012739307,120.48132463432972,0
8DN,192179.4,69.242,0.0319350287318229,3556.419446861941,222.5514840709237,0
8DN,189179.4,69.274,0.0488144308328628,3695.113158134418,300.9814949509023,0
8DN,187579.4,69.261,0.0636897683143615,3777.178491309824,372.86287219570784,0
8DN,186179.4,69.257,0.078442208468914,3830.338339599804,441.1429433262148,0
8DN,185379.4,69.24,0.0902757719159126,3818.040911514423,512.8739443635228,0
8DN,184779.4,69.26,0.1030707284808158,3863.1956040170217,585.4492277090148,0
8DN,184179.4,69.269,0.1159171164035797,3890.3644311072367,654.6118940397167,0
8DN,183779.4,69.269,0.1284496486186981,3910.199348986986,723.6302239129635,0
8DN,183379.4,69.269,0.1421549767255783,3932.620309349683,804.4943656051946,0
8DN,183379.4,69.277,0.1556259244680404,3932.842110887002,874.3490116821879,0
8DN,183179.4,69.279,0.1700284332036972,3938.136089340847,938.9109936857036,0
8DN,183179.4,69.272,0.1847893148660659,3949.562095901517,1005.426744692315,0
8DN,183179.4,69.282,0.2002289593219757,3927.7433997909193,1063.696189889828,0
8DN,183179.4,69.282,0.2164397984743118,3895.164214810565,1120.1785515465217,0
8DN,183179.4,69.274,0.2333923280239105,3794.051788337557,1139.7864465429648,0
8DN,183179.4,69.287,0.2533381581306457,3687.757141348211,1149.6916891481592,0
8DN,183179.4,69.319,0.2752480208873749,3470.7764033268104,1076.3061436061262,0
8DN,240905.0,69.293,0.0126337129622697,3250.037625824315,161.94627369366225,0
8DN,236905.0,69.271,0.0285018552094697,3558.045437269481,270.4914817175144,0
8DN,233505.0,69.278,0.0437920279800891,3687.245308331621,348.8227679608377,0
8DN,231905.0,69.267,0.0572972409427166,3757.149811104147,416.3571243648531,0
8DN,230705.0,69.242,0.0695068687200546,3753.5518825637073,496.2207766070068,0
8DN,229905.0,69.25,0.081823356449604,3782.9012622976848,567.5766314588286,0
8DN,229505.0,69.274,0.0936238467693328,3816.437604757997,643.9146765376688,0
8DN,229105.0,69.287,0.1055589169263839,3821.314038099308,713.6516045989623,0
8DN,228705.0,69.287,0.1184769868850708,3847.500925133858,793.8656401954865,0
8DN,228705.0,69.291,0.1314672082662582,3843.618271308483,866.5254863105425,0
8DN,228705.0,69.267,0.1448474675416946,3866.016740086193,940.7305071204078,0
8DN,228705.0,69.282,0.1593249589204788,3871.8235007785615,1008.772838479426,0
8DN,228705.0,69.301,0.1738852709531784,3841.367289403141,1061.975455193466,0
8DN,228705.0,69.291,0.1890096515417099,3814.626123527452,1126.3321998546085,0
8DN,228705.0,69.287,0.2058172821998596,3761.5394363043592,1170.6208173259724,0
8DN,228705.0,69.291,0.2226781547069549,3701.3535968740985,1196.0009480596386,0
8DN,228705.0,69.294,0.2414979636669159,3611.209551109095,1219.248907393014,0
8DN,228705.0,69.299,0.2626389265060425,3487.676927507629,1210.482145777682,0
8DN,269258.0,69.263,0.0125376163050532,3251.621863581629,193.46929951937784,0
8DN,266058.0,69.276,0.026869086548686,3554.6620456295304,305.29833009273875,0
8DN,262658.0,69.246,0.0407658256590366,3684.58222061641,385.448958823764,0
8DN,260858.0,69.253,0.053382184356451,3739.873870183464,453.655503051036,0
8DN,259858.0,69.263,0.0644448474049568,3728.616190088144,530.3387738866464,0
8DN,259258.0,69.246,0.0757410153746604,3756.995129055184,603.7477113447931,0
8DN,258858.0,69.251,0.0869734138250351,3778.284450367511,672.0596058093159,0
8DN,258458.0,69.263,0.0980284288525581,3776.822858851838,741.1824649012316,0
8DN,258258.0,69.241,0.1091775670647621,3781.4791516129167,824.9064618716058,0
8DN,258258.0,69.263,0.1212728545069694,3795.426635154837,892.5428828274706,0
8DN,258258.0,69.258,0.1348520219326019,3815.2832089097633,967.2063898965938,0
8DN,258258.0,69.263,0.1479727178812027,3805.880361787247,1027.4783840138634,0
8DN,258258.0,69.261,0.1613296866416931,3794.3624943051705,1095.091398232243,0
8DN,258258.0,69.261,0.1759833395481109,3763.284089392254,1144.0385377130506,0
8DN,258258.0,69.258,0.191039428114891,3724.912835709107,1175.3311606108516,0
8DN,258258.0,69.271,0.2072675377130508,3674.889593614562,1215.9226565169724,0
8DN,258258.0,69.268,0.2237923741340637,3623.24253007776,1256.0695079133188,0
8DN,258258.0,69.284,0.2414823472499847,3525.328219734689,1265.3168242798745,0
8DN,258258.0,69.287,0.2612588703632355,3364.917517220083,1246.1979295292886,0
8DN,294718.4,69.234,0.0095698963850736,3123.267472828334,160.29915731747795,0
8DN,289318.4,69.214,0.0235775206238031,3472.096431602968,300.1450726518373,0
8DN,285118.4,69.226,0.0369206219911575,3623.740961868987,390.3445917514399,0
8DN,282718.4,69.2,0.0492557771503925,3704.407368930808,461.5913734227185,0
8DN,281318.4,69.236,0.0602630712091922,3701.9855456920495,541.430283655543,0
8DN,280518.4,69.212,0.071272037923336,3733.2275469476735,617.4401455046499,0
8DN,280518.4,69.214,0.0818557068705558,3757.5250632667553,690.3149796425415,0
8DN,279718.4,69.229,0.093201607465744,3759.783412344634,770.9597064678138,0
8DN,279718.4,69.241,0.1040753573179245,3751.3978009203342,839.747196753373,0
8DN,279718.4,69.216,0.1157044693827629,3760.7922864236193,909.4078793121724,0
8DN,279718.4,69.239,0.1299750357866287,3790.087554561248,974.9658886585077,0
8DN,279718.4,69.239,0.1419330239295959,3757.084619599184,1041.4975689009416,0
8DN,279718.4,69.248,0.1550948768854141,3742.384994018692,1107.446620692744,0
8DN,279718.4,69.231,0.1699792295694351,3720.915006506648,1154.5955514649113,0
8DN,279718.4,69.243,0.1847908794879913,3688.5993822393857,1189.3419624736373,0
8DN,279718.4,69.238,0.2006536126136779,3651.177746263207,1237.933385403564,0
8DN,279718.4,69.27,0.2175599336624145,3583.2750370524755,1266.107791361513,0
8DN,279718.4,69.258,0.2341946363449096,3500.3308139717738,1285.5268860259218,0
8DN,279718.4,69.275,0.2525496780872345,3364.52504919254,1291.2047686470953,0
8DN,324697.4,69.278,0.0095574604347348,3245.67550092452,232.7897236654649,0
8DN,318497.4,69.272,0.0225983466953039,3501.7302406154686,363.9152280791792,0
8DN,314897.4,69.264,0.034946784377098,3626.6027883898328,444.987132133894,0
8DN,313097.4,69.253,0.046258058398962,3712.4766135922105,520.3104140460362,0
8DN,311897.4,69.278,0.0568839013576507,3689.424614503046,594.7792299785535,0
8DN,311497.4,69.261,0.0676090493798255,3728.726137473197,669.9174767669257,0
8DN,311497.4,69.252,0.0779294893145561,3716.2906749139743,741.4376526992932,0
8DN,311297.4,69.25,0.0886862725019455,3710.803496502162,824.7641622899399,0
8DN,311297.4,69.245,0.1000449508428573,3720.5549906240194,897.3593543925416,0
8DN,311297.4,69.247,0.1128459423780441,3729.856799311184,977.7316880496958,0
8DN,311297.4,69.247,0.1266454309225082,3741.3720821215065,1038.2449967346906,0
8DN,311297.4,69.257,0.1389425992965698,3679.252291968449,1092.623387935534,0
8DN,311297.4,69.267,0.1531996130943298,3671.3672160696415,1142.0495723530576,0
8DN,311297.4,69.255,0.1688348948955536,3653.9063475894127,1197.762522079371,0
8DN,311297.4,69.274,0.1846120655536651,5008.23124544697,2142.844797789431,0
8DN,311297.4,69.277,0.2024993598461151,3563.285539584306,1282.8585077569885,0
8DN,311297.4,69.291,0.2201953530311584,3496.2286811518225,1316.4583851517216,0
8DN,311297.4,69.296,0.2371386885643005,3365.022450707593,1323.146304671527,0
8DN,354430.4,69.332,0.0095889614894986,3250.221297124532,277.680466478838,0
8DN,349630.4,69.273,0.021306799724698,3490.15518067456,406.9747665300269,0
8DN,346230.4,69.285,0.0324903689324855,3615.11499608488,488.001551559877,0
8DN,344230.4,69.293,0.0433236323297023,3702.261159324788,568.0724983168584,0
8DN,343430.4,69.29,0.0531875304877758,3659.899660945309,637.9745119436745,0
8DN,343430.4,69.298,0.063019223511219,3683.9371865992257,712.7269579624141,0
8DN,343430.4,69.276,0.0731959640979766,3692.526074341082,801.4620793521938,0
8DN,343430.4,69.28,0.0832752883434295,3683.562978212864,870.9548380476796,0
8DN,343430.4,69.278,0.0943260490894317,3674.8408439377154,938.891185034074,0
8DN,343430.4,69.275,0.1067278012633323,3666.574531529476,1007.6671678785692,0
8DN,343430.4,69.28,0.1184601262211799,3633.3993989300025,1072.7471942568025,0
8DN,343430.4,69.278,0.1316428184509277,3617.545836822991,1129.174887296851,0
8DN,343430.4,69.285,0.1454934775829315,3590.102218360937,1164.575002852787,0
8DN,343430.4,69.288,0.1607587486505508,3576.7577118421764,1227.514357400034,0
8DN,343430.4,69.29,0.1773277819156646,3555.368127594836,1271.138709297771,0
8DN,343430.4,69.298,0.1932533085346222,3496.3262353620867,1303.2257666672567,0
8DN,343430.4,69.315,0.2104129046201706,3395.844460821314,1311.2000726527112,0
8DN,343430.4,69.322,0.227464959025383,3322.354725382271,1360.1810609122751,0
8DN,422494.8,69.28,0.0096733411774039,3249.631099707225,395.88964837656704,0
8DN,416894.8,69.29,0.0194707065820693,3502.8387109683376,518.6214413965677,0
8DN,413694.8,69.275,0.0286102499812841,3600.3952567041265,599.8619863115478,0
8DN,412494.8,69.27,0.0375336222350597,3668.6057590340383,679.2486873821532,0
8DN,411694.8,69.251,0.0461944080889225,3638.884222788764,752.7831455487863,0
8DN,411694.8,69.268,0.055327795445919,3652.7629498072456,833.125450292025,0
8DN,411694.8,69.268,0.064304269850254,3643.6266897298506,908.5657318154472,0
8DN,411694.8,69.275,0.0734876170754432,3596.357523428497,968.6651450226226,0
8DN,411694.8,69.268,0.0835468173027038,3605.289525295591,1046.1065955419008,0
8DN,411694.8,69.302,0.0947084128856659,3574.258163115767,1109.844380099875,0
8DN,411694.8,69.285,0.1057851612567901,3540.481929257749,1167.0979553676427,0
8DN,411694.8,69.29,0.1176644340157508,3504.041489718547,1198.3133648287007,0
8DN,411694.8,69.29,0.1307396292686462,3485.3252766618607,1255.0490611836724,0
8DN,411694.8,69.295,0.1454816907644271,3469.9396016658984,1299.106370417042,0
8DN,411694.8,69.324,0.1603773832321167,3425.7090506763216,1331.0300286822078,0
8DN,411694.8,69.295,0.1758466064929962,3361.414208692689,1357.1682947655652,0
8DN,411694.8,69.322,0.1923803389072418,3288.587814823454,1374.5218073938331,0
8DN,411694.8,69.316,0.2096555829048156,3199.350519752596,1401.245985999364,0
8DN,506509.0,69.372,0.0100960135459899,3268.804192889545,579.5523742114068,0
8DN,502709.0,69.341,0.0176166612654924,3478.8324237959714,677.6720886858039,0
8DN,500509.0,69.316,0.0247475411742925,3544.502082813414,760.0826278234342,0
8DN,498909.0,69.331,0.0325344912707805,3634.0008577891617,846.8477815360571,0
8DN,498709.0,69.338,0.0397218689322471,3571.860496463468,902.0280012638292,0
8DN,498709.0,69.336,0.0477604195475578,3596.2068950534663,989.0729723873076,0
8DN,498709.0,69.341,0.0555719025433063,3550.145183378316,1049.6615099684518,0
8DN,498709.0,69.328,0.0642356351017952,3542.073147697443,1121.848649799622,0
8DN,498709.0,69.336,0.0734726712107658,3482.167972516761,1158.3062294757772,0
8DN,498709.0,69.336,0.0835878774523735,3417.2479708572578,1206.372840296783,0
8DN,498709.0,69.353,0.0938962772488594,3401.4918362362064,1253.8403192975652,0
8DN,498709.0,69.348,0.1052471026778221,3370.1655335139685,1307.4580965756293,0
8DN,498709.0,69.345,0.1176469400525093,3350.9802027554724,1354.516681382839,0
8DN,498709.0,69.333,0.1309221237897873,3301.156383065206,1377.5686312295163,0
8DN,498709.0,69.358,0.1450074017047882,3240.523818779701,1397.9571112754234,0
8DN,498709.0,69.353,0.1607478260993957,3182.780962575453,1414.815679675708,0
8DN,498709.0,69.368,0.1761768013238906,3097.621102598512,1410.108499491077,0
8DN,507509.0,69.542,0.188002735376358,2949.7064697667192,1453.4409630272955,0
8DN,520509.0,69.864,0.1973375678062439,2809.2520647412725,1460.005662097102,0
8DN,536709.0,70.673,0.2021610289812088,2644.558550711154,1463.7702189530398,0
8DN,74733.2,91.466,0.0152309983968734,3303.853603316351,64.93190824792964,0
8DN,72333.2,91.49,0.0397217907011508,3534.3365080247254,127.81158097001652,0
8DN,71133.2,91.509,0.0608001835644245,3672.2185767590295,182.7974240769839,0
8DN,70333.2,91.5,0.0799392238259315,3820.981713520921,242.1165743985428,0
8DN,69533.2,91.494,0.0975177362561225,3909.416892516621,309.72342174280334,0
8DN,69133.2,91.517,0.1113684996962547,3966.8528749105,365.3822901635965,0
8DN,68733.2,91.51,0.1244006305932998,4033.246718789133,431.2398741059495,0
8DN,68333.2,91.52,0.1371825039386749,4060.346920800486,489.77543085702587,0
8DN,67933.2,91.517,0.1502372473478317,4109.010638307645,549.8034439340149,0
8DN,67733.2,91.513,0.16214120388031,4158.694996375489,600.1032742260902,0
8DN,67533.2,91.522,0.174366295337677,4163.850106121048,650.7589298787741,0
8DN,67333.2,91.514,0.1878800988197326,4169.477493700614,698.4284620127835,0
8DN,67333.2,91.52,0.2003431469202041,4147.212355641362,734.3569898027272,0
8DN,67333.2,91.527,0.2141646295785904,4123.583577265135,768.0961098244348,0
8DN,67333.2,91.536,0.2298967093229293,4037.975853474551,780.0567025851792,0
8DN,67333.2,91.52,0.2457873970270156,3857.9408820688,779.1763199570322,0
8DN,67733.2,91.518,0.2752350270748138,3495.4499666978263,685.5029699858934,0
8DN,90466.4,91.618,0.0152387684211134,3371.401290938986,82.34953884274115,0
8DN,88466.4,91.649,0.0372212007641792,3584.0161037673865,145.805066569854,0
8DN,87066.4,91.644,0.058194026350975,3709.052380688677,203.59845852747964,0
8DN,86266.4,91.618,0.0769212394952774,3844.2180542840974,261.2261669437244,0
8DN,85466.4,91.63,0.0942326784133911,3923.80021777934,327.017333919887,0
8DN,85066.4,91.648,0.1077944189310073,3964.862429411281,386.1877601110288,0
8DN,84666.4,91.647,0.1205415204167366,4019.7889539424978,451.7684646773283,0
8DN,84266.4,91.635,0.133372887969017,4053.0769002197535,512.7252956539095,0
8DN,83866.4,91.635,0.1458015292882919,4093.148163197429,570.8643689369122,0
8DN,83666.4,91.627,0.1576000601053238,4119.973577996297,624.1307673790354,0
8DN,83466.4,91.631,0.1702612787485122,4162.493250635467,684.3624228852477,0
8DN,83266.4,91.623,0.1834667921066284,4159.883492554203,737.9706144581179,0
8DN,83266.4,91.63,0.1928343772888183,4081.6207522307145,778.0619553110688,0
8DN,83266.4,91.634,0.2067326009273529,4074.363184426378,819.4903140715509,0
8DN,83266.4,91.65,0.2216854095458984,4004.669205903205,840.7229375785267,0
8DN,83266.4,91.64,0.2398435771465301,3895.33155567157,851.2999708040736,0
8DN,83266.4,91.633,0.2668763697147369,3609.425730840128,784.1345414124745,0
8DN,128018.5,91.615,0.0333875380456447,3487.4541237670987,152.26679292139582,0
8DN,126218.5,91.615,0.0521553270518779,3677.488235808417,213.5356838388605,0
8DN,124818.5,91.624,0.0685926377773284,3774.993116429604,277.5202738412917,0
8DN,124018.5,91.601,0.0823430866003036,3844.4416884976577,339.9734625910577,0
8DN,123218.5,91.615,0.0958677679300308,3888.70345361923,403.8986382570254,0
8DN,122818.5,91.634,0.1073410958051681,3929.158260546228,459.48792132319767,0
8DN,122218.5,91.634,0.1193383559584617,3974.362996538429,524.5016517835362,0
8DN,121818.5,91.629,0.1289891451597213,3955.438821284482,585.1874039070887,0
8DN,121418.5,91.612,0.1403989195823669,3989.6297381301774,645.6889386079139,0
8DN,121418.5,91.608,0.1507116109132766,4012.867738449812,702.6337782025086,0
8DN,121018.5,91.641,0.1632575690746307,4031.4643265947207,761.5703814406819,0
8DN,120818.5,91.64,0.1750380396842956,4039.544260543985,817.1556046956564,0
8DN,120818.5,91.655,0.186835378408432,4032.817862673846,865.5033187286709,0
8DN,120818.5,91.65,0.1992792040109634,4015.2728847794015,919.4806082814636,0
8DN,120818.5,91.643,0.2131275087594986,3987.72260559869,958.1704399646784,0
8DN,120818.5,91.638,0.2270320951938629,3884.672997959512,973.2026052017518,0
8DN,120818.5,91.65,0.2453795075416565,3765.625494478148,962.6401757608368,0
8DN,120818.5,91.652,0.2694827914237976,3522.4681287507788,894.8720228118103,0
8DN,163523.7,91.648,0.0099447313696146,3216.795231630004,89.26901003628439,0
8DN,162523.7,91.66,0.0239869281649589,3409.529549800263,148.13249971941548,0
8DN,159323.7,91.625,0.0443381741642952,3648.395209094428,224.254381922668,0
8DN,157723.7,91.632,0.0606338158249855,3748.974396170668,294.8873616954235,0
8DN,156523.7,91.644,0.0752147510647773,3809.3244374092783,366.1839643050144,0
8DN,155723.7,91.634,0.088807038962841,3865.071757596569,432.956498961242,0
8DN,155123.7,91.635,0.1009079590439796,3893.355579156136,502.4785681209412,0
8DN,154723.7,91.64,0.1113984361290931,3867.838635216875,564.8888754576594,0
8DN,154323.7,91.658,0.1233379021286964,3903.400089595736,633.5516972741107,0
8DN,153923.7,91.63,0.1353259086608886,3923.529161078702,696.2586493760588,0
8DN,153923.7,91.651,0.1469157338142395,3962.086153004172,766.9820376931993,0
8DN,153523.7,91.639,0.1601250916719436,3962.683802534735,840.3222399035877,0
8DN,153523.7,91.648,0.1726698130369186,3963.346231839407,898.0541241592659,0
8DN,153523.7,91.622,0.1850414127111435,3922.195192019019,949.666665284246,0
8DN,153523.7,91.644,0.1991561651229858,3921.392601791077,1008.0582527966524,0
8DN,153523.7,91.648,0.2143415361642837,3877.14993686337,1051.3718496545223,0
8DN,153523.7,91.654,0.2311975061893463,3778.700588162414,1059.0468187485912,0
8DN,153523.7,91.658,0.2510603070259094,3619.1394018789465,1035.2046609678157,0
8DN,153523.7,91.665,0.2784920930862427,3280.604619899924,912.0468226556548,0
8DN,195000.6,91.643,0.0141100380569696,3234.3766389397333,138.09304315571393,0
8DN,191000.6,91.645,0.0335596092045307,3610.26740287049,226.1580368532924,0
8DN,188800.6,91.652,0.0497900582849979,3706.6145716178175,302.6753027999735,0
8DN,187400.6,91.65,0.0643388926982879,3775.700318161855,375.1069280656713,0
8DN,186600.6,91.633,0.0773520693182945,3806.33227867134,441.27979345806136,0
8DN,186000.6,91.631,0.0882757678627967,3794.9277329244815,512.0398188091569,0
8DN,185400.6,91.643,0.1002762764692306,3827.729611912389,580.8475260571063,0
8DN,185200.6,91.638,0.1116127148270607,3859.0743860011567,648.7868760528598,0
8DN,184800.6,91.606,0.1234018132090568,3875.688606691459,713.1196787713385,0
8DN,184800.6,91.63,0.1347979456186294,3880.3470359739945,783.5567909145838,0
8DN,184800.6,91.632,0.1472093313932418,3890.8247024264606,851.4386431092132,0
8DN,184800.6,91.649,0.1589863449335098,3893.710134004272,919.161064520162,0
8DN,184800.6,91.656,0.1716809868812561,3866.22825355504,968.594255391756,0
8DN,184800.6,91.66,0.1854577362537384,3862.0884065742266,1026.47119312266,0
8DN,184800.6,91.684,0.1995386928319931,3853.982278474792,1089.2936023230473,0
8DN,184800.6,91.656,0.2142318338155746,3773.852050921199,1108.1103309423893,0
8DN,184800.6,91.672,0.2299016118049621,3702.018548231221,1137.832184057178,0
8DN,184800.6,91.665,0.2476648986339569,3545.1877129678064,1110.0807779424792,0
8DN,184800.6,91.712,0.2718430757522583,3271.12666713417,999.1818848983434,0
8DN,241115.0,91.673,0.0123684527352452,3251.170285648448,162.02887737612352,0
8DN,235715.0,91.692,0.0293804816901683,3584.276955631762,274.8328560513914,0
8DN,233115.0,91.697,0.0441691726446151,3702.0114844600366,351.3419212117805,0
8DN,231915.0,91.703,0.0568167865276336,3753.3489799025992,419.7665153163922,0
8DN,231115.0,91.683,0.068086564540863,3739.4251986402783,496.54355346301656,0
8DN,230715.0,91.696,0.079209879040718,3755.359714115136,563.1064833298229,0
8DN,230315.0,91.691,0.0903367772698402,3781.190749120029,635.4353923858525,0
8DN,230315.0,91.676,0.1007615029811859,3775.502654336634,700.9508661436292,0
8DN,230115.0,91.666,0.1121758744120597,3795.610991237763,779.581463118439,0
8DN,230115.0,91.687,0.1232184320688247,3796.130180385584,846.8039433674672,0
8DN,230115.0,91.699,0.1357739120721817,3800.484173020978,912.965749831217,0
8DN,230115.0,91.702,0.1484297662973404,3793.7863964843473,969.7450878690934,0
8DN,230115.0,91.685,0.1613066494464874,3804.2017096659056,1037.6987526299822,0
8DN,230115.0,91.692,0.1745938509702682,3769.008001844968,1083.543309721976,0
8DN,230115.0,91.713,0.1881097555160522,3742.2571898811248,1142.374668650562,0
8DN,230115.0,91.704,0.2032366245985031,3703.2114678475673,1191.2224031464475,0
8DN,230115.0,91.711,0.2179653346538543,3615.643954792985,1193.2659407988565,0
8DN,230115.0,91.703,0.2346288561820984,3521.30602658364,1206.2553641512418,0
8DN,230115.0,91.714,0.2548969388008117,3370.1077564569105,1161.3687682324585,0
8DN,268402.0,91.706,0.0105913095176219,3265.086826706988,189.1862157801518,0
8DN,265002.0,91.691,0.0253951512277126,3574.1103895044093,307.00478724578664,0
8DN,262202.0,91.703,0.0391773097217083,3666.83194535262,383.1411452209926,0
8DN,260802.0,91.71,0.0516249537467956,3737.6415793174615,457.3358816129863,0
8DN,260202.0,91.695,0.0624612122774124,3714.33230055341,533.342334124553,0
8DN,260202.0,91.705,0.0731044188141822,3756.226048547973,614.1434093548671,0
8DN,259802.0,91.693,0.0840712338685989,3753.682214731379,677.325376856311,0
8DN,259802.0,91.699,0.0947189182043075,3752.922261338577,745.88044277692,0
8DN,259802.0,91.711,0.1063831001520156,3773.980864887833,820.3793126223658,0
8DN,259802.0,91.718,0.1170343682169914,3737.637138817083,884.6981845948773,0
8DN,259802.0,91.711,0.1300138682126999,3754.507482757469,962.3896705668144,0
8DN,259802.0,91.72,0.1428300589323043,3730.140551695904,1009.8133508558554,0
8DN,259802.0,91.729,0.1561387330293655,3723.720937703959,1071.7193377316892,0
8DN,259802.0,91.737,0.1693014949560165,3706.978966534725,1138.7046297334914,0
8DN,259802.0,91.718,0.1841344684362411,3665.3557414142847,1183.2136706167646,0
8DN,259802.0,91.727,0.1989286392927169,3610.894262131584,1208.0942701071035,0
8DN,259802.0,91.739,0.2156844288110733,3557.474467514958,1240.6949321304803,0
8DN,259802.0,91.749,0.232372373342514,3448.637828835211,1247.8526519190834,0
8DN,259802.0,91.751,0.250190258026123,3296.913026616454,1223.985452846826,0
8DN,290778.4,91.755,0.0101279951632022,3272.389223218554,224.10405579719605,0
8DN,285578.4,91.754,0.0246724840253591,3576.2660210656727,341.2035116053788,0
8DN,282778.4,91.758,0.0378506816923618,3685.285445424561,421.1462152953549,0
8DN,281578.4,91.742,0.0497809015214443,3739.737510657156,490.2507302107402,0
8DN,280978.4,91.726,0.0603205822408199,3710.173904320922,568.2214595511302,0
8DN,280778.4,91.707,0.0710285827517509,3718.907195459225,642.2229980078806,0
8DN,280778.4,91.717,0.0818895697593689,3730.442672584814,712.6534848298279,0
8DN,280778.4,91.712,0.0927916914224624,3731.062571190864,795.6428993461088,0
8DN,280778.4,91.738,0.1038895323872566,3713.521080042193,862.869459561217,0
8DN,280778.4,91.735,0.1164888888597488,3714.8539366292143,932.896512656164,0
8DN,280778.4,91.732,0.1291560530662536,3716.997212368593,1004.4265032796366,0
8DN,280778.4,91.74,0.1424943506717682,3697.5039683147297,1062.8432469606005,0
8DN,280778.4,91.729,0.1563018262386322,3659.98469583881,1113.613181659579,0
8DN,280778.4,91.74,0.1708546280860901,3638.975609400988,1157.744519815377,0
8DN,280778.4,91.719,0.1866231709718704,3597.2536755382057,1206.1872452536384,0
8DN,280778.4,91.736,0.2031104862689972,2915.279874816069,693.4465543889786,0
8DN,280778.4,91.746,0.2201658338308334,3445.14386027256,1258.612996189266,0
8DN,280778.4,91.767,0.2381579428911209,3336.037201162382,1263.2527844245622,0
8DN,322037.4,91.743,0.0102094076573848,3295.6238835636323,266.9789805032816,0
8DN,316437.4,91.742,0.0232574995607137,3555.5663444741044,387.4574181901904,0
8DN,313837.4,91.74,0.0351750552654266,3680.828287268096,473.00824248991495,0
8DN,312437.4,91.73,0.0463235415518283,3713.900090739553,539.4679827197501,0
8DN,312037.4,91.73,0.0564117208123207,3687.636177311189,616.06795802286,0
8DN,312037.4,91.724,0.0667210966348648,3710.69663910488,689.2870531233277,0
8DN,312037.4,91.731,0.0782883167266845,3774.096598244808,771.6006488780106,0
8DN,312037.4,91.724,0.0876278504729271,3690.606876963549,850.8174685776561,0
8DN,312037.4,91.723,0.0989508554339408,3670.607351351096,912.6277090050016,0
8DN,312037.4,91.723,0.1115419790148735,3655.092640025529,980.0023160574136,0
8DN,312037.4,91.71,0.1245295330882072,3671.4280975440265,1059.1303900733806,0
8DN,312037.4,91.75,0.1376164406538009,3616.3340704291454,1100.915635715531,0
8DN,312037.4,91.745,0.1530226767063141,3622.237258087006,1140.509609560026,0
8DN,312037.4,91.771,0.1673506200313568,3566.1331886881026,1192.7923889175668,0
8DN,312037.4,91.762,0.1837293952703476,3533.411214463696,1238.9059101894627,0
8DN,312037.4,91.762,0.2001106292009353,3450.001984635918,1262.996216078291,0
8DN,312037.4,91.763,0.2168432474136352,3371.8143624554323,1296.535673130929,0
8DN,312037.4,91.777,0.2331943362951278,3243.23247115515,1303.9756664482866,0
8DN,353070.4,91.777,0.0096531547605991,3316.2103222346427,320.8920715624101,0
8DN,347870.4,91.747,0.0214330162853002,3563.6991179523807,441.8961070493536,0
8DN,345270.4,91.738,0.0323642939329147,3637.490489153787,509.5423604052274,0
8DN,344070.4,91.727,0.0427692420780658,3694.131921717613,587.2944267450584,0
8DN,343870.4,91.732,0.0523602440953254,3655.1266686367953,662.90267597804,0
8DN,343870.4,91.746,0.0624959878623485,3688.077321891,741.6674555470859,0
8DN,343870.4,91.772,0.0726465061306953,3648.686763397249,817.0820447776491,0
8DN,343870.4,91.741,0.0829235687851905,3640.961589614239,896.5108876940236,0
8DN,343870.4,91.74,0.0942812860012054,3633.448704124553,964.8292882331652,0
8DN,343870.4,91.75,0.1069006025791168,3621.824129340024,1040.8407550695883,0
8DN,343870.4,91.722,0.1191270947456359,3577.2487336171007,1094.493873977131,0
8DN,343870.4,91.739,0.1330959200859069,3566.1256387007093,1155.3845806730208,0
8DN,343870.4,91.739,0.1473410129547119,3516.0061080568103,1176.7072972649294,0
8DN,343870.4,91.755,0.1635996699333191,3493.8573709849247,1225.4875060015916,0
8DN,343870.4,91.751,0.1798800975084304,3452.837024910484,1266.486460288429,0
8DN,343870.4,91.783,0.196691408753395,3385.614054216237,1302.1516479347065,0
8DN,343870.4,91.785,0.2130977809429168,3289.0935827816475,1336.0657673032736,0
8DN,343870.4,91.79,0.2299604713916778,3144.033297702929,1344.4432750430822,0
8DN,419934.8,91.71,0.0096103763207793,3280.7008213846766,434.6332091888047,0
8DN,415334.8,91.765,0.0191786121577024,3560.4443923348467,561.2470847138522,0
8DN,412934.8,91.755,0.0281926803290843,3606.013905791074,627.4401569372815,0
8DN,412334.8,91.725,0.0371703840792179,3664.5718072588,706.5583472575332,0
8DN,412334.8,91.732,0.0458050407469272,3624.982879629312,783.1145497766942,0
8DN,412334.8,91.715,0.0554026179015636,3639.042764887433,868.2108579251532,0
8DN,412334.8,91.716,0.0644919425249099,3591.5983331898333,938.8013190692174,0
8DN,412334.8,91.723,0.0746228620409965,3540.806093310308,996.8242631672013,0
8DN,412334.8,91.726,0.0854967311024665,3544.9781734325315,1082.9207211176713,0
8DN,412334.8,91.759,0.0974308401346206,3506.7945313312707,1149.9446455469836,0
8DN,412334.8,91.74,0.1099215075373649,3456.079848969821,1195.160527480512,0
8DN,412334.8,91.749,0.1235085502266883,3418.308025758756,1222.828937484902,0
8DN,412334.8,91.747,0.1389433443546295,3407.476502325608,1272.969101051861,0
8DN,412334.8,91.719,0.1547387987375259,3348.4457087991977,1301.207630648935,0
8DN,412334.8,91.742,0.1714102029800415,3286.8384661915843,1327.7578180474495,0
8DN,412334.8,91.737,0.1881991922855377,3196.769273604082,1351.6564589797094,0
8DN,417934.8,91.87,0.1996276080608368,3047.6419385503223,1418.8804492560098,0
8DN,427934.8,92.023,0.2091461420059204,2866.5219827535334,1431.5059724260302,0
8DN,505709.0,91.89,0.0097525967285037,3405.4852975191943,698.8121313314517,0
8DN,501709.0,91.903,0.0171522889286279,3523.493476750232,754.5867062828216,0
8DN,500109.0,91.874,0.0243577752262353,3609.604154760791,834.2039985982508,0
8DN,499709.0,91.867,0.0321344807744026,3596.1988368713046,881.7233098314372,0
8DN,499709.0,91.848,0.0401585139334201,3609.67833272498,963.7548231168274,0
8DN,499709.0,91.87,0.0477975271642208,3538.742293794948,1023.398567892996,0
8DN,499709.0,91.846,0.056373544037342,3504.794982773914,1086.4522595940136,0
8DN,499709.0,91.863,0.0656967088580131,3462.837069988548,1148.122016690346,0
8DN,499709.0,91.841,0.0757322385907173,3427.388290940581,1206.6166578965656,0
8DN,499709.0,91.841,0.0865940004587173,3360.573631959047,1238.873971967913,0
8DN,499709.0,91.837,0.0985950380563736,3335.19936491813,1291.9313512170193,0
8DN,499709.0,91.83,0.1116183251142501,3278.1496059445053,1321.216842240908,0
8DN,499709.0,91.825,0.1261263191699981,3225.338351024486,1336.3517669917735,0
8DN,499709.0,91.815,0.1415236145257949,3181.3247673897804,1371.5617014316788,0
8DN,499709.0,91.82,0.1580768972635269,3097.274460970257,1367.929018686206,0
8DN,507709.0,91.924,0.1688699871301651,2978.5088767504635,1410.402054797221,0
8DN,519309.0,92.057,0.1811051964759826,2832.554755699557,1455.4543647120834,0
8DN,531709.0,92.179,0.1903975158929824,2677.420530479897,1477.784746756696,0
8DN,543109.0,92.33,0.2000632733106613,2591.0816061943115,1483.5576680218192,0
