probe,f,T,b,mu_real,mu_imag,h_offset
AT2,159610.0,32.206,0.0099197777943955,1207.806780232111,11.29589599734778,0
AT2,154810.0,32.177,0.0331726987580982,1287.7916916103652,38.9591651743328,0
AT2,150010.0,32.189,0.0575888236518754,1398.8655085239889,70.60591675633793,0
AT2,146110.0,32.158,0.0801088752291709,1480.954114349445,103.24234102627535,0
AT2,143110.0,32.158,0.1000425925568826,1546.4499643914355,132.66392518318273,0
AT2,140110.0,32.154,0.1190280556679273,1610.1028492221126,165.01948010573668,0
AT2,138610.0,32.15,0.1332933481618433,1649.9681863839107,189.4710806390989,0
AT2,136510.0,32.122,0.1471542213894161,1669.554954473852,222.5974626370944,0
AT2,135610.0,32.106,0.1589123990319911,1700.4578682596414,243.9126827122734,0
AT2,134710.0,32.108,0.1706695944458514,1727.7037298866185,264.6502814492014,0
AT2,133510.0,32.102,0.1837363364924544,1749.4070600452935,288.6288917921233,0
AT2,132910.0,32.09,0.1944016313210941,1769.658233333401,308.19425334652624,0
AT2,131110.0,32.111,0.2092497897914289,1785.9212315561188,334.94637730274013,0
AT2,131110.0,32.08,0.2175981519911672,1794.839536630583,349.75867062626827,0
AT2,131110.0,32.084,0.2250313071654632,1788.55772043309,361.3032361406383,0
AT2,131110.0,32.092,0.2340513391650427,1800.59215365789,379.2069268755321,0
AT2,292130.0,32.049,0.010461746600969,1290.4959490543977,20.515037008509456,0
AT2,282530.0,32.055,0.0356716337629487,1429.0745817855238,65.65487261016908,0
AT2,278630.0,32.033,0.0538215667116596,1481.5550205030806,99.42124821794803,0
AT2,273830.0,32.03,0.0717868562673782,1524.6038974575763,134.06828808268898,0
AT2,270230.0,32.018,0.0878694816081483,1563.4422381071586,161.652245415312,0
AT2,267230.0,32.008,0.1031943064538002,1608.8716740255325,186.60961179144192,0
AT2,263630.0,31.981,0.1185070005814967,1639.324104535195,217.66412104245248,0
AT2,262730.0,31.986,0.1290623902476397,1655.9973385615006,239.5932231595025,0
AT2,261230.0,31.975,0.1406018169974544,1677.146719644611,262.2112871316925,0
AT2,259430.0,31.965,0.1528198868615516,1706.5195799297512,289.6215556242836,0
AT2,258230.0,31.957,0.1635046681928542,1728.9582242276572,313.6498431313439,0
AT2,257030.0,31.948,0.1736195275434305,1749.371516418331,335.0167061704309,0
AT2,494020.0,31.896,0.0104285561324684,1272.9355265303195,25.15779880878433,0
AT2,482920.0,31.879,0.031300837470713,1410.9234959441726,68.87951307101416,0
AT2,471220.0,31.852,0.0495350313082018,1451.2468174153587,109.20275493943414,0
AT2,467920.0,31.834,0.0630571228753528,1489.3017826325986,138.0632420449331,0
AT2,462520.0,31.829,0.0767952474598407,1523.524247443512,166.6725089830187,0
AT2,458320.0,31.811,0.0895769177471042,1555.1327100547885,190.42442801703365,0
AT2,454420.0,31.79,0.1019789122878456,1603.984628489251,221.45627020928617,0
AT2,451720.0,31.762,0.1123682088813321,1614.6133142407502,244.3875054481365,0
AT2,448420.0,31.762,0.1236186928243661,1643.080046394782,270.7600151871594,0
AT2,446920.0,31.75,0.1325814516017812,1652.5584059155988,291.90658976174444,0
AT2,675970.0,31.694,0.0102379820458331,1324.2079538571004,31.244549016484854,0
AT2,662770.0,31.69,0.0282426346953826,1386.3282137574529,75.26418087116996,0
AT2,653170.0,31.666,0.0430009317238032,1447.333947262247,111.11576767362428,0
AT2,645370.0,31.639,0.055932859078671,1470.4469020994975,144.48212581654843,0
AT2,639370.0,31.645,0.0677519507076851,1507.3904672164117,171.43351337616843,0
AT2,629170.0,31.606,0.0805510248583227,1531.856809892851,204.53086011883403,0
AT2,629170.0,31.602,0.0890906596932175,1560.94975132081,226.30953256177617,0
AT2,626470.0,31.609,0.0983260612282327,1591.596386023575,250.30048019707544,0
AT2,623770.0,31.593,0.1075202576192192,1611.3624142133904,272.2894888016821,0
AT2,621670.0,31.578,0.1159542182000593,1628.252455510617,293.4221544865632,0
AT2,911010.0,31.499,0.0103121196204445,1354.3629752293236,47.93253362759622,0
AT2,898410.0,31.485,0.0250515428554737,1401.756594587294,92.7803946580206,0
AT2,885810.0,31.449,0.0370548617276934,1432.9122645938228,129.70215280904566,0
AT2,880410.0,31.436,0.0472145206395692,1467.8830081317622,160.56019504499747,0
AT2,873510.0,31.385,0.0566070211927182,1492.389160990707,192.713591156504,0
AT2,868710.0,31.397,0.065246642895318,1513.1498610609756,217.15424886099856,0
AT2,864510.0,31.377,0.0734231409767148,1538.2164911585453,242.96865727531693,0
AT2,860610.0,31.36,0.0814735347838807,1556.5977830904526,263.23049598720826,0
AT2,858210.0,31.37,0.0886517016269802,1572.5155724397382,282.1325460829212,0
AT2,855810.0,31.366,0.095593996163584,1603.2055184502224,305.4638620052937,0
AT2,1011780.0,31.344,0.0104855052582619,1353.970962345467,57.10444315642115,0
AT2,997980.0,31.33,0.0240328957621744,1401.1851332877184,101.7263902777739,0
AT2,988080.0,31.303,0.0344698262745455,1434.9602513005757,137.7169196172508,0
AT2,979980.0,31.286,0.044271224758453,1469.623178759424,169.68591500362237,0
AT2,973080.0,31.27,0.0526435650924074,1489.8172205809858,201.8898349144628,0
AT2,967380.0,31.248,0.0606830872340627,1508.407226472037,226.854402488046,0
AT2,964380.0,31.253,0.0678063390857983,1524.310680939243,250.29317809189047,0
AT2,960780.0,31.233,0.0751833491017679,1551.3299755326957,272.5783228604736,0
AT2,957480.0,31.22,0.0816306760604839,1559.6301235461203,291.8525892015351,0
AT2,957480.0,31.22,0.0874714231002106,1619.5928426918986,369.4157218918796,0
AT2,1102020.0,31.175,0.0103038330781612,1361.4542514705747,67.19105937791154,0
AT2,1088220.0,31.134,0.02282369674129,1401.0891199486175,108.39382322650754,0
AT2,1078020.0,31.127,0.0324204794786837,1433.431307955697,146.75942960257228,0
AT2,1071120.0,31.123,0.0413084376758793,1468.96085940773,180.8448327063041,0
AT2,1064520.0,31.119,0.0489709001012271,1487.1000791273032,213.44242206530464,0
AT2,1059120.0,31.102,0.0563094907737106,1506.3334021806377,238.237422122702,0
AT2,1054920.0,31.093,0.0631605384884022,1521.5284863083225,260.7426975178809,0
AT2,1052820.0,31.113,0.0695514299736182,1544.488316050333,283.1269138976963,0
AT2,1050120.0,31.064,0.0755246327771906,1557.8277586942884,303.6335909897128,0
AT2,1048020.0,31.068,0.0812389401014389,1561.3539013033342,320.1026156122403,0
AT2,155410.0,58.043,0.0100765436137919,1271.3518327329543,11.232797372916089,0
AT2,151210.0,58.04,0.0354033515487984,1351.8911586613783,38.13654653759042,0
AT2,147310.0,58.028,0.0602729696536383,1449.351628639184,68.13035452216609,0
AT2,144010.0,58.002,0.0830581536274778,1528.980625706709,100.39720854838534,0
AT2,141310.0,58.01,0.1023642115737478,1591.727583716473,134.67045503899115,0
AT2,139210.0,58.02,0.1196914947609398,1642.8343168070876,164.55123308543494,0
AT2,137410.0,58.005,0.1348044652963043,1684.4216560036427,194.87163384399045,0
AT2,135910.0,58.011,0.1467320995834388,1700.6091016544628,225.89411471074945,0
AT2,134710.0,58.014,0.1592911554211134,1728.1529551148517,250.4707322911318,0
AT2,133810.0,58.014,0.170736150726429,1757.5992136114346,276.0324785219673,0
AT2,132910.0,57.999,0.182624085059906,1773.8132594118476,301.53694902441964,0
AT2,132310.0,58.014,0.1927122601973594,1785.6466504615296,322.7881829199461,0
AT2,131110.0,58.019,0.2048708848445158,1801.128382584341,348.6683489215898,0
AT2,131110.0,57.991,0.2128278504466952,1802.5993432395835,362.1105785812404,0
AT2,131110.0,58.022,0.2206737630740004,1808.0303805721203,376.6546555478368,0
AT2,130810.0,58.007,0.2293938260511134,1805.5057412175736,395.1105290715717,0
AT2,130510.0,57.987,0.238382576129029,1805.4533740333447,407.7504434529005,0
AT2,288490.0,57.995,0.0104300893475329,1319.2369895004388,18.03972910937392,0
AT2,281290.0,58.01,0.0348020557275297,1455.8846642330625,56.93098578464127,0
AT2,275590.0,58.007,0.0557930863339109,1514.740728257798,93.12249534571704,0
AT2,271090.0,58.017,0.0741367198237253,1547.8349934683508,128.59727409877627,0
AT2,267790.0,58.01,0.0907325959256346,1593.2853331177564,156.77195352110735,0
AT2,265090.0,57.997,0.1056894292154251,1639.9209894382338,187.27977738803267,0
AT2,262090.0,57.99,0.1197397056932002,1663.5562164332562,219.5672434559465,0
AT2,260890.0,57.994,0.1302192580307663,1678.074442176871,244.0488537348068,0
AT2,259690.0,58.006,0.1407953757465075,1704.0074712792662,270.4380332949192,0
AT2,258490.0,58.02,0.1510468921400286,1728.8046903198158,300.2771728334189,0
AT2,257290.0,58.03,0.1613334370449142,1752.1694482867986,328.9847490459798,0
AT2,253990.0,58.022,0.1731116541710615,1765.2158579780537,362.6722315902931,0
AT2,486520.0,58.015,0.0103018170198097,1327.9084275872783,24.31319295958429,0
AT2,476020.0,57.996,0.0321999427151448,1451.6064016800776,63.80926067060015,0
AT2,468220.0,57.984,0.0495459387501992,1485.8006816964796,101.57786100312627,0
AT2,462520.0,58.021,0.0652680174655874,1523.0380593727011,133.36066460943655,0
AT2,458020.0,57.997,0.0788901868612734,1556.217394721122,162.1922672674113,0
AT2,454420.0,57.994,0.0913190448660687,1601.1644546931702,190.99011091431183,0
AT2,451420.0,57.989,0.1028584003391683,1625.5725993169226,222.31764019004925,0
AT2,449320.0,57.973,0.1124157219435973,1637.359464810634,250.44001829013,0
AT2,445720.0,57.999,0.1228502532232538,1658.3486218397277,280.362156916846,0
AT2,443320.0,58.001,0.1318233509175459,1673.736062756915,308.4269887776472,0
AT2,664770.0,57.975,0.0102373071977478,1365.1290409507544,31.93874648992798,0
AT2,652470.0,57.982,0.0289922383664354,1434.0649355035043,73.90036271930755,0
AT2,643770.0,57.969,0.044115689439502,1478.407930507406,110.07157432750202,0
AT2,637470.0,57.987,0.0573947726982609,1504.2076357973597,141.24086983920014,0
AT2,632670.0,57.987,0.0692544460263303,1546.379086001695,171.0835957693977,0
AT2,628770.0,57.972,0.0794136379863926,1562.1888587258306,203.29797927983475,0
AT2,625770.0,57.977,0.0890582558504092,1581.4325498733667,229.4982477986574,0
AT2,623070.0,57.98,0.0978727514879633,1613.894580234524,256.72550748729503,0
AT2,621270.0,57.98,0.1057972439847748,1627.170509970812,280.3898649960447,0
AT2,619770.0,57.98,0.1135371316964257,1639.3235974596928,303.5474584085305,0
AT2,894630.0,57.888,0.0103991801107409,1389.1270699552183,53.41947473179086,0
AT2,882030.0,57.854,0.0255676952951,1445.9437398459338,98.3220022230218,0
AT2,874230.0,57.869,0.0371578746109647,1476.7799803064786,133.0217598784811,0
AT2,867930.0,57.814,0.0480589044346718,1513.076455745014,166.51118914739848,0
AT2,863130.0,57.796,0.0571817173332378,1526.5766545734689,199.2097459441916,0
AT2,859830.0,57.794,0.0655018197698011,1543.355119116815,223.863130034854,0
AT2,857430.0,57.774,0.0733516167352508,1566.170544752861,249.2467225568903,0
AT2,855930.0,57.764,0.080337847368629,1577.9381874003427,272.005762924783,0
AT2,854130.0,57.766,0.0871688528612884,1594.0103743918569,295.173147796275,0
AT2,852930.0,57.764,0.0933695092382657,1610.8709496430529,317.44912516885137,0
AT2,995100.0,56.912,0.0103798652216666,1406.5606222107651,64.61016892298198,0
AT2,981600.0,56.852,0.0242276578810456,1452.8806148161327,109.28048673710508,0
AT2,973500.0,56.858,0.0347163035305555,1477.7252189254873,142.96068480060043,0
AT2,966600.0,56.866,0.0447138819820239,1516.3752707438014,177.46393233082642,0
AT2,962100.0,56.923,0.0528486968022682,1523.895432925628,209.7980349499773,0
AT2,959400.0,56.957,0.0604145670343973,1539.1328711052056,233.7568946236172,0
AT2,957000.0,57.007,0.0674558952321663,1559.9113594974142,259.09622417047376,0
AT2,954900.0,57.017,0.0741905720330754,1575.5536321334623,282.8310154286547,0
AT2,953700.0,57.022,0.080301122445401,1583.6605498326162,303.23390951149594,0
AT2,952800.0,57.059,0.085873847274078,1589.5492874110707,324.7487108243561,0
AT2,1082920.0,57.799,0.0102821769629796,1404.6842695275395,79.65950955800658,0
AT2,1070920.0,57.795,0.0227317833713226,1453.0438012115455,121.43004760949844,0
AT2,1063120.0,57.799,0.0323593376077806,1480.9000540934546,158.51271423289649,0
AT2,1057120.0,57.825,0.0414230230348569,1516.9077403650322,191.48646043704045,0
AT2,1052920.0,57.849,0.0488432948542893,1521.589507822619,222.7700345071202,0
AT2,1049620.0,57.879,0.0559652515706032,1536.6999065272455,246.76741598085903,0
AT2,1047220.0,57.874,0.0624114417767076,1547.357666366352,270.62146235960387,0
AT2,1045720.0,57.879,0.0687055747042661,1564.0793925607716,291.5020059610785,0
AT2,1044820.0,57.887,0.0742267557980934,1572.950377550304,314.6707475510807,0
AT2,1043920.0,57.894,0.0796115718969548,1581.6979712189873,333.6825318048288,0
AT2,155330.0,87.842,0.0103674733225911,1275.161469717767,13.813438974939064,0
AT2,150530.0,87.919,0.0345704888509532,1364.5587786487313,47.33693506235636,0
AT2,146630.0,87.921,0.057533135376305,1470.294001338354,82.47855872971068,0
AT2,143030.0,87.96,0.0787265168365694,1551.0146195038196,120.78760694807622,0
AT2,140330.0,87.97,0.096395726992177,1618.9231376814782,160.20242560239268,0
AT2,137930.0,88.022,0.1112528246733998,1668.2199155711726,199.3557848798619,0
AT2,136430.0,88.03,0.1236355422931816,1716.034176367218,235.09407268724067,0
AT2,134930.0,88.1,0.1352654967324511,1748.8495509046288,267.4722626563098,0
AT2,133430.0,88.096,0.1463722532106457,1777.9384473231307,300.98890215615035,0
AT2,132830.0,88.101,0.1537590008119053,1783.0748207774725,329.469193439142,0
AT2,131930.0,88.112,0.1640321949694508,1806.655985400452,362.9423020537595,0
AT2,129530.0,88.108,0.1769501156608059,1826.6729339003232,394.6225165882734,0
AT2,129530.0,88.15,0.1842012370093524,1832.9132298695663,412.4048046678,0
AT2,129530.0,88.154,0.1914576686722215,1843.6493564523248,433.16122222617366,0
AT2,129530.0,88.17,0.1990169783298465,1842.217287511374,451.782610451012,0
AT2,129530.0,88.195,0.2064025801216422,1851.047500799011,468.9984569239217,0
AT2,129530.0,88.212,0.213397440194453,1841.678685619376,479.2865219644359,0
AT2,129530.0,88.207,0.2207080917109431,1838.695310872948,489.789675996696,0
AT2,289490.0,88.248,0.0104071829637651,1323.0751592142822,23.227848494917616,0
AT2,281090.0,88.256,0.0333879392665576,1452.919043673989,69.94991392032763,0
AT2,275090.0,88.269,0.0528075247432268,1529.1023432995098,113.00148233418132,0
AT2,270290.0,88.281,0.0704103130898068,1581.7882183975298,153.76858155243397,0
AT2,266990.0,88.325,0.0842152638230334,1602.7773393710024,185.0352290021285,0
AT2,263390.0,88.327,0.0980638436137246,1662.892192610306,227.6998768921985,0
AT2,261890.0,88.331,0.1086940891871164,1686.4467524833317,259.0845835591253,0
AT2,260690.0,88.344,0.117631121782626,1703.111915271543,289.0448063117479,0
AT2,258890.0,88.334,0.1269440867861978,1732.499145724168,323.717826871025,0
AT2,256190.0,88.334,0.1363844745848793,1746.2682334114531,364.5259048422095,0
AT2,253790.0,88.33,0.1460174135928423,1772.2647736910387,408.16560908156777,0
AT2,253790.0,88.334,0.1520273012382181,1773.7151174755425,433.52240871454273,0
AT2,253790.0,88.35,0.1584728243684897,1786.2134717141869,459.1414830614754,0
AT2,488840.0,88.392,0.0102301922198055,1315.6683691782468,31.00348259827167,0
AT2,476840.0,88.379,0.0305521261732547,1453.912471496424,79.83378690319023,0
AT2,468740.0,88.406,0.0462881932137144,1490.6285001637316,123.21664403598216,0
AT2,462440.0,88.418,0.0609017456242743,1536.3063724102062,160.22051327499392,0
AT2,458540.0,88.406,0.0721786272167119,1559.3419098700235,193.2638845516808,0
AT2,454940.0,88.436,0.0829209862313103,1589.9064467284384,225.88646597243067,0
AT2,451940.0,88.405,0.09282753645902,1615.8617857696524,262.3532020384856,0
AT2,448340.0,88.425,0.1020410190201719,1657.6341335910377,301.9556001563167,0
AT2,448340.0,88.42,0.1083256882880041,1662.440938219956,331.4093272171721,0
AT2,445040.0,88.443,0.1160100607102913,1677.8270048416036,368.1366188688,0
AT2,445040.0,88.452,0.1224615683517559,1686.3367853350146,399.47531065365416,0
AT2,668290.0,88.451,0.0103829528280444,1353.8972589059306,42.74691702559738,0
AT2,654790.0,88.461,0.0278099114279843,1453.4178545387429,93.22707921947216,0
AT2,645190.0,88.504,0.0412592054428929,1481.9402869433309,135.12816830502115,0
AT2,639790.0,88.486,0.0524752683564265,1502.7663207131773,170.85576865846645,0
AT2,634990.0,88.486,0.0628124528466935,1540.2845640056098,204.7405396172739,0
AT2,630190.0,88.475,0.0723116470961015,1562.8295700607666,241.5380356162007,0
AT2,628090.0,88.466,0.0797560192657315,1575.7156040048346,272.45136378618,0
AT2,625690.0,88.473,0.0870192561981957,1590.1130947984334,303.7281836083325,0
AT2,623890.0,88.493,0.0936895801272188,1605.7990360188662,334.74346340829817,0
AT2,622690.0,88.53,0.099674529889146,1631.530105021336,364.8421072695167,0
AT2,899210.0,88.542,0.0102181143695525,1385.800623775596,73.07314760401795,0
AT2,884210.0,88.529,0.0238028855726759,1437.3615841640967,123.97731757573064,0
AT2,879710.0,88.506,0.0335875438194221,1470.5278688183903,163.50809361936828,0
AT2,871910.0,88.518,0.0432287155009147,1501.019615809528,201.60965873719363,0
AT2,868610.0,88.545,0.0513732609997266,1528.6664824078046,238.94366698091056,0
AT2,865910.0,88.555,0.0581211131635981,1532.8741617412431,268.39584644188136,0
AT2,863810.0,88.546,0.0647040320910779,1548.1527813728137,298.34415684237854,0
AT2,862010.0,88.535,0.0706531098347665,1561.7011092536834,326.9556801565332,0
AT2,861110.0,88.535,0.0761727419639094,1575.412857561138,353.7617812712465,0
AT2,861110.0,88.536,0.0814386149898235,1485.107994804487,431.83728363957545,0
AT2,998600.0,88.561,0.0103062613187022,1389.663392737914,89.35588792321148,0
AT2,986900.0,88.562,0.0220480322288211,1442.176830635388,139.15681687533478,0
AT2,979400.0,88.56,0.0312627612320711,1472.9638607806926,179.58470294581136,0
AT2,973700.0,88.518,0.0396698935775089,1502.9453310918132,215.99192029572657,0
AT2,968000.0,88.556,0.047304424362251,1525.124228465441,255.5034834772707,0
AT2,965600.0,88.561,0.0534982067282728,1527.3589341701202,283.56582147494714,0
AT2,964400.0,88.57,0.0593684174279833,1536.1887518053318,310.86859730445195,0
AT2,963200.0,88.582,0.0648844661502756,1550.6420079581596,337.71457503802964,0
AT2,962300.0,88.567,0.0698084779420216,1558.280466591708,365.26695513957446,0
AT2,962300.0,88.569,0.0746719850329665,1570.381157425118,390.1253522737614,0
AT2,962300.0,88.577,0.0793847300307162,1438.1322341444757,452.4071061637344,0
AT2,1087520.0,88.558,0.0104551283473451,1405.6592238715775,109.63238618571452,0
AT2,1075820.0,88.571,0.0210533610092201,1442.0025636256944,156.9911170453171,0
AT2,1070120.0,88.56,0.0292899014103218,1471.2936224168895,198.2039363071821,0
AT2,1065020.0,88.547,0.0368650667365168,1496.3058008748628,235.11862527855672,0
AT2,1061420.0,88.558,0.0435643175437953,1512.4969731759031,269.91538442546886,0
AT2,1058720.0,88.577,0.0494532779554525,1522.1685204417763,300.1434718616292,0
AT2,1057220.0,88.578,0.0549614227907696,1535.67359517841,328.93565092716693,0
AT2,1056320.0,88.594,0.0599342155728022,1538.4794019943815,353.87273642412674,0
AT2,1056320.0,88.598,0.0647552938097118,1544.0647730144738,376.639152932072,0
AT2,1056320.0,88.614,0.0690999770471571,1555.2899689064984,397.47789619553566,0
AT2,1056320.0,88.598,0.0738412249169663,1558.1158748838743,422.0883973956209,0
AT1,158630.0,30.807,0.0096638570239502,1219.8239843781384,10.740360533334186,0
AT1,153530.0,30.795,0.0340911953427488,1317.507064484534,39.11716856077904,0
AT1,148730.0,30.789,0.0593452636802473,1421.4435864075149,70.38866522063368,0
AT1,144830.0,30.762,0.0821618518623903,1510.543380900663,104.81283081235956,0
AT1,141230.0,30.782,0.1041844813424931,1583.7205905470482,141.11836432745935,0
AT1,139430.0,30.766,0.1201395489941373,1638.5496543890144,168.35100451435437,0
AT1,136730.0,30.761,0.138407022013012,1684.8858289435382,201.7511572232364,0
AT1,136130.0,30.755,0.1485032997582137,1689.829782650051,221.4826911113205,0
AT1,134630.0,30.753,0.1635049741050475,1726.0730491185402,244.4448399305484,0
AT1,133730.0,30.739,0.1762386212003459,1758.9936482648295,267.11355976057183,0
AT1,132830.0,30.73,0.1894488079311883,1774.646035686589,289.7151182765597,0
AT1,132230.0,30.756,0.20069686941961,1783.8659904739184,306.694781694652,0
AT1,131030.0,30.752,0.2142849934763951,1802.9564573978707,329.35798550828383,0
AT1,131030.0,30.724,0.2221421085728876,1806.444447845196,344.0304626264398,0
AT1,130730.0,30.732,0.2314316641608547,1810.5964067357984,357.8680153296635,0
AT1,130130.0,30.731,0.2424820790683853,1818.1554576632848,375.3454078651388,0
AT1,290930.0,30.725,0.0095479872180987,1291.7100675254387,17.998303367005267,0
AT1,282530.0,30.727,0.0346515455523094,1433.3678985139636,60.51314377926361,0
AT1,277730.0,30.72,0.0542261480355011,1491.112249315942,95.74629068298778,0
AT1,271730.0,30.7,0.0741562003336007,1528.519198114545,132.89126626891323,0
AT1,269330.0,30.705,0.0894310427797891,1570.2173328577446,156.66695856024023,0
AT1,266030.0,30.696,0.1055829056930163,1626.3852658553944,184.84550132475096,0
AT1,263330.0,30.696,0.1200367796302695,1653.70879708065,213.03638003828047,0
AT1,261530.0,30.682,0.132330976417544,1677.3009335304532,236.68535045824976,0
AT1,259730.0,30.686,0.1445603224459788,1699.307257210471,258.5806482843649,0
AT1,257930.0,30.663,0.157019288694451,1729.7342761283703,285.1425984238577,0
AT1,255830.0,30.695,0.1698161650705979,1749.046428861588,313.20480654266913,0
AT1,255830.0,30.676,0.1778589995311063,1667.4284782195757,268.3222239089853,0
AT1,254930.0,30.694,0.1870768392246707,1777.1986182922328,355.2501530546548,0
AT1,490720.0,30.654,0.0104115962361326,1294.2274144708515,24.85224403378901,0
AT1,480220.0,30.661,0.0318651521601901,1424.6722336098962,66.9078369939434,0
AT1,472120.0,30.646,0.0488508924329198,1464.916804300385,103.84272218309492,0
AT1,465520.0,30.652,0.064741949947698,1506.5927868669037,136.15944405385756,0
AT1,460420.0,30.653,0.0786979939844975,1535.677600398305,163.01337985230143,0
AT1,455920.0,30.632,0.0920816748564151,1592.0079696954217,189.93426077108165,0
AT1,452320.0,30.596,0.1046389825559972,1620.0734693527422,217.7876608484765,0
AT1,449920.0,30.598,0.1148466068470694,1636.9581210376848,243.2171463417665,0
AT1,446320.0,30.602,0.1263493377027761,1654.4792193466506,266.7773051088423,0
AT1,443920.0,30.608,0.1366082977171849,1675.942506364851,290.03569431478,0
AT1,671070.0,30.601,0.0102783094652133,1343.5881491872992,30.963109704481013,0
AT1,659070.0,30.586,0.028672039991013,1403.107820131465,73.33921628273326,0
AT1,649470.0,30.573,0.0437055164471962,1450.331298596781,109.2023214707584,0
AT1,641970.0,30.565,0.0572116167466263,1482.5233676513865,141.4524557748997,0
AT1,635970.0,30.563,0.0694956822038574,1522.6770328236414,168.08413725517806,0
AT1,629370.0,30.546,0.0810101467139069,1544.1470438005208,199.13287493449536,0
AT1,626670.0,30.539,0.0909689984147553,1594.5541412273988,225.4692168607485,0
AT1,623070.0,30.539,0.1008942558483921,1616.6214581890822,248.22556083795453,0
AT1,620070.0,30.543,0.1100173063270517,1624.9303264465952,267.68753257881593,0
AT1,617970.0,30.518,0.1186399733921163,1649.7760596701564,290.4066697909865,0
AT1,906330.0,30.509,0.0103688003111634,1371.1659185492526,47.59417580435348,0
AT1,892830.0,30.512,0.0256002914318509,1414.5730275483293,91.507297258124,0
AT1,883230.0,30.504,0.0373597009766608,1446.698170099217,126.9356570832837,0
AT1,875430.0,30.475,0.0484675097404687,1487.9733647999724,158.53972741788493,0
AT1,868830.0,30.485,0.0579223129962166,1504.6898779203566,190.77375716537549,0
AT1,863430.0,30.469,0.0669287468299589,1531.4971469624868,215.3811950054057,0
AT1,858930.0,30.486,0.0753061421060444,1554.8918400790174,239.169171862674,0
AT1,855630.0,30.474,0.0833394773286157,1575.0189277414763,259.8022878252649,0
AT1,852630.0,30.473,0.0907631633192002,1593.6939619794089,281.0737403767131,0
AT1,849930.0,30.482,0.0979920457021018,1624.353289278395,305.1320742173193,0
AT1,1004780.0,30.454,0.010333060641306,1351.7831008069293,55.065290794996656,0
AT1,989780.0,30.43,0.0246254245247934,1424.800950061944,101.67272565256717,0
AT1,982580.0,30.434,0.034988322774561,1452.2750928199755,135.61840850508247,0
AT1,974480.0,30.41,0.0451660330684558,1489.7456893363542,167.05464878383697,0
AT1,966980.0,30.414,0.0539035405787714,1507.3490612686337,200.1909839434532,0
AT1,962780.0,30.416,0.0618681343687522,1526.6988840576844,224.02042067554515,0
AT1,958280.0,30.401,0.0697536384590979,1553.856744932663,247.17270338035425,0
AT1,954680.0,30.422,0.0768250074602648,1571.1763292449,269.96798598687747,0
AT1,950780.0,30.432,0.0837008835288596,1581.3708698959422,290.3363309032587,0
AT1,948680.0,30.393,0.0900336167610971,1593.9294676371603,310.80584918099845,0
AT1,1094820.0,30.385,0.0104635213753095,1387.8326657830169,67.73921876263408,0
AT1,1081620.0,30.354,0.023242904614133,1423.6221030021754,108.54264860770294,0
AT1,1072320.0,30.365,0.0330486909473686,1454.4559282314128,146.55251225654604,0
AT1,1064520.0,30.348,0.0422493375708825,1484.5718098077143,179.80110885571813,0
AT1,1057920.0,30.346,0.0501729773754779,1497.780805316277,209.9554697650156,0
AT1,1053120.0,30.329,0.0575235868603784,1521.8563892220552,234.59124041835324,0
AT1,1048920.0,30.347,0.0648439553108584,1544.7322841261828,257.1832799333308,0
AT1,1045620.0,30.332,0.0713434250343997,1561.9696191166852,278.09446763692387,0
AT1,1043520.0,30.308,0.0773298786118756,1576.891279067419,299.14408192732094,0
AT1,1040520.0,30.333,0.0830689994743727,1583.2904794764406,318.1809886353436,0
AT1,151730.0,57.307,0.010019991393346,1337.926849930372,12.833072371302608,0
AT1,147530.0,57.334,0.0357806834018966,1417.1081674861182,45.6254500124406,0
AT1,144230.0,57.372,0.0602900583003996,1515.696133868812,78.41809577449693,0
AT1,141230.0,57.427,0.0836284387152275,1583.577216232554,112.53714351374236,0
AT1,139130.0,57.436,0.1033207722957429,1641.7608239932442,142.43256032786556,0
AT1,137330.0,57.466,0.1216187192192691,1688.5685280197397,171.95671096283206,0
AT1,136130.0,57.481,0.1366319414609809,1717.2730528572372,196.77675301064127,0
AT1,134630.0,57.513,0.150296264018367,1725.8462357256578,222.52527234279407,0
AT1,133730.0,57.508,0.1628443597366085,1757.649541155603,246.96855251437296,0
AT1,132830.0,57.529,0.1745212471820844,1786.2006973177115,273.8757370686548,0
AT1,131030.0,57.529,0.1898142298926203,1806.8124661495308,307.47261216520127,0
AT1,131030.0,57.544,0.1978775443781823,1819.858402950469,324.996489221238,0
AT1,130430.0,57.548,0.2082671392554891,1832.816252750326,344.86284512947515,0
AT1,129530.0,57.571,0.2192750671572882,1833.7355616678776,362.1395442616631,0
AT1,129530.0,57.578,0.2263978737295507,1838.6572143975884,378.1576358812896,0
AT1,129530.0,57.599,0.2346800632892313,1839.8031871394849,395.7047193259909,0
AT1,129530.0,57.626,0.2428713003512514,1838.359022804456,405.8322229033453,0
AT1,285530.0,57.656,0.0102268864732397,1360.9928382861265,17.624774642984324,0
AT1,278930.0,57.681,0.0351809583609684,1479.8734105785563,55.092538822408464,0
AT1,273230.0,57.679,0.0570187312189944,1536.24894902215,92.08471563344182,0
AT1,269030.0,57.696,0.0756998381103227,1574.2560485481652,125.9491211337792,0
AT1,266030.0,57.726,0.0923200397175888,1619.215475842499,154.74274736202958,0
AT1,262430.0,57.709,0.1083101409668431,1655.9482647157035,188.295988277966,0
AT1,260930.0,57.709,0.1211507816156071,1686.9221375727109,214.60624722942416,0
AT1,259130.0,57.709,0.1328373419645833,1706.3762925280455,240.09782410510888,0
AT1,257630.0,57.723,0.1437992950915327,1728.3202515339444,266.8430516654075,0
AT1,255530.0,57.725,0.1557023946992691,1757.4745989359749,302.115772936164,0
AT1,253730.0,57.733,0.1669753960590665,1785.7072599347298,336.8906241599284,0
AT1,253730.0,57.74,0.1742887896159125,1794.7339677257285,357.4791506203828,0
AT1,481920.0,57.783,0.0102011885927985,1353.6431967290357,23.35640806776312,0
AT1,471720.0,57.788,0.0328842744990552,1474.4341236221244,62.81181078884149,0
AT1,464220.0,57.795,0.0507286805958508,1510.2529748556065,100.36081134092008,0
AT1,458520.0,57.775,0.0669969767620634,1552.2389238607927,131.75657530979274,0
AT1,454020.0,57.815,0.0808464175787044,1580.50483647795,161.11296605970065,0
AT1,450420.0,57.818,0.0937975107771669,1616.0903177269593,190.08149560252937,0
AT1,446520.0,57.813,0.1061381383620502,1653.5915760450164,225.4979722977311,0
AT1,445020.0,57.825,0.1153912123075685,1669.5299087728797,252.7995596983513,0
AT1,443220.0,57.819,0.1249308328035081,1689.9109865761325,278.67097103792105,0
AT1,441720.0,57.832,0.1332161672155325,1700.820352998547,303.08965023044965,0
AT1,440220.0,57.842,0.1421656975325408,1716.5293285095702,331.49276410775497,0
AT1,658870.0,57.892,0.0101937307572564,1405.1883944564995,31.146751099913462,0
AT1,645670.0,57.921,0.0301004312827593,1456.0257726723885,73.33494568782692,0
AT1,638470.0,57.943,0.0453060459102621,1502.3988934539564,107.2484391821321,0
AT1,631870.0,57.931,0.0591506224119065,1534.2270241201727,140.66786823043185,0
AT1,627370.0,57.94,0.0710547517857013,1569.4396099582473,171.15185675201727,0
AT1,623170.0,57.963,0.0816222761586111,1586.297089883167,203.32048562850647,0
AT1,619870.0,57.961,0.0915768977990437,1607.4056544355578,228.5813845869457,0
AT1,617470.0,57.96,0.1004479427664421,1643.738217644916,255.23665312733783,0
AT1,615370.0,57.977,0.1089648983297576,1665.893518237544,280.1592433830629,0
AT1,613870.0,57.965,0.1163037493183282,1676.4352426335126,306.1862818886222,0
AT1,885230.0,57.988,0.010384353004199,1426.1607660704417,53.59216214154149,0
AT1,874430.0,57.983,0.0260555664022689,1475.4559697376765,96.90361388687316,0
AT1,866330.0,58.006,0.0381561478315562,1509.1721100748273,133.25691033425144,0
AT1,860630.0,58.005,0.049264795000001,1540.088030296338,164.905018773506,0
AT1,855530.0,58.007,0.0586729909920728,1551.477909119791,196.419830761381,0
AT1,852230.0,58.002,0.0672878504462687,1572.672265528288,222.3351662268498,0
AT1,846530.0,57.997,0.0759419147836443,1592.9504048584254,252.13550414628983,0
AT1,846530.0,58.012,0.0829707003942997,1618.8748894558532,276.9650267880919,0
AT1,846530.0,58.014,0.0893747449721,1628.3497461716604,297.48395856542595,0
AT1,844730.0,58.012,0.0956984188685531,1648.7454389446718,323.3687951606116,0
AT1,983680.0,58.029,0.0103200077902437,1442.8071392081094,67.41529914861545,0
AT1,971680.0,58.024,0.0245765938763733,1476.0440456037752,109.11557482899477,0
AT1,963580.0,58.027,0.0355458388608629,1503.444973800821,143.86836781067046,0
AT1,957580.0,58.015,0.0457608416439783,1543.8196717697028,176.67851725525932,0
AT1,951580.0,58.028,0.0544492396117778,1553.292507127511,209.64468040254724,0
AT1,949480.0,58.027,0.0620770323616809,1568.4953966326952,234.903950337745,0
AT1,947080.0,58.033,0.0692140560789737,1583.126280312354,261.0710866833159,0
AT1,945580.0,58.035,0.0759957596115002,1606.9897330172455,286.5174717194399,0
AT1,943780.0,58.035,0.0821505602456832,1615.3945822711903,309.4251405472841,0
AT1,942580.0,58.025,0.088034037957805,1621.066616745915,329.5784524467176,0
AT1,1070220.0,58.0,0.010371406362811,1443.829872473504,81.02962480379196,0
AT1,1058820.0,57.98,0.0232858550921626,1484.967706218785,122.66935950611324,0
AT1,1051320.0,57.99,0.0332753406183429,1508.1522500551175,157.57615315077524,0
AT1,1045920.0,57.98,0.0425862245484522,1545.8240110418485,190.3478876163336,0
AT1,1041420.0,57.973,0.0502999826710961,1547.9529779715067,220.5316503517141,0
AT1,1038420.0,57.971,0.057552453458794,1566.2263285857146,246.06067526577243,0
AT1,1036320.0,57.967,0.0642486314192491,1580.832185379015,270.1171288823975,0
AT1,1035420.0,57.982,0.0704015035235161,1596.0560846513804,292.2498328706502,0
AT1,1033920.0,57.971,0.0761197905989022,1605.88415692422,315.5817158098657,0
AT1,1033020.0,57.978,0.0814484155975674,1606.5153963702237,335.92330512786384,0
AT1,150910.0,88.206,0.0102320876358552,1343.6741289091792,18.49428760275585,0
AT1,145810.0,88.206,0.0353102716982834,1453.8921700114502,62.47507451282612,0
AT1,141310.0,88.197,0.0605177929607099,1571.8835795494017,106.64206941250714,0
AT1,139210.0,88.142,0.079646245413855,1635.5730864585344,139.9962162488623,0
AT1,137110.0,88.105,0.0973032456164291,1692.6353195347367,177.2008246357134,0
AT1,135310.0,88.141,0.1124333338018486,1737.8743524444662,210.4902247470756,0
AT1,133810.0,88.177,0.126004070798016,1784.531814265398,245.895308758364,0
AT1,132610.0,88.236,0.1374975455626536,1815.9629270438595,281.23941068302986,0
AT1,131710.0,88.249,0.1473276856958758,1833.357336074628,313.1127452375345,0
AT1,130810.0,88.218,0.1555935039021983,1837.71570415632,344.8322175847122,0
AT1,130810.0,88.197,0.163496065722871,1855.147018161961,370.2136287367516,0
AT1,129310.0,88.192,0.1738307548108152,1878.3020957730816,401.6195158093335,0
AT1,129310.0,88.145,0.1806160068651069,1872.691280742872,418.299415528038,0
AT1,127510.0,88.131,0.1920431417006717,1900.585546353465,456.732374841944,0
AT1,127510.0,88.116,0.1992058474412665,1895.388333032416,475.4576148091589,0
AT1,127510.0,88.119,0.2060000176080575,1899.3292541852425,493.2279907994956,0
AT1,127510.0,88.138,0.2128080902236344,1890.291430891204,505.2960572845967,0
AT1,127510.0,88.134,0.2196859164450986,1882.123268568154,513.9729524095568,0
AT1,285630.0,88.198,0.0103979965038417,1365.778854948834,25.15116368739021,0
AT1,277530.0,88.181,0.0336629008155934,1496.5748062482282,73.05791456428841,0
AT1,271530.0,88.146,0.053289898894375,1568.165186181257,117.77142851957817,0
AT1,266730.0,88.197,0.0701574475305112,1602.9970553662454,155.76134955483053,0
AT1,263430.0,88.225,0.0851015278583337,1651.3631349251325,194.1642978071341,0
AT1,260730.0,88.19,0.0979605174859864,1702.8087587140158,231.3918936837258,0
AT1,258330.0,88.187,0.1095735431236917,1734.6234999925352,265.8587852087938,0
AT1,256830.0,88.173,0.1185842472361606,1749.6547499756534,298.6047569224163,0
AT1,255330.0,88.159,0.1274179403018883,1778.8896366799695,337.2000964647095,0
AT1,252930.0,88.161,0.1364062339409656,1797.0144335243417,384.6881430083277,0
AT1,252930.0,88.159,0.1434495513311646,2618.9842574845043,750.0890684557081,0
AT1,252030.0,88.185,0.1502488801205931,1828.010817780339,450.958792272673,0
AT1,251430.0,88.185,0.1565436827454514,1832.0266592757685,479.3458219161341,0
AT1,483120.0,88.159,0.0102177157547323,1342.8030376282284,32.72187083487984,0
AT1,470820.0,88.216,0.0309036987652005,1483.415135156233,82.5740503476575,0
AT1,462720.0,88.223,0.0466908902359705,1521.7312216395526,124.94649470434295,0
AT1,456720.0,88.218,0.0613782935456101,1579.7446705784223,163.89601846012764,0
AT1,451920.0,88.19,0.073133193484866,1603.6649871668812,201.1337970060085,0
AT1,446520.0,88.156,0.0846823313929471,1630.2354724520849,239.72851373455728,0
AT1,444120.0,88.154,0.0943181701340382,1667.4936628469093,279.75008785778044,0
AT1,444120.0,88.159,0.1015402752285998,1688.5623709716674,308.7157919700102,0
AT1,441420.0,88.193,0.1092544529199979,1720.8275650339474,348.7310850253073,0
AT1,440220.0,88.214,0.1150436538361854,1722.1421077106827,381.8586570565121,0
AT1,440220.0,88.21,0.1209803118390836,1726.750267777198,416.3741048492539,0
AT1,659870.0,88.172,0.0102003257019401,1382.984074780595,44.16134887116648,0
AT1,645470.0,88.274,0.0281575160207906,1486.0922777362432,97.58459074818568,0
AT1,637670.0,88.264,0.041167148548142,1516.819056269111,137.50651413455108,0
AT1,629870.0,88.22,0.0533166969100901,1542.06428378514,177.93858681729515,0
AT1,626270.0,88.201,0.063263756669971,1579.2235165465338,213.43339207721,0
AT1,622070.0,88.199,0.0724620126618887,1605.0957854305343,251.7897922545491,0
AT1,619070.0,88.239,0.0800123457582828,1614.5726213851829,281.98473701762805,0
AT1,616970.0,88.254,0.0869795387914407,1637.7122285944515,315.564541632403,0
AT1,615470.0,88.288,0.0931625993234624,1654.7839588088148,350.4321758435261,0
AT1,614270.0,88.271,0.0987027483807562,1678.0109855764472,383.5633025831454,0
AT1,613670.0,88.232,0.1043469178173662,1690.4670693496537,421.7576562651161,0
AT1,887230.0,88.275,0.010372149552818,1427.5779036918757,77.69688900396864,0
AT1,875230.0,88.236,0.0236495109024493,1476.4082503413078,127.9818959200287,0
AT1,867430.0,88.21,0.0341342564158532,1512.0608590775312,170.32190216201676,0
AT1,861130.0,88.282,0.0433933450180198,1536.850824076034,209.4225085326308,0
AT1,857230.0,88.278,0.051575125176154,1565.6275067604238,247.19066753974084,0
AT1,853630.0,88.275,0.0583990321069211,1571.7652599287926,278.7345543790976,0
AT1,851530.0,88.247,0.0647983356706934,1587.3544885748877,310.6429776156229,0
AT1,848830.0,88.218,0.0708394616195468,1608.5590125289443,346.2360111695683,0
AT1,848830.0,88.26,0.0759910358986363,1613.375845669975,371.4333778197079,0
AT1,848830.0,88.255,0.0807748115124081,1621.8160384733926,399.5592941837298,0
AT1,844030.0,88.293,0.0865215000539365,1621.3655875329864,426.4551662369745,0
AT1,985300.0,88.319,0.0104208552996804,1421.7483302991295,93.8112497288882,0
AT1,973300.0,88.327,0.0223612431539024,1480.2216134402415,143.87449030247456,0
AT1,965800.0,88.286,0.0317209279319821,1510.3351202479591,186.36845670017027,0
AT1,960100.0,88.333,0.0400839327708418,1533.9281890347822,222.9152314844065,0
AT1,955900.0,88.334,0.0474109778286944,1562.320902645272,263.84878448006504,0
AT1,952900.0,88.324,0.0536413056558603,1564.4409236111592,293.0425843504613,0
AT1,949900.0,88.315,0.0598266712132023,1581.7183437057886,325.16585190886184,0
AT1,948700.0,88.306,0.0650021079977543,1589.0149226421297,353.51252159507845,0
AT1,948700.0,88.301,0.0699207632797115,1596.1825624735093,381.4619684835054,0
AT1,948700.0,88.304,0.074717040970121,1607.601528531519,407.90617365363977,0
AT1,948700.0,88.316,0.0792552694638054,1612.125390986262,430.7705865067949,0
AT1,1072920.0,88.334,0.0103757487829107,1433.5693899720802,113.72281690949642,0
AT1,1062120.0,88.38,0.0210371685408087,1474.168664253542,162.30793977913956,0
AT1,1054920.0,88.381,0.0296010578492592,1512.4883729076985,203.90018721327056,0
AT1,1049820.0,88.355,0.0371491491874972,1534.9870971878431,241.2392644120641,0
AT1,1045920.0,88.291,0.0438636112546184,1553.6595387234256,276.66662778891697,0
AT1,1043820.0,88.321,0.0495679601802428,1560.6398784267387,308.33003084229165,0
AT1,1042320.0,88.337,0.0550213486050017,1571.2105656863653,336.7291471806266,0
AT1,1041420.0,88.347,0.0598914213106911,1580.953416942201,365.8951209555292,0
AT1,1041420.0,88.367,0.0644749630468941,1587.7328780857797,391.7680268561882,0
AT1,1041420.0,88.386,0.0689487131233613,1594.5970825555794,418.2354614442622,0
AT1,1041420.0,88.374,0.0735090151520878,1600.2682334369904,438.4492030102061,0
AT2_water,160086.5,28.816,0.0096867405154724,1193.2209714311796,23.97376039685965,0
AT2_water,154686.5,28.827,0.0323364981105399,1290.1698188039777,56.056797828331646,0
AT2_water,150186.5,28.826,0.0543272880891788,1396.393048200442,89.74467601289359,0
AT2_water,145386.5,28.823,0.0777344353417557,1477.73893444447,126.75060768867768,0
AT2_water,140886.5,28.823,0.1006970884637744,1562.2164930186073,167.09824360600217,0
AT2_water,140886.5,28.816,0.1110238075239511,1594.3281684232038,184.9947439740885,0
AT2_water,139386.5,28.834,0.1253831388219952,1632.8094015205866,208.91583204583767,0
AT2_water,137586.5,28.843,0.1383368794505831,1646.0169900425751,237.1637764867618,0
AT2_water,136086.5,28.839,0.152220539527927,1679.0829147797276,262.65818329852715,0
AT2_water,135486.5,28.836,0.1629999340377468,1698.073724000104,282.92072457682195,0
AT2_water,134586.5,28.857,0.1760231481244343,1729.868719703808,304.4761721074436,0
AT2_water,133686.5,28.85,0.1861883858471363,1740.3706309229567,323.50254676171016,0
AT2_water,133086.5,28.849,0.1960947665940471,1759.7476969801844,343.7916581899882,0
AT2_water,132486.5,28.845,0.2057758117956414,1770.093546795667,363.1934065515951,0
AT2_water,131886.5,28.867,0.2157079390597669,1783.279765520966,382.3948916477213,0
AT2_water,130386.5,28.853,0.2282739755251087,1792.2605654404472,407.8267230261016,0
AT2_water,285487.5,28.864,0.0096216074827576,1282.307286005387,49.63596992724327,0
AT2_water,277687.5,28.865,0.0304063515289709,1393.81006351444,95.30013042453191,0
AT2_water,271987.5,28.875,0.0484555007575099,1459.31549354877,133.23470432573114,0
AT2_water,267187.5,28.87,0.0655162735570645,1513.3321857158112,166.94901673115368,0
AT2_water,263887.5,28.866,0.0794837587813993,1530.9876774329489,194.5389394736104,0
AT2_water,260887.5,28.871,0.093549299553745,1584.1423699244856,223.9841413585957,0
AT2_water,258487.5,28.883,0.1071108561962445,1613.24261014911,248.35528757348945,0
AT2_water,256687.5,28.881,0.1184911917355154,1630.1552351614,271.06876963697465,0
AT2_water,254887.5,28.884,0.1295276496201326,1647.1243226615431,294.69534231995283,0
AT2_water,253087.5,28.884,0.1410295262049114,1670.2275705101692,322.98778582867925,0
AT2_water,252187.5,28.883,0.1516040317878211,1688.984016908401,346.92528878326107,0
AT2_water,250987.5,28.879,0.1613425836436163,1705.13407333074,366.7661803912692,0
AT2_water,250087.5,28.891,0.1702343475274848,1721.3842255022018,389.7949790861084,0
AT2_water,478846.0,28.904,0.0105445925549192,1280.015349618039,82.2020347319984,0
AT2_water,470146.0,28.901,0.0276730647615929,1386.0860828571035,123.69188605948766,0
AT2_water,462646.0,28.894,0.0411937692758829,1423.017462472177,160.9383162741766,0
AT2_water,456346.0,28.908,0.0547956137447426,1465.2507145868858,196.1292594156652,0
AT2_water,451546.0,28.913,0.0667588173731967,1497.7985715576428,225.27762859049872,0
AT2_water,447646.0,28.91,0.0777668052041884,1519.7372158484957,248.6452991836392,0
AT2_water,444346.0,28.912,0.0886248336981785,1543.271084706652,275.73580894176496,0
AT2_water,441646.0,28.901,0.0986567437044899,1584.2626564820248,302.89555036830035,0
AT2_water,439546.0,28.905,0.1080638320535709,1597.9487559680504,325.94161902072244,0
AT2_water,437146.0,28.917,0.1169952665670752,1609.6593393432945,350.12526105313896,0
AT2_water,435646.0,28.912,0.1264364486539321,1618.5566448955076,371.16480297438886,0
AT2_water,669635.5,28.92,0.01024615538907,1321.8261715908482,113.94591053690706,0
AT2_water,658535.5,28.927,0.0240562372764908,1378.1168658057757,152.05079945618897,0
AT2_water,650135.5,28.926,0.0352652698547285,1413.4647028995262,190.25130867359672,0
AT2_water,643235.5,28.92,0.0459360024223526,1440.9601462927517,223.05749987988705,0
AT2_water,638135.5,28.93,0.0554095930640393,1463.3254515709164,252.18754037743625,0
AT2_water,633635.5,28.92,0.0647986736061383,1491.4659547564124,283.072898617316,0
AT2_water,630035.5,28.909,0.0733636951011472,1515.632092120774,307.5567992542707,0
AT2_water,626735.5,28.929,0.0812910906788475,1524.9360313496145,330.5266418855502,0
AT2_water,624035.5,28.916,0.0892278110015519,1538.7621424700365,351.4027131499743,0
AT2_water,621935.5,28.922,0.0965518310349698,1566.681467838514,374.7223758775324,0
AT2_water,891061.0,28.943,0.0104060458497705,1339.5773447294462,163.04585666902136,0
AT2_water,881161.0,28.948,0.0209940216254049,1405.9423330808938,203.3635391016988,0
AT2_water,872761.0,28.948,0.0293679284636136,1419.1232266108009,239.255390438626,0
AT2_water,866161.0,28.934,0.037514608433283,1436.5170065639345,271.9347998116117,0
AT2_water,861061.0,28.94,0.0449156581689701,1461.4555979416791,307.82931472141644,0
AT2_water,856561.0,28.921,0.0520600704868056,1478.7588617429076,330.9349363168873,0
AT2_water,853561.0,28.935,0.0582060863176046,1478.9180881414516,353.4805932093205,0
AT2_water,850261.0,28.943,0.0645844842357344,1495.7946671756124,377.8696362371416,0
AT2_water,848161.0,28.943,0.0706421434046066,1511.261595951649,402.6960660760448,0
AT2_water,848161.0,28.94,0.0761642224711146,1518.383857661978,418.3763488775805,0
AT2_water,982750.0,28.969,0.0103126931862577,1364.153446583206,188.19291486944127,0
AT2_water,972250.0,28.963,0.0197131598161296,1409.947609451682,224.491283720346,0
AT2_water,965050.0,28.972,0.0272218768281585,1414.093033931488,258.33074201946874,0
AT2_water,958150.0,28.963,0.0346521512967523,1442.0626545603964,298.79653173670624,0
AT2_water,952150.0,28.974,0.0412430406982118,1457.3812770188974,327.4458977299543,0
AT2_water,948850.0,28.977,0.0474187502117273,1475.515575362719,356.8062757992211,0
AT2_water,944650.0,28.968,0.0533430185070329,1482.428894936202,381.66376777848257,0
AT2_water,943750.0,28.981,0.0586969492277465,1488.8166704854732,401.2336639709287,0
AT2_water,942250.0,28.974,0.0640023617268057,1499.999325187414,423.110947809092,0
AT2_water,940150.0,28.968,0.0692218691683317,1511.152162187987,436.0215322290528,0
AT2_water,939250.0,28.986,0.0748869155567776,1520.3428261677766,458.5040286622571,0
AT2_water,1063192.0,29.041,0.0102121431476225,1355.3964063604144,210.3339964951091,0
AT2_water,1053592.0,29.03,0.018407228432976,1408.6400742724547,246.71099975012763,0
AT2_water,1046692.0,29.029,0.0253259562896734,1430.1496753956392,283.99751471605634,0
AT2_water,1039792.0,29.043,0.031968465833491,1434.7507289231328,320.7451093729843,0
AT2_water,1035592.0,29.039,0.0380075133111436,1458.5731696060418,351.1156132265188,0
AT2_water,1031992.0,29.056,0.0437055336188116,1479.4008401554072,379.65816778529967,0
AT2_water,1029592.0,29.063,0.0487461716852287,1478.5090014756142,403.5259164918549,0
AT2_water,1026592.0,29.052,0.0540744861906454,1491.4746643554038,425.6600844942326,0
AT2_water,1025992.0,29.068,0.0587341150421723,1493.1428119030204,446.3834633925253,0
AT2_water,1023892.0,29.06,0.0641293526821351,1495.301213374242,459.14268074711936,0
AT2_water,1022692.0,29.066,0.0690950565075125,1513.53765475696,480.61262692558887,0
AT2_water,154706.5,57.662,0.0099346533331671,1295.7626242442907,29.327636458367945,0
AT2_water,150506.5,57.672,0.0335044428279455,1358.9651764987295,59.75313335092382,0
AT2_water,146906.5,57.725,0.0569076395966776,1457.7271961699432,90.8879563476411,0
AT2_water,143906.5,57.708,0.0780775860465365,1524.5488289105024,121.93874880703544,0
AT2_water,141506.5,57.718,0.0967891003425996,1584.7449832789316,154.28762662984775,0
AT2_water,139406.5,57.756,0.1136722931341099,1628.1136611017691,183.43778191380724,0
AT2_water,136406.5,57.813,0.1330742297191686,1683.522989317329,220.94018955008195,0
AT2_water,136406.5,57.804,0.1402765796153711,1667.7227069864134,237.9516285036304,0
AT2_water,135506.5,57.789,0.1517870312418267,1703.5895980512728,264.8993282093268,0
AT2_water,134306.5,57.814,0.1644009813853486,1735.889786142819,290.7013767320956,0
AT2_water,133406.5,57.821,0.1763750691197835,1755.099768832122,313.212320118531,0
AT2_water,132806.5,57.879,0.1861520277588663,1771.3959154469662,337.19561218446484,0
AT2_water,132506.5,57.87,0.1953454388995008,1782.4235125931982,355.2668235662139,0
AT2_water,131006.5,57.888,0.2081708504571478,1794.0008236280771,381.4958454126785,0
AT2_water,131006.5,57.898,0.2161556680250582,1798.6208526889889,395.1359993475808,0
AT2_water,131006.5,57.924,0.2240788425523289,1806.316017667153,413.71074853723417,0
AT2_water,130706.5,57.968,0.232190294466119,1801.8232033724992,426.76741069904045,0
AT2_water,278887.5,58.037,0.0102486635708746,1320.759239643692,59.20081139133802,0
AT2_water,272887.5,58.074,0.0315976210581192,1438.9252547706644,97.35582418252233,0
AT2_water,268087.5,58.09,0.0501111339973473,1499.0976100240428,133.39963638208002,0
AT2_water,264187.5,58.101,0.0671525342284998,1539.3079429294628,163.7187433608807,0
AT2_water,260887.5,58.101,0.081668426748674,1560.2938466420546,194.34189621195424,0
AT2_water,258487.5,58.143,0.0954254116349129,1605.706873844872,224.0334972118873,0
AT2_water,256387.5,58.155,0.1084693774988504,1635.9877261245128,251.44939031487968,0
AT2_water,254887.5,58.143,0.1194034582840277,1652.6375293255558,276.01870076579456,0
AT2_water,254887.5,58.168,0.1282911373988816,1667.1851275384688,296.7688118811289,0
AT2_water,252187.5,58.165,0.140197261866254,1687.0259882299013,330.4427688484796,0
AT2_water,250987.5,58.186,0.1505729019570989,1700.8567443434897,355.9443282500018,0
AT2_water,250087.5,58.173,0.1594328245903581,1720.7694442523634,379.90191488944623,0
AT2_water,249187.5,58.182,0.168516414764496,1735.126897747023,403.18729301907,0
AT2_water,469466.0,58.213,0.0102911595669916,1327.5542569393565,102.70600083434232,0
AT2_water,461366.0,58.232,0.0274978274550626,1434.7646335494642,141.2746989250758,0
AT2_water,455066.0,58.26,0.04196593909209,1476.0566952987044,175.28842752714684,0
AT2_water,450266.0,58.247,0.0547671291756777,1483.616454263018,202.8740858236559,0
AT2_water,446666.0,58.26,0.066358270756102,1508.2157329146771,230.1168268700737,0
AT2_water,443666.0,58.281,0.0770832983140365,1529.9044561259664,255.40245380605745,0
AT2_water,440666.0,58.276,0.0878870295621803,1558.0611896407363,287.7667243409634,0
AT2_water,438566.0,58.271,0.0975207794664383,1584.6628328763272,312.5707775374024,0
AT2_water,436466.0,58.272,0.1067312825184712,1599.8716373333964,337.9607605325237,0
AT2_water,434966.0,58.295,0.1148479535715945,1608.4658655543892,361.5686196285064,0
AT2_water,433466.0,58.3,0.1239600864709971,1624.6471437897385,388.4181000900433,0
AT2_water,654155.5,58.332,0.0102358354554138,1368.2161361494827,151.0662615986768,0
AT2_water,646055.5,58.349,0.0233532715613294,1418.02654218769,183.7204576346646,0
AT2_water,639455.5,58.344,0.0342204620631867,1437.35440037834,217.21314204028545,0
AT2_water,634655.5,58.355,0.044794973242225,1467.3946506847751,246.82636811560403,0
AT2_water,630155.5,58.339,0.0540199272382164,1476.528190407747,279.6784648454862,0
AT2_water,626855.5,58.336,0.0629625008596004,1492.8928263606722,302.75430926852766,0
AT2_water,624155.5,58.359,0.0713323641112564,1517.8655125957018,328.7345853864548,0
AT2_water,621755.5,58.367,0.0791275657896353,1527.136920367068,350.1518107586651,0
AT2_water,620555.5,58.375,0.085875123264021,1527.9591067180083,372.3939214261579,0
AT2_water,618155.5,58.388,0.0934357747175046,1559.6975559547072,396.3671642179666,0
AT2_water,870961.0,58.376,0.0104499060112286,1388.0738279484558,227.0773451864941,0
AT2_water,864361.0,58.396,0.0196631564311562,1421.7634350247058,256.1166477063946,0
AT2_water,859261.0,58.394,0.0273898818391482,1427.0956386782625,287.9357270315794,0
AT2_water,854161.0,58.381,0.035258425758379,1450.457073862501,325.0066890520097,0
AT2_water,849661.0,58.399,0.0423462499031505,1458.3631277785307,350.22969322645406,0
AT2_water,848461.0,58.411,0.0487803038639415,1470.5834576117334,375.4331327076966,0
AT2_water,847561.0,58.42,0.0549130727474936,1482.1374712477063,398.5784328820239,0
AT2_water,845161.0,58.415,0.0606591061440345,1480.3368007580336,418.8636762989322,0
AT2_water,844561.0,58.428,0.0663001456825389,1486.017471937805,437.71045882127726,0
AT2_water,843961.0,58.418,0.0716660458675782,1492.9052852989407,459.9047556978248,0
AT2_water,961050.0,58.391,0.0104499945923604,1393.5262128824777,259.9082866278704,0
AT2_water,955350.0,58.405,0.0184505777157065,1426.6580807744483,290.7123511672503,0
AT2_water,950250.0,58.412,0.0253009263184287,1424.337991383985,320.7931066779183,0
AT2_water,943950.0,58.422,0.0322962596284452,1437.8945964166437,358.69004987268863,0
AT2_water,943350.0,58.41,0.038210165151258,1448.2747712771263,383.4642809492609,0
AT2_water,941250.0,58.4,0.0440762827476845,1460.33378354016,406.6263487401933,0
AT2_water,939450.0,58.432,0.0496363044585639,1466.7811215438091,429.5157905688733,0
AT2_water,939150.0,58.422,0.054536452328448,1464.2403183076249,448.11371143976135,0
AT2_water,938550.0,58.415,0.0595532154212869,1470.820379797741,467.811466089005,0
AT2_water,938550.0,58.422,0.0646924556469571,1470.819027931468,480.5903164350249,0
AT2_water,938550.0,58.438,0.0694914163309675,1480.9622891568638,501.7437035400708,0
AT2_water,1042212.0,58.381,0.0103996559789252,1398.374430398488,296.31639574386566,0
AT2_water,1036512.0,58.373,0.0174419129484262,1425.230397188924,326.58104512633054,0
AT2_water,1032912.0,58.368,0.0237060443320058,1421.4989138155725,356.477608494304,0
AT2_water,1029312.0,58.386,0.0295108777422145,1429.9700039535117,389.3837789586417,0
AT2_water,1027212.0,58.383,0.0349272419183993,1439.2164647567315,416.68156283903687,0
AT2_water,1025712.0,58.391,0.0401860833387666,1446.9989190024585,439.7382248841806,0
AT2_water,1024512.0,58.396,0.0451958964102942,1461.124075631229,463.9817643490704,0
AT2_water,1023912.0,58.403,0.0499083247808429,1456.6258328412744,480.1502160388661,0
AT2_water,1023612.0,58.398,0.0540113458295099,1449.8669212820898,491.9738015309256,0
AT2_water,1022412.0,58.407,0.0591260355753708,1454.3648165821248,514.5048661692197,0
AT2_water,1022412.0,58.412,0.0634698766178451,1454.547736042921,530.792491699817,0
AT2_water,152484.5,89.717,0.0096783755336205,1316.9065717588765,41.81568829737411,0
AT2_water,147084.5,89.805,0.0337572724142653,1416.283562881496,89.53447101250744,0
AT2_water,144384.5,89.816,0.054224249849195,1516.1375958327285,126.1046716739244,0
AT2_water,141084.5,89.851,0.074859142718166,1581.401448159953,166.19793414008157,0
AT2_water,139584.5,89.851,0.0900969861482372,1625.8453327132204,196.7086232639985,0
AT2_water,136284.5,89.863,0.108260622292312,1684.4169416885995,240.12728589709204,0
AT2_water,136284.5,89.826,0.117758296822162,1705.702350145687,264.7702813742088,0
AT2_water,135084.5,89.794,0.1294728724662434,1744.10361678322,297.3639868361104,0
AT2_water,134184.5,89.747,0.1398688469768993,1776.0414364590583,327.509663646565,0
AT2_water,133284.5,89.769,0.1477735706921465,1772.9510579025734,357.7274201415468,0
AT2_water,133284.5,89.752,0.1557477609182848,1781.5819614529871,380.5844737174728,0
AT2_water,130284.5,89.752,0.1702159170782347,1814.8414387809544,423.0477858511435,0
AT2_water,130284.5,89.704,0.177650496195993,1820.5899809792527,442.60224474761134,0
AT2_water,130284.5,89.7,0.1849615312153112,1832.6848273853448,460.7339138205557,0
AT2_water,130284.5,89.674,0.1922488377361816,1838.949527971777,485.19471223054114,0
AT2_water,130284.5,89.678,0.1991542441730213,1838.948031642587,499.56407871014113,0
AT2_water,129984.5,89.65,0.2074706967052446,1848.5292069306504,515.1151938686501,0
AT2_water,129984.5,89.662,0.2139356245062042,1839.0382057059933,527.9691453252354,0
AT2_water,285334.5,89.57,0.0096474487885863,1309.943215123318,79.55642934132837,0
AT2_water,281134.5,89.553,0.0286398469850847,1442.1512349623713,126.8582297646226,0
AT2_water,275734.5,89.416,0.045406492415927,1501.1391405775232,168.9801844673542,0
AT2_water,271834.5,89.391,0.0607341340009562,1544.4397136467394,203.3552062413438,0
AT2_water,268834.5,89.308,0.0730142352056481,1562.4924251494815,238.43687012716865,0
AT2_water,266434.5,89.276,0.0852233513022877,1595.2799567205498,269.28597556771524,0
AT2_water,264334.5,89.225,0.0962248763124742,1636.592245099265,302.5546490369933,0
AT2_water,262534.5,89.173,0.1066531214769349,1661.0667069557835,332.94392628157846,0
AT2_water,261034.5,89.107,0.1155193688109324,1671.4514325030575,367.7791436856282,0
AT2_water,259834.5,89.055,0.1242267906584941,1697.9628088841023,399.7355342538026,0
AT2_water,258934.5,89.071,0.132100933820123,1711.1015973793362,434.83126077674194,0
AT2_water,258034.5,89.057,0.1397692788554167,1722.589152842425,461.6772899800112,0
AT2_water,258034.5,89.005,0.1462862050298647,1734.7616190489982,487.82690037947725,0
AT2_water,480393.0,88.951,0.0104402373057491,1308.719709401851,140.06185701635349,0
AT2_water,475293.0,88.897,0.0247810108874291,1415.6141440263866,187.94406628849208,0
AT2_water,469593.0,88.849,0.0371510895060937,1455.5614926334113,220.70362712692648,0
AT2_water,464793.0,88.778,0.0481740908076509,1468.7680889557416,254.46555349427868,0
AT2_water,461493.0,88.769,0.058300671174491,1494.1547725453972,285.3289437212562,0
AT2_water,458193.0,88.73,0.0677799884833076,1517.5281474206267,324.1259043795711,0
AT2_water,455793.0,88.716,0.0762302924589973,1523.4863668876906,352.050304408661,0
AT2_water,453993.0,88.706,0.0843451897751517,1546.2994091742428,380.15710633952887,0
AT2_water,452193.0,88.661,0.092294602427063,1562.3847296239712,406.0288670441145,0
AT2_water,450993.0,88.667,0.0995959369056898,1590.79217020311,435.5000851974842,0
AT2_water,449793.0,88.625,0.1069682173802082,1595.5747852157272,459.1719507690513,0
AT2_water,654045.5,88.601,0.0100870258950359,1352.9531995207565,204.49062436919223,0
AT2_water,649845.5,88.58,0.0209264803261157,1388.5811699379858,239.816080418728,0
AT2_water,644445.5,88.504,0.0299423124336414,1394.7214649888062,275.14104330425727,0
AT2_water,640545.5,88.474,0.0388945027509858,1428.006406889645,308.4561016874752,0
AT2_water,636645.5,88.42,0.0469579286277833,1436.5177117808894,342.9959447911889,0
AT2_water,633945.5,88.387,0.0543735897850226,1451.5833587108625,370.0520074084001,0
AT2_water,631845.5,88.394,0.0614832385301162,1464.947739918398,395.1939532107694,0
AT2_water,630045.5,88.368,0.0683073020975064,1482.5775990905724,422.2781759387141,0
AT2_water,629445.5,88.347,0.0744901445492773,1492.83449673878,445.3255818101934,0
AT2_water,627345.5,88.392,0.0806025654240411,1494.7953762108148,468.0696360275829,0
AT2_water,627345.5,88.345,0.0865093847438019,1507.987134281621,497.6677435462419,0
AT2_water,880463.5,88.189,0.0097308919297864,1340.5678085388718,292.050743459584,0
AT2_water,875063.5,88.165,0.0171240343833835,1366.6172927035673,327.5502028807018,0
AT2_water,871763.5,88.155,0.0233946989983926,1366.7873578011192,364.7254275082358,0
AT2_water,868463.5,88.157,0.0299611986475756,1387.0558863530096,403.82978837918506,0
AT2_water,866963.5,88.146,0.0355210623123346,1390.7569964577356,432.2897177077298,0
AT2_water,864563.5,88.165,0.0409687632678069,1391.2559081368445,456.5170095330541,0
AT2_water,864563.5,88.158,0.0461498969595562,1401.9032742160027,482.3067010374085,0
AT2_water,864563.5,88.134,0.0510715695822178,1406.3368322434353,502.79176395750926,0
AT2_water,864563.5,88.156,0.0557706954603232,1410.0562353303771,523.4555482831322,0
AT2_water,864563.5,88.127,0.0606922755301943,1409.3845616657272,539.4166532649954,0
AT2_water,864563.5,88.17,0.064896265337291,1407.5020687033975,560.0419346083293,0
AT2_water,974520.0,88.095,0.0104871807325667,1332.5456170302411,338.6194214939741,0
AT2_water,970020.0,88.069,0.016786346555858,1364.730809484791,377.7681581771464,0
AT2_water,965520.0,88.1,0.0225688038802311,1347.5947413934532,413.65475879239335,0
AT2_water,964920.0,88.076,0.0279222637259276,1364.3569763821745,442.1207035705396,0
AT2_water,963720.0,88.081,0.0327957831448824,1367.8210680650702,471.8234847479008,0
AT2_water,963720.0,88.079,0.0375483747682233,1375.9566173657386,494.8445759646521,0
AT2_water,963720.0,88.088,0.0417564166976928,1369.920460471011,518.285927165525,0
AT2_water,963720.0,88.088,0.0461833004135898,1377.4394025068616,542.0305511298925,0
AT2_water,963720.0,88.105,0.0501339586245691,1373.3570604865631,552.2620222756385,0
AT2_water,963720.0,88.069,0.0547125542939423,1374.138316575632,574.3437637430997,0
AT2_water,963720.0,88.085,0.0586021949644524,1370.3325221105556,595.782864153083,0
AT2_water,1060699.0,88.024,0.010416253594458,1327.0718388503803,384.5394200259478,0
AT2_water,1057099.0,88.043,0.0159099092692405,1343.0990652453902,417.0480329729692,0
AT2_water,1054699.0,88.09,0.020922356251234,1331.8056080423073,456.5927692505578,0
AT2_water,1054399.0,88.057,0.0256506384056874,1342.687111838651,482.7177099652872,0
AT2_water,1054399.0,88.048,0.0299726566510426,1345.4092343599514,510.5734808347795,0
AT2_water,1054399.0,88.1,0.034658985139645,1370.5945197936544,535.9478040174993,0
AT2_water,1054399.0,88.097,0.0380109026555494,1347.7526217704838,559.7071044389158,0
AT2_water,1054399.0,88.083,0.0420717415069583,1345.477132560196,577.0292815339255,0
AT2_water,1054399.0,88.081,0.0456462165223207,1339.7266133297596,585.566420516225,0
AT2_water,1054399.0,88.093,0.0497694131544011,1338.656557877199,607.53495554402,0
AT2_water,1054399.0,88.095,0.0531861198323334,1330.6723783681423,626.901077991059,0
AT1_water,157206.5,29.164,0.0097115754727013,1231.402042213383,30.90190351827541,0
AT1_water,151506.5,29.175,0.0343365385232032,1325.7882781068502,68.12526480679308,0
AT1_water,148806.5,29.176,0.0545450146618336,1417.045285309879,96.8135066322218,0
AT1_water,145206.5,29.186,0.0762377079745418,1493.2358014461909,129.3144579098958,0
AT1_water,141306.5,29.19,0.0983444047463348,1568.9855165570073,164.75224263682043,0
AT1_water,140406.5,29.206,0.1116822591663148,1608.086280256945,187.50568430637404,0
AT1_water,137106.5,29.218,0.1319902348884961,1660.018490900917,218.9414861590085,0
AT1_water,137106.5,29.193,0.1395052540715461,1658.4100567268222,236.4121026327812,0
AT1_water,135906.5,29.207,0.1522571435064649,1690.3825645654888,261.367288251059,0
AT1_water,134706.5,29.222,0.1649112548997926,1718.579359946432,282.6487845498736,0
AT1_water,133506.5,29.22,0.1781866209783348,1751.251262276896,307.53020383332864,0
AT1_water,130506.5,29.228,0.1959699695804403,1776.7162636337396,341.7722246985987,0
AT1_water,130506.5,29.234,0.204274682963583,1787.9048535781017,357.41999433341414,0
AT1_water,130506.5,29.225,0.2126732291870625,1795.965592719557,371.7688161419541,0
AT1_water,130506.5,29.234,0.2206392340791881,1808.7065154757083,387.0468983504824,0
AT1_water,130506.5,29.221,0.2282429720466457,1810.9333379596733,404.52813229908224,0
AT1_water,130206.5,29.236,0.2366045847194416,1805.6380031901465,414.559454244723,0
AT1_water,281807.5,29.237,0.0103475028599939,1298.870152981454,63.96376124085618,0
AT1_water,274607.5,29.243,0.0311365682245724,1426.4581678102454,108.98082183325307,0
AT1_water,269207.5,29.23,0.0489542182909561,1492.0275481252152,148.21123300641423,0
AT1_water,265007.5,29.23,0.0655075516890132,1536.3506570912964,179.858562021995,0
AT1_water,261707.5,29.236,0.0793710153209558,1556.4803591578122,208.65755673991143,0
AT1_water,258707.5,29.236,0.0937084746885851,1603.422971667775,236.6981888943844,0
AT1_water,256607.5,29.244,0.1066711312047369,1632.581318411164,260.88610987176605,0
AT1_water,254807.5,29.228,0.1184338451676831,1655.4341145886392,284.1470087898807,0
AT1_water,253007.5,29.246,0.1293955211191706,1670.8053087416497,308.4440796730246,0
AT1_water,251507.5,29.246,0.140488086579025,1689.4485248435626,334.3878729476804,0
AT1_water,251507.5,29.254,0.1500849149619787,1699.528985854526,353.493020677064,0
AT1_water,249107.5,29.233,0.161825997082402,1732.755845848437,380.2953227390016,0
AT1_water,248207.5,29.256,0.1705729247651914,1739.9615537148832,401.0791051167733,0
AT1_water,473086.0,29.239,0.0104291705751395,1306.206876800023,108.53173502178495,0
AT1_water,463786.0,29.243,0.0269768449747683,1423.5521901672175,151.73702895027068,0
AT1_water,456886.0,29.234,0.0407922409331644,1477.2069537652892,190.306664885505,0
AT1_water,451186.0,29.242,0.0531041692818041,1494.485361451833,223.8697271021192,0
AT1_water,446986.0,29.24,0.0644016248451531,1520.1245604764144,250.14207429078093,0
AT1_water,443386.0,29.235,0.0751581303785634,1542.886495230147,275.7291193641314,0
AT1_water,439786.0,29.247,0.0859044233289793,1567.9233489059447,307.34821868305886,0
AT1_water,437386.0,29.233,0.0957328392345603,1603.3598968658898,333.21064016942336,0
AT1_water,435286.0,29.243,0.105167643904443,1621.7187374596062,356.5022056251762,0
AT1_water,433486.0,29.255,0.1138579589518943,1639.86617395954,380.55307799493687,0
AT1_water,431686.0,29.249,0.1229245241899673,1640.5298065138231,400.4716031047387,0
AT1_water,656555.5,29.245,0.010461481668126,1362.9641175169677,157.20158374350623,0
AT1_water,646955.5,29.238,0.0232285970243215,1425.0318438765582,196.3619658025329,0
AT1_water,639455.5,29.25,0.033606447702439,1449.527660418807,234.45353568641625,0
AT1_water,633455.5,29.254,0.0439177630244664,1488.135785288409,268.5201386883694,0
AT1_water,628655.5,29.243,0.0528365333029065,1502.4032639551936,302.7615601144494,0
AT1_water,625055.5,29.233,0.0612972396706013,1521.4723210384072,327.6619063202924,0
AT1_water,621455.5,29.235,0.0696759052803928,1546.8824079914823,355.159037359554,0
AT1_water,618455.5,29.253,0.0776329580621194,1558.450143270947,376.33661106329646,0
AT1_water,616355.5,29.23,0.0847556680936711,1570.1140125445738,402.0205087320872,0
AT1_water,614555.5,29.253,0.0917964705487173,1580.5530319695563,421.805260087934,0
AT1_water,867461.0,29.23,0.010488235477801,1413.0071633674656,236.4667476352462,0
AT1_water,859661.0,29.232,0.0195526189307294,1453.6523682678237,267.7772077825471,0
AT1_water,851861.0,29.242,0.0272637283135601,1470.3153110386472,309.12891949438114,0
AT1_water,847361.0,29.238,0.0348473274741865,1491.369015958731,349.0421738434466,0
AT1_water,842861.0,29.242,0.0416130761722146,1511.102322291601,379.7558831734425,0
AT1_water,839561.0,29.247,0.0481356323403611,1525.5085764183668,404.972435225064,0
AT1_water,837161.0,29.25,0.0542002971647367,1541.4001005348084,430.6798998444616,0
AT1_water,834461.0,29.257,0.0600934831970927,1551.3014793887423,453.932678432781,0
AT1_water,832961.0,29.253,0.0654486989897386,1555.26605354088,476.7337839359926,0
AT1_water,831161.0,29.259,0.0711270787033999,1563.9932928922049,498.1719399699999,0
AT1_water,830261.0,29.269,0.0768404713836507,1570.7616692846827,511.9773194286744,0
AT1_water,952770.0,29.277,0.0103565739354603,1426.5543595481222,264.9285258258383,0
AT1_water,949770.0,29.277,0.0181512021702367,1474.7404612519526,305.38919628301073,0
AT1_water,939570.0,29.27,0.0251161281687795,1480.5216661767738,342.86146093600934,0
AT1_water,929970.0,29.268,0.0322526736207015,1492.9778612120049,382.1757240598215,0
AT1_water,929970.0,29.268,0.0383414012159845,1525.374509145107,412.4186707379551,0
AT1_water,925470.0,29.262,0.0439460747711996,1527.8250913001275,443.13753086188336,0
AT1_water,925170.0,29.272,0.0492387173432089,1543.757054201959,470.890951164115,0
AT1_water,923070.0,29.276,0.0544223435603982,1551.8624099884132,493.6955399741056,0
AT1_water,921870.0,29.276,0.0590116282452123,1548.6297060248485,515.6396406990821,0
AT1_water,920670.0,29.295,0.0644446626619972,1559.947785691474,532.4963787141749,0
AT1_water,919770.0,29.284,0.0690754096188753,1561.29253167533,551.6295977153327,0
AT1_water,1029892.0,29.328,0.0103287933204991,1440.19630128962,300.30093516655427,0
AT1_water,1019392.0,29.343,0.0176030862846323,1480.197523150474,341.45841915956163,0
AT1_water,1015492.0,29.33,0.0238272522858667,1487.6887420390024,380.4647573158859,0
AT1_water,1010992.0,29.342,0.0296354068917303,1503.8344119702458,420.9229078973085,0
AT1_water,1007392.0,29.338,0.0349834784285307,1508.0629322474165,449.49746206103066,0
AT1_water,1006192.0,29.344,0.0400078790156538,1531.7405371503903,483.8812863174789,0
AT1_water,1004392.0,29.345,0.0449425659510997,1544.377829674874,508.5709546787447,0
AT1_water,1001992.0,29.349,0.0498450336140076,1553.2464657594192,532.7202993512684,0
AT1_water,1001392.0,29.354,0.0539472188119438,1546.2233581943458,544.5094764231809,0
AT1_water,1001392.0,29.349,0.0587332760229597,1548.948116727679,566.6107649260008,0
AT1_water,1001092.0,29.335,0.0629625675121722,1560.1791118146182,594.8066300661274,0
AT1_water,152606.5,57.629,0.0098445176045103,1319.118545079516,36.71555639611044,0
AT1_water,148406.5,57.671,0.0345701201146127,1395.505255081744,66.59343264263785,0
AT1_water,145106.5,57.705,0.0579770138294409,1491.46055841407,97.47848263078448,0
AT1_water,140906.5,57.751,0.0833223420314271,1569.7696929432266,135.62331294521286,0
AT1_water,139706.5,57.777,0.098802736094765,1623.2933281770056,162.61692638643734,0
AT1_water,137306.5,57.789,0.1170010860675589,1674.4566737523137,194.3999148837028,0
AT1_water,135806.5,57.806,0.1317758890473276,1708.930617472281,223.95949234552933,0
AT1_water,134906.5,57.83,0.1437220015072758,1736.2162760554004,248.2030786818428,0
AT1_water,133706.5,57.829,0.1547483110880565,1749.768186280242,275.0284738119188,0
AT1_water,132806.5,57.844,0.1661109201817506,1777.7145937903329,301.3094351196988,0
AT1_water,131006.5,57.862,0.1808960954453376,1803.2422203561205,333.9770222454114,0
AT1_water,131006.5,57.89,0.1888178956898807,1808.598869383715,351.0097074386454,0
AT1_water,130706.5,57.9,0.1981541556647606,1828.5421224068727,371.1448445120963,0
AT1_water,130406.5,57.9,0.2070305008375179,1831.2402171973824,386.8472564494649,0
AT1_water,129806.5,57.912,0.217353953831481,1843.742043028904,403.7560344284909,0
AT1_water,129506.5,57.929,0.2267503127819265,1846.374693357779,420.3072335740933,0
AT1_water,129506.5,57.909,0.2341654508637907,1837.841790333324,430.5901876679352,0
AT1_water,274787.5,57.973,0.0104095865548677,1374.8601121164347,84.30856338264115,0
AT1_water,269087.5,57.983,0.0311867500895384,1475.566387393702,123.00976137250898,0
AT1_water,264587.5,58.002,0.0493617870642933,1541.2964805693152,158.98808469881868,0
AT1_water,260987.5,58.015,0.0659229259887293,1576.4134545870331,189.153525714252,0
AT1_water,258287.5,58.021,0.0794372805699013,1597.443906669276,220.1264313890554,0
AT1_water,255887.5,58.025,0.0930477522574243,1629.2485182888547,247.54996946350792,0
AT1_water,253787.5,58.052,0.1057669444710767,1670.201139285098,276.16449246596414,0
AT1_water,251987.5,58.056,0.1170971759193661,1687.7423767851333,302.09118765995987,0
AT1_water,250787.5,58.066,0.1275731283165706,1703.9921955412417,325.94957045803454,0
AT1_water,249287.5,58.074,0.1378783190221714,1722.7964535826368,356.30885246360134,0
AT1_water,248387.5,58.106,0.1481767441170311,1745.6507708809522,385.6092364064853,0
AT1_water,247487.5,58.133,0.1567546598576895,1754.2734866697056,406.5629451371984,0
AT1_water,246587.5,58.114,0.1656968269819661,1777.2806806673468,431.9034822383458,0
AT1_water,461086.0,58.154,0.0103516673091975,1393.8995133436008,162.6930183645217,0
AT1_water,454486.0,58.169,0.0256252138610418,1472.6890423563257,198.6757964249984,0
AT1_water,449086.0,58.176,0.0388906984049234,1522.3698877136146,228.7830987196741,0
AT1_water,444886.0,58.173,0.0504730280913724,1527.2961912785076,258.40573981530986,0
AT1_water,441586.0,58.173,0.0615465370620421,1554.7688804682955,286.5544885642041,0
AT1_water,438286.0,58.207,0.0720112454649131,1579.4193803078322,321.77664195336007,0
AT1_water,435886.0,58.213,0.0815088734882995,1595.378534466137,350.2762099142969,0
AT1_water,433786.0,58.228,0.0907241503713583,1612.5353405244723,372.958864072302,0
AT1_water,432286.0,58.25,0.0993296684010725,1640.6633822179067,397.9626181787092,0
AT1_water,430786.0,58.274,0.1076927314500499,1655.6225679777729,419.97448658549706,0
AT1_water,429286.0,58.252,0.1161783305000043,1661.8298393338491,444.42710370028016,0
AT1_water,640655.5,58.288,0.0101014708952997,1390.0530247771485,244.2585233869724,0
AT1_water,634655.5,58.284,0.0213791479299895,1487.6720794577516,280.3946316605382,0
AT1_water,630155.5,58.295,0.0309194418985654,1510.5626444194993,311.8817341132864,0
AT1_water,625655.5,58.304,0.0397304588536367,1512.4781704969903,340.81997873965554,0
AT1_water,622355.5,58.308,0.0480162179845955,1526.747879680801,375.4742095891228,0
AT1_water,619955.5,58.315,0.0556317074362955,1539.381619698466,400.5430843120213,0
AT1_water,617555.5,58.3,0.0631378359449823,1550.1650819044085,424.4279705089413,0
AT1_water,615755.5,58.315,0.0703119730222316,1563.489702715004,446.6697690871266,0
AT1_water,614255.5,58.308,0.0770936463242186,1581.2414815865948,471.34666023977735,0
AT1_water,613355.5,58.325,0.0832174880244726,1578.5015743114282,491.7064616232934,0
AT1_water,613355.5,58.334,0.0898027187358347,1595.0078103466087,518.8786456487754,0
AT1_water,851961.0,58.356,0.0104092065753468,1453.0336060962084,373.1214135733852,0
AT1_water,848361.0,58.344,0.0175604358403,1490.2125518479495,410.64780133444094,0
AT1_water,846261.0,58.346,0.0239340287348864,1481.3983584511973,443.1141573347736,0
AT1_water,842961.0,58.358,0.0303219474769659,1506.584063840216,482.607421590741,0
AT1_water,841761.0,58.37,0.0361170362125057,1520.3821457233832,506.4326677757667,0
AT1_water,839961.0,58.364,0.041574016666036,1526.2730918931582,533.7230926404985,0
AT1_water,839061.0,58.364,0.046704822944594,1527.186486532628,554.1406302372677,0
AT1_water,838161.0,58.365,0.05190241240514,1533.7730093992882,576.3013354746744,0
AT1_water,838161.0,58.395,0.0567225566513839,1532.8539554303916,595.3874074490141,0
AT1_water,838161.0,58.393,0.0617971274577324,1536.0941682217594,608.3859479737165,0
AT1_water,838161.0,58.398,0.066283371496978,1530.93806492182,627.4638632610747,0
AT1_water,950070.0,58.411,0.0103936502889471,1464.3156047252644,445.59383399449007,0
AT1_water,938370.0,58.414,0.01667964598221,1483.6692788952234,470.2072655331992,0
AT1_water,935370.0,58.406,0.0223134635034072,1480.221852271381,511.3299815893541,0
AT1_water,933270.0,58.409,0.0276937775698653,1490.691951936034,535.3473343752162,0
AT1_water,932670.0,58.41,0.0327938724838089,1512.278365366861,568.7055940831373,0
AT1_water,931470.0,58.405,0.037434952422223,1509.5726028928652,596.4784742951767,0
AT1_water,931470.0,58.415,0.041790495401524,1507.3935402684951,618.4688196632627,0
AT1_water,931470.0,58.39,0.0462513940369034,1515.05237725032,632.6420731279056,0
AT1_water,928470.0,58.39,0.0506193267603594,1513.0819696668034,653.8215521641313,0
AT1_water,927870.0,58.413,0.0554321222672801,1512.8228112839786,675.4247790233718,0
AT1_water,927870.0,58.413,0.0593023995433507,1504.5491174204187,692.8127505563737,0
AT1_water,1023492.0,58.405,0.0104184847329171,1464.9698927554916,506.90976471236166,0
AT1_water,1021392.0,58.405,0.0156257043146725,1491.5760186538623,542.9372951910791,0
AT1_water,1018692.0,58.403,0.0208833754807967,1499.802401332537,578.3064004813274,0
AT1_water,1018392.0,58.383,0.0251427966877772,1480.381004138083,605.0896992325047,0
AT1_water,1018092.0,58.411,0.0295753671911928,1497.0550991718303,638.4478725937483,0
AT1_water,1018092.0,58.391,0.0336113587237314,1489.7120049123628,660.9043742345793,0
AT1_water,1017792.0,58.424,0.0374962197950388,1483.1323794809744,682.5511848876064,0
AT1_water,1017792.0,58.396,0.0415393548346189,1491.6480663635443,707.5097989224435,0
AT1_water,1016592.0,58.394,0.0452575986048663,1490.8973326242292,715.7193047944472,0
AT1_water,1016592.0,58.396,0.0496287724676046,1493.8594497306324,742.2130031152948,0
AT1_water,1016592.0,58.399,0.0532679721992143,1492.7835052509954,763.0928081050308,0
AT1_water,1016592.0,58.41,0.0565548731463107,1472.399572925529,773.0582566231024,0
AT1_water,150564.5,85.689,0.0095441066153458,1366.7459132355698,44.60597635605988,0
AT1_water,145764.5,85.822,0.0332271117564022,1452.5185742777835,89.38287863821347,0
AT1_water,140964.5,85.971,0.0582283261271272,1564.0994736308724,133.35197907062042,0
AT1_water,139464.5,86.07,0.0757765489435838,1627.9425511582076,165.38839724715316,0
AT1_water,136764.5,86.133,0.0946601155075447,1683.3478002592385,203.76182062084828,0
AT1_water,135864.5,86.213,0.1072696027739528,1723.8409229863505,232.10115569064044,0
AT1_water,134364.5,86.307,0.1208564571853798,1759.0007461931905,263.65601946102544,0
AT1_water,131964.5,86.371,0.1357673573661815,1803.578815805156,306.4139616280695,0
AT1_water,131964.5,86.418,0.1441470769209286,1823.0210436722737,331.54447599873606,0
AT1_water,130464.5,86.457,0.153908034167285,1821.0666874135024,363.472644644973,0
AT1_water,130464.5,86.507,0.1621812397179785,1837.41652708356,388.6033280686124,0
AT1_water,129864.5,86.539,0.170956410862918,1858.4318856658704,413.1417583769325,0
AT1_water,129564.5,86.572,0.1793426811436754,1870.522456796068,433.1862011651144,0
AT1_water,128964.5,86.617,0.1880034699830129,1885.4465054711693,457.5262476361809,0
AT1_water,126264.5,86.678,0.2023893145638568,1889.4065219008608,493.3760095503842,0
AT1_water,126264.5,86.669,0.2094688121189133,1895.902171430242,512.7562574693802,0
AT1_water,126264.5,86.692,0.2164881661370827,1887.577945628132,524.9710806464813,0
AT1_water,150464.5,87.057,0.0096292789269063,1348.358340775405,43.27867507142915,0
AT1_water,145664.5,87.119,0.032830018391992,1450.9708916275442,89.25062892478371,0
AT1_water,140864.5,87.162,0.0571943317295145,1565.1474322358167,134.82739971221824,0
AT1_water,139364.5,87.203,0.0738808035803028,1628.0058306400608,168.6706340560423,0
AT1_water,136964.5,87.253,0.0913905911032346,1685.5664858115845,207.0750186066736,0
AT1_water,135164.5,87.284,0.1063826326617638,1733.8796067237977,239.52007397768608,0
AT1_water,133964.5,87.371,0.1194478230554362,1767.561679433944,268.7665451555502,0
AT1_water,130364.5,87.384,0.1373053484802683,1814.9687458170308,317.69416478752083,0
AT1_water,130364.5,87.368,0.1455759293144983,1830.9980952270064,342.36189185345665,0
AT1_water,130364.5,87.38,0.151951685126042,1816.1522456429184,363.7098018545017,0
AT1_water,130364.5,87.401,0.1602236470108661,1840.908947132208,390.077580321677,0
AT1_water,129764.5,87.427,0.1695988424443072,1869.711753703988,417.5053225426756,0
AT1_water,129464.5,87.417,0.1776673467663098,1877.9499925720463,437.995105372768,0
AT1_water,128864.5,87.481,0.186727828228833,1890.5764090071225,460.20806633661925,0
AT1_water,127064.5,87.496,0.1986973825225712,1891.270729128056,492.4273022121532,0
AT1_water,127064.5,87.468,0.2062834885351384,1898.893224948744,509.5135860786988,0
AT1_water,127064.5,87.499,0.2133321830032051,1891.064287887388,520.8476458755306,0
AT1_water,125864.5,87.501,0.2238152582186849,1891.94606114511,539.6660582387927,0
AT1_water,283394.5,87.524,0.0095958524453489,1386.1821540527192,92.75923740259992,0
AT1_water,276194.5,87.559,0.0292836730555615,1488.4424363551805,141.17110226248252,0
AT1_water,271394.5,87.563,0.0459273843152539,1557.7099850907673,183.43602113167384,0
AT1_water,267494.5,87.586,0.0613911615547011,1602.7964046636316,219.11850955862096,0
AT1_water,264494.5,87.617,0.0736687924430635,1617.898359749371,253.94584046220507,0
AT1_water,262094.5,87.645,0.0860015622924132,1652.2221860324078,285.8262237119532,0
AT1_water,260294.5,87.646,0.0968201416231121,1681.8730582421142,317.8342348215931,0
AT1_water,258494.5,87.683,0.107370409021901,1722.7666154122742,352.37429050909,0
AT1_water,256994.5,87.7,0.1166613080362558,1737.5478326721995,388.3067171552364,0
AT1_water,255794.5,87.695,0.1249864820464375,1752.5352146469163,417.12529993474186,0
AT1_water,254594.5,87.714,0.1335646295692558,1760.0582620455189,448.7552519623699,0
AT1_water,254594.5,87.714,0.1405612581467296,1776.2723646993438,477.0238484879623,0
AT1_water,253094.5,87.718,0.1483157591891755,1791.3910541376356,507.56884309006216,0
AT1_water,475853.0,87.727,0.0103339447889935,1361.729972223361,169.30560733049683,0
AT1_water,468353.0,87.76,0.0246277831579561,1466.6034931935935,214.34231896637965,0
AT1_water,462953.0,87.773,0.0367708718227319,1518.0950629270294,250.2398916075557,0
AT1_water,458453.0,87.75,0.0473950756847977,1522.4554698541472,288.3481741625434,0
AT1_water,455453.0,87.802,0.057361176692613,1547.7707135480298,320.6645686528508,0
AT1_water,452153.0,87.795,0.0667941984014334,1568.3789360421638,356.9990214671769,0
AT1_water,449753.0,87.806,0.0753408879062245,1588.232330324626,386.11130626450256,0
AT1_water,447953.0,87.792,0.0835312344797819,1604.5051817593564,410.5220563494554,0
AT1_water,446153.0,87.787,0.0913669125250724,1617.176382364848,434.9425955985397,0
AT1_water,446153.0,87.806,0.0980259483327095,1768.442116525556,581.6247893559214,0
AT1_water,444353.0,87.803,0.1059464314286095,1658.9112332437496,495.4381219103674,0
AT1_water,648765.5,87.848,0.0103601091663877,1402.466470413968,245.32935995553555,0
AT1_water,642465.5,87.821,0.0208728912691099,1449.212685798332,282.69344379508107,0
AT1_water,637965.5,87.821,0.0298547889246901,1479.3094598509213,319.99533677291464,0
AT1_water,633765.5,87.856,0.0380660120138433,1480.70225762949,353.24464211043755,0
AT1_water,630165.5,87.816,0.0460318829475381,1505.0791196323523,389.83738613013617,0
AT1_water,627765.5,87.836,0.0531528390734677,1512.6682261968226,418.6415396909331,0
AT1_water,625965.5,87.869,0.0597689192153279,1519.714086740321,445.4612013326407,0
AT1_water,624465.5,87.886,0.0663588838199012,1529.156489474968,468.9396168587441,0
AT1_water,622965.5,87.888,0.0726964943887319,1544.0464903126651,496.0664964732324,0
AT1_water,622365.5,87.863,0.0784750041053808,1547.0171622308535,518.4830125889301,0
AT1_water,622365.5,87.878,0.0842912508619736,1547.7500689007088,543.7736145732747,0
AT1_water,873863.5,87.901,0.0104697169228371,1408.9613888522465,367.4437558175564,0
AT1_water,868163.5,87.866,0.0172709912013408,1420.2506959783314,399.6845756066021,0
AT1_water,866363.5,87.889,0.0236719033383988,1442.2430847619005,436.7896332850421,0
AT1_water,863963.5,87.922,0.0292004742163094,1439.9125081016407,480.843318665254,0
AT1_water,863963.5,87.902,0.035001613609165,1469.9592824996769,504.9179387257287,0
AT1_water,863063.5,87.916,0.0395118747081117,1449.0893197283483,534.2891114962193,0
AT1_water,862463.5,87.921,0.0442871769623954,1449.145504141801,557.4461166287173,0
AT1_water,862463.5,87.939,0.0489802096050772,1453.4757786455275,580.3670346017057,0
AT1_water,862463.5,87.925,0.0536435496726509,1457.3102311854393,602.0145373870129,0
AT1_water,862463.5,87.929,0.0584399050544573,1456.61194917057,613.2038264461768,0
AT1_water,862463.5,87.912,0.0626237569583669,1455.526629912659,634.6407737861847,0
AT1_water,971120.0,87.888,0.0104520604628357,1380.755907916864,412.575872534715,0
AT1_water,966920.0,87.86,0.0161727143060725,1407.7178386349308,455.8375835422678,0
AT1_water,964220.0,87.864,0.0218433222408727,1421.6187387004336,495.3128166610687,0
AT1_water,964220.0,87.876,0.0264751992399208,1415.2306209502703,527.9099478757769,0
AT1_water,964220.0,87.85,0.0310950654607123,1422.6039728967569,557.5794807788533,0
AT1_water,964220.0,87.881,0.0354935637500681,1423.1607487931922,584.5722284089192,0
AT1_water,964220.0,87.855,0.0397441312555116,1426.548305525831,606.6638286886465,0
AT1_water,964220.0,87.867,0.0436671872124782,1418.0410999739963,627.9931896329862,0
AT1_water,964220.0,87.861,0.0474323858587245,1415.0852246968825,639.4977054657988,0
AT1_water,964220.0,87.868,0.0518157166704626,1413.818494805761,663.4063890851153,0
AT1_water,964220.0,87.847,0.0556209789065781,1410.6732582516688,682.0041431522777,0
AT1_water,1062399.0,87.873,0.0103982150719207,1375.9137332769767,478.61173932452056,0
AT1_water,1058799.0,87.888,0.0153503056364944,1409.1143695481217,523.1627174164432,0
AT1_water,1057299.0,87.874,0.0202104660079577,1406.6169608252007,557.0598246308996,0
AT1_water,1057299.0,87.845,0.0245441359781199,1408.149036602807,581.7494148606673,0
AT1_water,1057299.0,87.869,0.0283573587357583,1392.4787094240835,611.0514791520128,0
AT1_water,1057299.0,87.883,0.0326061361166525,1411.4088011627186,634.5467673165043,0
AT1_water,1057299.0,87.885,0.0357895536363421,1378.1656213435365,655.0216221814314,0
AT1_water,1057299.0,87.874,0.039354509705669,1379.290206962666,666.9228037844385,0
AT1_water,1057299.0,87.885,0.042879279003838,1372.399736874595,685.8150367958727,0
AT1_water,1057299.0,87.911,0.046893735431653,1376.3033844657157,708.3331161629313,0
AT1_water,1057299.0,87.897,0.050354635532897,1369.0753765897166,723.3403105033478,0
65Y,62350.0,25.064,0.0501389727989721,1629.5414812302276,65.5192810293504,0
65Y,59490.0,25.12,0.1000348255832872,1803.258471383968,123.72953872433648,0
65Y,55520.0,25.095,0.2005703229209439,2029.449687551372,276.30124391517614,0
65Y,91120.0,25.078,0.0502396648758815,1649.4708277274765,71.56469082517135,0
65Y,86950.0,25.089,0.1000306240128049,1820.834448804406,137.78448158962064,0
65Y,81900.0,25.147,0.2007648615819002,2023.5233202248205,305.2886648456154,0
65Y,137830.0,25.112,0.0250194412414449,1557.0071050678905,36.77389863173992,0
65Y,133640.0,25.117,0.0500410997744957,1672.6256263459609,73.78182466131237,0
65Y,127850.0,25.114,0.1002720988931634,1831.738121413412,146.690742390442,0
65Y,120470.0,25.105,0.200240715479271,2028.8166136430243,336.2946477276698,0
65Y,198160.0,25.049,0.024743009729174,1550.6878131156411,37.63642323447126,0
65Y,191970.0,25.047,0.0500839366882486,1670.4963132815913,77.63432793044726,0
65Y,183740.0,25.051,0.1001364048055831,1804.602644447997,156.10872832142746,0
65Y,173320.0,25.135,0.2004386005003841,2017.05663257864,373.598397215815,0
65Y,295610.0,25.096,0.0251113162945369,1582.138310252878,44.47759181345656,0
65Y,287080.0,25.093,0.0501096135922877,1649.9575138379712,88.29694531057476,0
65Y,275750.0,25.095,0.1002528307992479,1800.658884167089,175.22881411218862,0
65Y,261840.0,25.162,0.200436626224332,2001.1826721032223,434.97519586713713,0
65Y,366090.0,25.174,0.0250009055826838,1571.9660533903427,46.68943408748556,0
65Y,355750.0,25.171,0.0500389822175071,1642.1232262726885,91.03737576792604,0
65Y,342220.0,25.202,0.1002607712134441,1788.1274307718884,182.51414191275973,0
65Y,439400.0,25.173,0.024959761087575,1568.396097131676,49.922174604019176,0
65Y,427280.0,25.168,0.0501792992258979,1642.5240789499137,97.88470655295347,0
65Y,410850.0,25.154,0.1003398985683449,1789.357490065492,197.3421319812833,0
65Y,525560.0,25.114,0.0250396042342331,1582.5226684884365,59.01989188336664,0
65Y,511950.0,25.11,0.0499843584118712,1645.8197700117398,109.00337543120106,0
65Y,493120.0,25.093,0.0998608125945481,1798.4607422539418,219.12810285912056,0
65Y,630860.0,25.01,0.0250472230371312,1566.367140547018,66.72600427626827,0
65Y,614150.0,25.007,0.0500099223116014,1657.978782765061,122.73004415147912,0
65Y,592830.0,25.026,0.1000118226357349,1805.329862878178,246.9980487467016,0
65Y,681050.0,25.007,0.0250672161620561,1577.1467140580146,73.3039778232645,0
65Y,663840.0,25.019,0.0500047837481688,1658.7841383216733,131.4277959472749,0
65Y,641330.0,25.098,0.0999293399744057,1802.871922002246,265.26948986725625,0
65Y,764810.0,25.075,0.0250646884724377,1597.4126883593356,84.46847500531038,0
65Y,745810.0,25.096,0.0500592469697082,1670.5182842622569,150.07510125713495,0
65Y,723500.0,25.178,0.1000558848574171,1810.0883763754,293.5681334284763,0
65Y,833430.0,25.151,0.0250088270995659,1616.9306349307265,95.19413231522472,0
65Y,814130.0,25.143,0.049974663146009,1679.0745917567265,163.250279719899,0
65Y,791410.0,25.163,0.1001704744723656,1813.096857448668,318.4875347411282,0
65Y,903136.0,25.002,0.0249749283789414,1610.337261768958,101.36360881089873,0
65Y,884536.0,25.028,0.0500561757256436,1691.56493645436,183.9977440340921,0
65Y,863236.0,25.157,0.1002500003919049,1813.0625986617488,342.7125033065943,0
65Y,1003900.0,25.091,0.0249894720329639,1643.2828015576413,132.11030181635977,0
65Y,984200.0,25.097,0.0499398687267583,1727.4310121102428,217.7857133493064,0
65Y,967390.0,25.192,0.0999398590120106,1814.7819244987884,391.0035802211152,0
65Y,62490.0,30.085,0.049977352860666,1624.855413161971,57.47605531713538,0
65Y,59610.0,30.093,0.100006045555679,1804.001394061252,114.29603435156946,0
65Y,55640.0,30.044,0.1999750547187435,2023.9911261126224,261.42026606761124,0
65Y,94050.0,30.1,0.0250050751067579,1546.7069665214965,30.20609794587119,0
65Y,91360.0,29.905,0.0500555139293911,1642.511416958896,63.43842572068028,0
65Y,87510.0,30.127,0.100034728639791,1818.5365971071624,126.44033975953128,0
65Y,81580.0,30.128,0.1999402715082482,2017.188405529036,288.99463255169445,0
65Y,138030.0,30.17,0.0249538943744561,1550.2554307801245,31.07536101024351,0
65Y,134030.0,30.158,0.0500571928014605,1663.8363084981963,64.59324487346781,0
65Y,128780.0,29.994,0.1000138739054498,1818.813117921811,131.6657027380279,0
65Y,120210.0,30.031,0.1999557219626621,2024.9858367473864,321.8195134568031,0
65Y,197260.0,29.959,0.024981914191075,1583.3184793930798,34.38112196885787,0
65Y,192240.0,29.933,0.0500012053439721,1673.419263637658,69.45946229513777,0
65Y,183950.0,29.966,0.0999345232303456,1801.955855918471,143.42454044797395,0
65Y,173190.0,30.043,0.2000512839653879,2026.0673246883096,361.6602053187517,0
65Y,299210.0,29.99,0.0249613468587035,1545.6289293815776,33.770185937704895,0
65Y,290100.0,29.969,0.0500222278220675,1617.8583529099133,72.34150150786316,0
65Y,277170.0,29.971,0.0999410960172279,1781.213774976146,156.1575355943069,0
65Y,261720.0,30.083,0.2000110868851643,1996.013464257598,414.385564847849,0
65Y,365890.0,29.935,0.0249794487982043,1578.7648726111918,40.24640104933712,0
65Y,356570.0,29.916,0.0499395676006527,1639.1492430988549,80.4509256442196,0
65Y,342330.0,29.959,0.100059655118281,1784.7523252742346,168.80491523881997,0
65Y,326110.0,30.23,0.1999683072570348,1973.3486323431769,446.2511688309532,0
65Y,440510.0,30.012,0.0250602968194857,1566.5908536027416,42.57040029228655,0
65Y,428900.0,30.006,0.0499903822456671,1628.3646130667294,84.60693209529923,0
65Y,411870.0,30.123,0.1000038879643209,1782.0771599409095,181.03841183024065,0
65Y,525760.0,30.127,0.0249342389301253,1587.084248478693,51.23862031906709,0
65Y,512950.0,30.11,0.0499522550906428,1637.9501134751197,96.4636526914385,0
65Y,494540.0,30.102,0.0999520325581315,1795.1280052441582,204.2432071399365,0
65Y,629050.0,30.08,0.0250595150483972,1579.030633692331,60.50582667735598,0
65Y,614030.0,30.098,0.0499777875934356,1658.297944175829,109.93666541905355,0
65Y,593830.0,30.128,0.1000716645951938,1803.267670542728,228.52423928878684,0
65Y,680950.0,30.077,0.0249952854654873,1583.4578130029413,64.40752426699797,0
65Y,664440.0,30.084,0.0499740702822652,1663.148949151224,117.49989512270828,0
65Y,642540.0,30.168,0.1000102395581132,1796.6185521836028,246.50847739377585,0
65Y,764300.0,30.058,0.0249884304673307,1606.6841439122943,75.28496631128493,0
65Y,746390.0,30.062,0.0500314716206587,1671.9853376978515,135.28179826360122,0
65Y,724590.0,30.037,0.10007337377053,1809.4044751123167,274.54528872383565,0
65Y,833980.0,30.098,0.0249503676924615,1620.5787737074388,85.56363417962984,0
65Y,814970.0,30.067,0.049937747681456,1686.1476471857743,150.55545874523793,0
65Y,792960.0,30.093,0.1000084862705999,1807.9795646739456,302.72897491691344,0
65Y,904630.0,30.019,0.0249557275839219,1629.1687935801372,99.7501277054952,0
65Y,884930.0,30.063,0.0499946060865161,1697.4160903716806,168.5038737041004,0
65Y,864390.0,30.131,0.099999483410179,1819.429521927312,328.5416950041762,0
65Y,1004000.0,29.978,0.0250119558132534,1655.052022485206,125.81325745928132,0
65Y,984890.0,29.983,0.0499286710257369,1734.3718352096405,208.4745956794661,0
65Y,969180.0,30.123,0.0999544228184232,1816.6320119255504,383.3911458569381,0
65Y,61220.0,49.986,0.0499866569634234,1691.948957361004,42.16670903866434,0
65Y,58960.0,49.954,0.099930111416974,1849.7437623993007,94.47300825175328,0
65Y,55530.0,50.006,0.2000395929657356,2061.320385460848,240.19252208892527,0
65Y,91900.0,49.96,0.0250336490571498,1621.573283601314,19.86936066542571,0
65Y,90120.0,50.021,0.0500396792448126,1687.5100173741982,43.04393004449645,0
65Y,86570.0,49.968,0.1000245478310613,1850.13409438016,102.09193657828358,0
65Y,81520.0,50.019,0.2000577579115367,2049.759045518142,265.1239773680041,0
65Y,134820.0,50.086,0.0250466621484848,1625.2198715923412,20.23448715452979,0
65Y,132220.0,49.995,0.0500494758241639,1712.4632631633692,42.71216865820856,0
65Y,127050.0,49.985,0.1000627564736551,1851.6802221130872,105.25705348332284,0
65Y,119780.0,50.038,0.2000633995478236,2055.3266744534017,296.31129437683114,0
65Y,192570.0,49.981,0.025063887656172,1666.299243622318,23.479684023514046,0
65Y,189050.0,49.98,0.0500538085615836,1725.4995897073522,47.1165682468566,0
65Y,182240.0,50.016,0.0999443355372236,1840.810470455056,116.82737449632415,0
65Y,172180.0,50.058,0.2000665714997973,2049.075713273223,336.1007080427863,0
65Y,286960.0,49.998,0.0249410492280694,1674.5818717709788,28.968443909272803,0
65Y,282000.0,49.986,0.049981372047175,1702.0656094542594,56.582744985963664,0
65Y,272460.0,49.987,0.1000523888931527,1830.341220533024,132.34231580372622,0
65Y,259480.0,50.074,0.2000175938745352,2036.1960244026588,393.47039601484704,0
65Y,354510.0,50.035,0.0250034372364774,1678.7479551188894,32.68916664857599,0
65Y,348350.0,50.029,0.0500075086734867,1708.0625171883514,60.26081515760487,0
65Y,337230.0,50.042,0.0999772689460002,1840.03772275808,141.11957483346023,0
65Y,424410.0,50.03,0.0250499821242415,1686.8891967105906,37.02734903385412,0
65Y,417150.0,49.984,0.0499816680806949,1711.0384543958849,67.69785505493279,0
65Y,404070.0,49.972,0.1000357051828943,1842.1767636165887,157.11301844785586,0
65Y,507360.0,49.952,0.0249965928193561,1698.5866381351866,45.793144116492726,0
65Y,498130.0,49.975,0.0499376264750397,1723.5951777608716,81.33289884845017,0
65Y,483670.0,50.056,0.1000561071907603,1860.2439776292188,186.5762172248344,0
65Y,605860.0,50.053,0.0249424824830212,1697.0988495577742,58.81938848762712,0
65Y,595350.0,50.047,0.0500028611979758,1758.8688961383432,99.44789043468003,0
65Y,579900.0,50.101,0.1000459671781238,1883.2935213079315,219.6596406337124,0
65Y,653660.0,50.021,0.0250515930042169,1710.14216106728,66.33605199766566,0
65Y,642450.0,49.987,0.0500414664002429,1770.0450494544668,111.3261072796335,0
65Y,626030.0,50.052,0.1000154669325499,1886.5712974567364,240.48175637475387,0
65Y,732700.0,49.98,0.0249621677688305,1733.666117991304,84.96802194845593,0
65Y,720490.0,50.039,0.0499601265090415,1780.529610558041,136.89973369585078,0
65Y,705070.0,50.017,0.1000650882165097,1898.0433007428865,279.2616652099604,0
65Y,797940.0,49.961,0.0249922081025554,1756.969608460435,105.99443488280464,0
65Y,785130.0,49.994,0.0500177174588487,1798.9935304936207,162.53250119042977,0
65Y,771270.0,50.027,0.0999916540302546,1906.502771501457,314.14187863328,0
65Y,865730.0,49.937,0.0250209536350542,1761.105720883393,127.09503369632726,0
65Y,852570.0,49.997,0.0499667507450097,1819.826106992651,188.5992227614352,0
65Y,840870.0,50.057,0.1000690496852796,1903.0677171392904,347.69845143136683,0
65Y,961249.0,49.945,0.0250359492958897,1787.0334150566086,165.57333767183485,0
65Y,948589.0,50.085,0.049967424930522,1846.872059399422,241.7472033613208,0
65Y,941319.0,50.064,0.0999793689637652,1912.399561426762,412.2791358093079,0
65Y,944359.0,69.882,0.0250238164857246,1856.6171946275567,215.38717712989856,0
65Y,929739.0,69.987,0.0499562678173501,1911.4307254871944,297.3251794889485,0
65Y,926479.0,70.094,0.0999973104470939,1943.0434890326176,500.8425923402979,0
65Y,853676.0,69.913,0.0249396155880553,1808.8777013533256,158.73936559870924,0
65Y,840916.0,69.917,0.04996657332541,1869.4310547132247,228.7132421220141,0
65Y,830286.0,69.989,0.1000000055979079,1945.960854984802,415.55121436483006,0
65Y,787306.0,69.961,0.0249987917093494,1797.986480344889,127.37751534028064,0
65Y,775496.0,69.95,0.0499823123958991,1842.22500506026,189.3576362755404,0
65Y,761826.0,70.04,0.0999490890862211,1947.012832889666,364.8055734248757,0
65Y,723659.2000000001,69.983,0.0249752292505934,1773.642228926371,101.89257943468564,0
65Y,712439.2000000001,69.974,0.0500303687098028,1823.525348529842,156.47037594879814,0
65Y,696839.2000000001,70.014,0.100063236117433,1942.5464718121896,322.9939752877233,0
65Y,638911.2000000001,69.969,0.025053321128864,1794.2906243699335,81.6008886004684,0
65Y,632411.2000000001,69.966,0.0499775828114567,1827.371367873164,124.89976673163234,0
65Y,617901.2000000001,70.012,0.0999819448629814,1944.1570796968624,275.4044566202795,0
65Y,599604.4,69.981,0.0249956519830021,1729.4016104356465,63.75603697276003,0
65Y,589384.4,69.99,0.0499396447340018,1786.2743817875678,105.39535069237212,0
65Y,573064.4,70.042,0.1000544356513777,1928.4544014370992,247.9814143171524,0
65Y,503482.4,69.988,0.0249402088810154,1732.6831267455752,46.22992952860892,0
65Y,494872.4,69.957,0.0500674922419976,1749.5221214907035,80.33503583787603,0
65Y,478872.4,70.039,0.1000113359965625,1901.2789312475184,199.42077528237232,0
65Y,422487.2,70.006,0.0249998243225739,1702.498496123173,34.827210819229904,0
65Y,415287.2,70.029,0.0499748882559594,1730.4389831441508,63.0629757240978,0
65Y,400967.2,70.072,0.0999408244251813,1874.979588182702,162.26384991420662,0
65Y,353736.0,70.074,0.0250446872146882,1688.4632256998718,28.806841567544023,0
65Y,347726.0,70.092,0.0500547155386102,1715.7456470422517,52.84588856192516,0
65Y,335096.0,70.056,0.0999512747569888,1864.533924014737,140.1993808527941,0
65Y,283500.0,69.96,0.0249461216483433,1716.056889708034,29.00962814436733,0
65Y,278490.0,69.963,0.0500670930321025,1748.5972675567425,55.2114871718108,0
65Y,268950.0,70.01,0.0999684693978309,1892.304199704904,141.51235031842336,0
65Y,255630.0,70.115,0.1999253190211765,2091.7355568044336,485.0434604289894,0
65Y,192970.0,69.969,0.0250031741931092,1663.6418811676108,18.462202688379342,0
65Y,189950.0,69.98,0.0499904327161319,1711.963129148961,36.80367271844269,0
65Y,182820.0,69.985,0.0999517991846726,1830.632751749324,102.64613250043656,0
65Y,169270.0,69.971,0.2000353275060563,2127.639128933148,405.992161921559,0
65Y,134133.0,70.067,0.0249429857187509,1642.196872136676,16.952802821952808,0
65Y,131733.0,70.065,0.0500091265857401,1724.6012043823566,36.49301457303321,0
65Y,126653.0,70.052,0.1000295397323743,1880.314077668155,102.774321446765,0
65Y,117803.0,69.986,0.2000034987209774,2127.453242594471,351.54333194358964,0
65Y,89398.0,70.031,0.0499817307601456,1712.736597840279,38.34841211361674,0
65Y,86008.0,70.041,0.0999391949815217,1879.285648048031,100.76765721011196,0
65Y,79968.0,70.041,0.200019560633085,2124.4185475568825,314.4974998621615,0
65Y,60643.6,69.919,0.0499372731255142,1722.4925601723687,37.84870057577116,0
65Y,58293.6,69.925,0.0999999348023324,1886.068774395881,97.17794630367382,0
65Y,54583.6,70.03,0.2000376761331568,2130.8832400474853,280.4767242530297,0
R16x9.6x6.3,103830.0,30.179,0.0254688742102423,1503.2185630382294,24.111971707553536,0
R16x9.6x6.3,102730.0,30.157,0.0366067422378013,1526.9049338325028,35.182918016346385,0
R16x9.6x6.3,101530.0,30.159,0.0486752993682103,1558.5181159356591,45.52066867577934,0
R16x9.6x6.3,100830.0,30.135,0.0589691662589072,1578.886651078354,55.7496350273866,0
R16x9.6x6.3,100030.0,30.142,0.0698579225710302,1611.1415805814795,67.24386075499895,0
R16x9.6x6.3,99130.0,30.138,0.0825235579873247,1658.5882243591736,80.14206779993594,0
R16x9.6x6.3,98330.0,30.136,0.0942574137256187,1695.9012166258356,91.66434416921474,0
R16x9.6x6.3,97630.0,30.133,0.1050428224202184,1712.9093162666093,102.85265428791374,0
R16x9.6x6.3,96930.0,30.134,0.1160101504265044,1734.8410205351925,113.90900955446529,0
R16x9.6x6.3,96230.0,30.143,0.1271390749155369,1773.17279666533,127.149787352692,0
R16x9.6x6.3,95530.0,30.156,0.1379513218985722,1793.1100918633306,139.8989441998489,0
R16x9.6x6.3,94930.0,30.155,0.1485355801081564,1815.000986258932,151.88463906287728,0
R16x9.6x6.3,94330.0,30.158,0.1589387081590753,1844.239472920896,165.05799981127538,0
R16x9.6x6.3,93730.0,30.16,0.168636406091509,1865.162434685953,180.6482506956272,0
R16x9.6x6.3,93230.0,30.193,0.1777460601020224,1881.832413054188,193.7393929484789,0
R16x9.6x6.3,92730.0,30.182,0.1860284523988983,1897.7313551103127,207.17428409970324,0
R16x9.6x6.3,92230.0,30.172,0.1952060583539975,1912.4862266053567,220.11878681619385,0
R16x9.6x6.3,91830.0,30.178,0.2029338507021392,1931.650472414208,235.4225970691976,0
R16x9.6x6.3,151501.6,30.082,0.0246213850380265,1513.654564259911,23.725580228131232,0
R16x9.6x6.3,150501.6,30.096,0.0340229411699724,1534.3141203678877,31.292757325363947,0
R16x9.6x6.3,149301.6,30.104,0.0437370017262128,1554.803301993912,41.50259920834636,0
R16x9.6x6.3,148101.6,30.114,0.0534935020113482,1580.178483035589,52.56113368772462,0
R16x9.6x6.3,147001.6,30.099,0.0643347999053521,1638.682468734426,63.14710800522619,0
R16x9.6x6.3,145901.6,30.11,0.074183306389411,1654.8787302244916,74.01004182843741,0
R16x9.6x6.3,144801.6,30.099,0.0849398987410495,1695.2200626049696,87.5214804478411,0
R16x9.6x6.3,143901.6,30.106,0.0940774257461635,1708.7838493973911,99.06807811660072,0
R16x9.6x6.3,143001.6,30.103,0.1039750001198561,1736.3756100000005,110.37893532529624,0
R16x9.6x6.3,142101.6,30.113,0.1137896346017279,1759.534524242689,120.6719618890061,0
R16x9.6x6.3,141301.6,30.093,0.1226135313322208,1771.187800439994,131.74850670350293,0
R16x9.6x6.3,140501.6,30.124,0.1315185572138783,1796.7425809838237,144.32599900409278,0
R16x9.6x6.3,139801.6,30.129,0.1401594771344451,1810.1326399502484,155.5098658756533,0
R16x9.6x6.3,139101.6,30.111,0.1489432219497979,1829.676098627183,168.0883740415919,0
R16x9.6x6.3,138401.6,30.103,0.1569429786231586,1845.8996269914967,180.7182369937505,0
R16x9.6x6.3,137901.6,30.118,0.1644830424234002,1866.5862265171288,189.5500106466171,0
R16x9.6x6.3,137201.6,30.11,0.171958729003967,1879.3559939100253,202.0493524288629,0
R16x9.6x6.3,136601.6,30.126,0.1776246079345854,1874.142408421679,213.7096897657896,0
R16x9.6x6.3,136101.6,30.123,0.1840558859018902,1882.6590768966976,225.30260191027503,0
R16x9.6x6.3,135501.6,30.133,0.1915162118254251,1898.633482807837,238.210667694246,0
R16x9.6x6.3,135001.6,30.124,0.1977805389363779,1915.463252858844,252.27234193970105,0
R16x9.6x6.3,134601.6,30.132,0.2036931681307252,1931.4492319003875,265.5097259887617,0
R16x9.6x6.3,216422.2,30.14,0.025216939784418,1510.1390543742743,23.165177517673182,0
R16x9.6x6.3,215022.2,30.117,0.0343619372700392,1537.4619806054952,32.8638600382921,0
R16x9.6x6.3,212922.2,30.133,0.0454943045433537,1603.8426704379483,43.80809021987099,0
R16x9.6x6.3,211722.2,30.135,0.0543658090265935,1615.2875429171686,54.95389264691321,0
R16x9.6x6.3,210322.2,30.13,0.0636108728516439,1640.337034969364,66.60602932588905,0
R16x9.6x6.3,208922.2,30.137,0.073214889380956,1662.5345381659642,78.77548884263736,0
R16x9.6x6.3,207522.2,30.158,0.0832644079409716,1697.5110369312536,92.44052249060886,0
R16x9.6x6.3,206322.2,30.152,0.0922418297624451,1712.1570477363978,103.0751297509691,0
R16x9.6x6.3,205122.2,30.154,0.1016101197479214,1742.6723021583246,114.8612402113879,0
R16x9.6x6.3,204022.2,30.125,0.1102909103027144,1754.7871645984474,125.67657801013988,0
R16x9.6x6.3,202922.2,30.136,0.1172515336614865,1746.5124528685826,136.74261822819088,0
R16x9.6x6.3,201822.2,30.132,0.1258389947760316,1772.136170122043,148.73407812032193,0
R16x9.6x6.3,201022.2,30.165,0.1333284124369531,1788.4427266932364,159.21451496266937,0
R16x9.6x6.3,200122.2,30.131,0.1408346537717074,1802.3271273903088,172.1183848672696,0
R16x9.6x6.3,199122.2,30.129,0.1485752252014708,1820.109475940078,186.05571487737208,0
R16x9.6x6.3,198222.2,30.122,0.1561626318142278,1839.7139822206543,199.79722961138347,0
R16x9.6x6.3,197622.2,30.119,0.1619501765806567,1843.2651521031823,209.7410221251546,0
R16x9.6x6.3,196822.2,30.125,0.1691173953374362,1864.4986045307337,221.8478847787904,0
R16x9.6x6.3,196022.2,30.126,0.1762273416824178,1881.1846829392807,234.03415932900623,0
R16x9.6x6.3,195422.2,30.132,0.1810957346367432,1880.8156232599647,247.20298402595296,0
R16x9.6x6.3,194622.2,30.113,0.1880630868087766,1896.697074715193,260.6707923789773,0
R16x9.6x6.3,194022.2,30.121,0.1937807237043417,1912.109429560359,274.5504530444442,0
R16x9.6x6.3,193422.2,30.122,0.1991818830431229,1917.654942283811,285.37481901628564,0
R16x9.6x6.3,192722.2,30.112,0.2067243618184639,1940.5198382507235,302.3272984824999,0
R16x9.6x6.3,272872.6,30.084,0.0195343685865628,1503.347540694628,22.91279887727915,0
R16x9.6x6.3,270872.6,30.088,0.0301493867890568,1564.152327829222,31.936418304480547,0
R16x9.6x6.3,268872.6,30.082,0.0397227703221805,1587.135188800092,42.02411677161115,0
R16x9.6x6.3,266872.6,30.079,0.0492974760099194,1603.0525980833404,52.7037847662326,0
R16x9.6x6.3,265372.6,30.097,0.0584054817504311,1629.8733768874806,63.35312659186676,0
R16x9.6x6.3,263572.6,30.107,0.0677409181379577,1652.831208832279,74.28292085650166,0
R16x9.6x6.3,261772.6,30.094,0.0777360397788302,1685.8501641596984,87.20769829893302,0
R16x9.6x6.3,260272.6,30.113,0.0866626532760049,1705.3958601207416,99.3588490071804,0
R16x9.6x6.3,258872.6,30.131,0.0937973611370359,1700.1917660969796,112.08665761601198,0
R16x9.6x6.3,257472.6,30.131,0.1022448974746878,1716.5969791020518,123.7760448956947,0
R16x9.6x6.3,256172.6,30.126,0.1107072467098519,1735.24778716123,135.26645695003063,0
R16x9.6x6.3,255072.6,30.119,0.1181151660507928,1749.7949014090448,144.66518688741402,0
R16x9.6x6.3,253872.6,30.135,0.1258281443907379,1771.316418616568,156.46474315129203,0
R16x9.6x6.3,252572.6,30.13,0.133992809515773,1792.8230339284826,169.0040327114207,0
R16x9.6x6.3,251372.6,30.149,0.1404591030921731,1796.4870266540518,181.55813218758388,0
R16x9.6x6.3,250572.6,30.142,0.1472176238126815,1816.7121711343536,193.77190060031683,0
R16x9.6x6.3,249572.6,30.16,0.1538592024220667,1828.245251890312,207.7505797146821,0
R16x9.6x6.3,248672.6,30.149,0.1602292034622239,1843.8546185938544,220.89238678591207,0
R16x9.6x6.3,247672.6,30.143,0.1655698144753705,1844.5800257217084,234.22983729827183,0
R16x9.6x6.3,246872.6,30.13,0.1718042235977989,1862.713095931121,247.08936549730748,0
R16x9.6x6.3,246172.6,30.157,0.1776011086826639,1876.0115210163333,258.3623610191673,0
R16x9.6x6.3,245372.6,30.158,0.1831542283790166,1885.992843721744,269.9678423666217,0
R16x9.6x6.3,244972.6,30.16,0.1876279842373494,1888.9626695935435,279.9112636016709,0
R16x9.6x6.3,243672.6,30.17,0.1960427069888415,1911.6697996654937,297.94886216065834,0
R16x9.6x6.3,242972.6,30.159,0.201415017188118,1927.0162806251624,310.21668864183465,0
R16x9.6x6.3,324362.8,30.152,0.0196032585106296,1506.0405062677553,25.84822445423432,0
R16x9.6x6.3,322362.8,30.152,0.029977542410263,1563.1809102550742,34.65761901719259,0
R16x9.6x6.3,319762.8,30.17,0.0397564817288694,1589.7004149244094,44.86095008327012,0
R16x9.6x6.3,317862.8,30.174,0.0486311006393631,1610.5694741691311,55.79371374005993,0
R16x9.6x6.3,315762.8,30.157,0.0577700246399844,1629.4627649014917,66.92854297296924,0
R16x9.6x6.3,313762.8,30.172,0.0669131704610268,1653.813619801534,77.68365971944904,0
R16x9.6x6.3,312062.8,30.176,0.0745847331481214,1639.574953028036,90.32252355947982,0
R16x9.6x6.3,310062.8,30.167,0.0836652360394453,1673.8188515409531,103.2732861363224,0
R16x9.6x6.3,308662.8,30.165,0.0917221163986296,1693.733272845437,114.84295913807988,0
R16x9.6x6.3,307062.8,30.162,0.0999059482324077,1709.9632977515596,124.85254778218122,0
R16x9.6x6.3,305662.8,30.139,0.1077609987660015,1727.7696875787142,136.234046725665,0
R16x9.6x6.3,304162.8,30.139,0.1149113543077667,1738.0351196032084,148.5307766189198,0
R16x9.6x6.3,302862.8,30.153,0.122059654075954,1753.5072666303445,159.65284749132744,0
R16x9.6x6.3,301462.8,30.173,0.1295065100728524,1777.7736017558552,172.66337368335755,0
R16x9.6x6.3,300262.8,30.171,0.1354274959607151,1780.6735487971189,185.1888057031728,0
R16x9.6x6.3,299162.8,30.189,0.1421942415621047,1802.307171671188,199.2540324368961,0
R16x9.6x6.3,298062.8,30.189,0.1483320819977609,1809.218953134992,211.7951545081193,0
R16x9.6x6.3,297062.8,30.196,0.1540779582527287,1821.7021968861816,224.5239276011209,0
R16x9.6x6.3,295962.8,30.205,0.1605691658774604,1844.3491180065405,237.070698702112,0
R16x9.6x6.3,294962.8,30.204,0.1664396883909536,1852.6501297098064,248.1302227555112,0
R16x9.6x6.3,294162.8,30.191,0.1718557545115305,1867.294912272619,260.31738049777726,0
R16x9.6x6.3,293262.8,30.206,0.1770466108650262,1877.116102054213,271.93938664668417,0
R16x9.6x6.3,292362.8,30.216,0.1829813778549956,1895.6207566453568,290.0671321645054,0
R16x9.6x6.3,291262.8,30.228,0.1897709833427729,1906.619956726297,308.2681716132801,0
R16x9.6x6.3,290462.8,30.236,0.1948944588817772,1914.0818163623896,319.8556230492471,0
R16x9.6x6.3,289662.8,30.238,0.1997189833031859,1922.5412263179587,333.89267390269663,0
R16x9.6x6.3,289262.8,30.219,0.2040036697039802,1937.244629977223,345.93292279853654,0
R16x9.6x6.3,399910.2,30.185,0.0195665925569938,1507.9007309784083,27.926087457772656,0
R16x9.6x6.3,397410.2,30.186,0.0296140637135114,1572.2356571079583,38.31321750526164,0
R16x9.6x6.3,394510.2,30.194,0.0389818906208813,1594.5258268716582,48.56615282543929,0
R16x9.6x6.3,392310.2,30.174,0.0475224237769021,1610.034614355458,59.29989389272119,0
R16x9.6x6.3,389910.2,30.167,0.056349788468546,1629.9424015895668,70.85219303430245,0
R16x9.6x6.3,387610.2,30.164,0.0637589475993448,1625.2396581582086,83.25082914252862,0
R16x9.6x6.3,385510.2,30.17,0.0727459804290559,1644.668938439874,94.64122113753928,0
R16x9.6x6.3,383610.2,30.152,0.0806326277822421,1678.915481662156,107.55286096929744,0
R16x9.6x6.3,381710.2,30.162,0.0885906940813971,1697.0491233928374,117.40808764044488,0
R16x9.6x6.3,379910.2,30.153,0.0956971500777225,1705.4051106048414,129.99736087089283,0
R16x9.6x6.3,378410.2,30.15,0.102744864273053,1718.6041546317242,141.75676102684105,0
R16x9.6x6.3,376610.2,30.155,0.1095807915948377,1726.1994440152666,153.48354473953205,0
R16x9.6x6.3,375410.2,30.157,0.1161069026099826,1744.446078924968,164.63952818512644,0
R16x9.6x6.3,373710.2,30.148,0.1230785927512662,1754.5452905555371,175.65827591859812,0
R16x9.6x6.3,372610.2,30.144,0.1291626166631059,1779.5233402978367,187.8654990221592,0
R16x9.6x6.3,371110.2,30.162,0.1355373337708212,1793.1186410081482,201.18497685427715,0
R16x9.6x6.3,370010.2,30.166,0.1412448952208164,1803.749420333846,213.00953572335905,0
R16x9.6x6.3,368910.2,30.155,0.1468272171216545,1816.997071464196,225.65541969001416,0
R16x9.6x6.3,367710.2,30.173,0.1525331535911284,1826.446981111049,238.1859432359594,0
R16x9.6x6.3,366610.2,30.165,0.1577045467709892,1839.383956937825,250.8881243528507,0
R16x9.6x6.3,365510.2,30.177,0.1624588986478422,1846.1514929062948,267.2162496043084,0
R16x9.6x6.3,364310.2,30.154,0.1677820490393086,1855.8835523843952,278.8458542327891,0
R16x9.6x6.3,363510.2,30.178,0.1725604957823053,1865.671301254588,289.9017117857621,0
R16x9.6x6.3,362610.2,30.16,0.1785665143248639,1875.355642429933,305.72656451250924,0
R16x9.6x6.3,361510.2,30.178,0.1834266826393521,1881.7388327368465,317.1367130152541,0
R16x9.6x6.3,360410.2,30.197,0.1883214275271498,1891.2403852856205,331.09473904041937,0
R16x9.6x6.3,360110.2,30.203,0.1924173537806524,1907.431157695976,343.5578191172963,0
R16x9.6x6.3,359310.2,30.207,0.196503511470865,1906.698516540246,354.3316075643396,0
R16x9.6x6.3,358510.2,30.198,0.2011460319971084,1918.8561293947507,367.3445652620778,0
R16x9.6x6.3,445617.2,30.183,0.0195481057944287,1552.157461956997,30.930793438132547,0
R16x9.6x6.3,443417.2,30.161,0.0290124648167252,1580.122478278351,40.3528713378703,0
R16x9.6x6.3,440617.2,30.187,0.0378528406580959,1601.5449804670889,51.261795088634834,0
R16x9.6x6.3,438117.2,30.155,0.0463255195978849,1615.6116621024582,62.58235566768608,0
R16x9.6x6.3,435717.2,30.18,0.0539555772291302,1603.668243403448,73.90743692042491,0
R16x9.6x6.3,433517.2,30.175,0.0620748396556162,1629.726240691538,86.08185674101225,0
R16x9.6x6.3,431017.2,30.154,0.0708388550934107,1651.6014195832172,98.6793806872833,0
R16x9.6x6.3,428817.2,30.153,0.0788627472745707,1682.8661138179175,110.63399401499817,0
R16x9.6x6.3,426917.2,30.18,0.0856903961272272,1687.3932182818455,121.37540070834868,0
R16x9.6x6.3,425517.2,30.171,0.0919446928164025,1692.8770268583623,132.52315790099652,0
R16x9.6x6.3,423317.2,30.173,0.0995013449630132,1709.7585549385226,143.80876795175132,0
R16x9.6x6.3,423217.2,30.187,0.104681851890993,1719.9806347079411,153.81141091429973,0
R16x9.6x6.3,420517.2,30.182,0.1122856506879244,1737.6992890342935,167.09414664996038,0
R16x9.6x6.3,418617.2,30.166,0.1192044989758173,1754.5722484372186,180.0599599778066,0
R16x9.6x6.3,417317.2,30.17,0.1251472935735788,1763.7355664424888,191.1088064291776,0
R16x9.6x6.3,415617.2,30.167,0.1313439415875813,1788.4035762385308,204.1686893013234,0
R16x9.6x6.3,414317.2,30.171,0.1367482218447343,1795.9273950267752,215.43233171413388,0
R16x9.6x6.3,413017.2,30.177,0.1419343794933458,1804.8254161843693,227.23975401326024,0
R16x9.6x6.3,411917.2,30.166,0.1469792993853438,1811.6744219670936,243.06666171562568,0
R16x9.6x6.3,410717.2,30.174,0.1522580864229373,1824.882719208,256.05448495637893,0
R16x9.6x6.3,409617.2,30.174,0.1574976785272469,1834.576963447647,267.70003571396654,0
R16x9.6x6.3,408617.2,30.188,0.1618471770452268,1840.6797506406613,280.5462084605139,0
R16x9.6x6.3,407617.2,30.179,0.1667663901561811,1850.7844768172315,291.2092214850215,0
R16x9.6x6.3,406417.2,30.177,0.1729249481388266,1865.309638890044,308.8815879115759,0
R16x9.6x6.3,405617.2,30.199,0.1773721192748647,1871.0982740831605,319.46278568080766,0
R16x9.6x6.3,478931.8,30.152,0.0195026664866772,1554.4250892168964,31.610418632397,0
R16x9.6x6.3,476331.8,30.163,0.0289024207845222,1578.298711333777,41.67085884005946,0
R16x9.6x6.3,471731.8,30.158,0.038573510843149,1601.8204205348984,53.53625073740204,0
R16x9.6x6.3,470431.8,30.162,0.0462924508958674,1614.5790260323697,63.6287969696664,0
R16x9.6x6.3,467831.8,30.143,0.0539352138600213,1607.727317361187,74.45005239594207,0
R16x9.6x6.3,465631.8,30.155,0.0617175885861809,1627.438569601028,86.43629795202774,0
R16x9.6x6.3,463031.8,30.152,0.0704065370855399,1653.4275292550474,99.70723031317824,0
R16x9.6x6.3,461131.8,30.154,0.0773812588194337,1671.3683979892348,110.35707375102476,0
R16x9.6x6.3,459031.8,30.152,0.0848174050539687,1693.4769398677818,123.67120079684544,0
R16x9.6x6.3,456831.8,30.162,0.091743928400784,1697.3426346684073,135.7589268585383,0
R16x9.6x6.3,455331.8,30.157,0.0982912860871707,1708.6366869445292,146.31013221957386,0
R16x9.6x6.3,453631.8,30.159,0.1048770181835568,1727.7107106405992,158.8713168393503,0
R16x9.6x6.3,451831.8,30.138,0.1113499527996058,1739.2226457703796,170.16175026306271,0
R16x9.6x6.3,450131.8,30.138,0.1178826101566981,1755.3388573135646,181.1749355609645,0
R16x9.6x6.3,448831.8,30.171,0.1229146074555581,1767.4364305748886,191.49566226905955,0
R16x9.6x6.3,447131.8,30.16,0.1291878391460334,1787.6665255475782,203.51955945273835,0
R16x9.6x6.3,446231.8,30.144,0.1335231822555228,1791.6210957105598,214.95700036469745,0
R16x9.6x6.3,444631.8,30.172,0.1391291640399874,1798.328391968941,225.8097516575777,0
R16x9.6x6.3,443031.8,30.154,0.1448882887376721,1816.8929043090511,244.17095167418944,0
R16x9.6x6.3,442231.8,30.176,0.1497400263952881,1825.9753180415669,255.2494894704305,0
R16x9.6x6.3,441031.8,30.199,0.1547954586646193,1835.490743972228,267.8132453247199,0
R16x9.6x6.3,440131.8,30.174,0.1587830179509765,1840.6950010496623,279.38797688010794,0
R16x9.6x6.3,438931.8,30.184,0.1635091897978901,1853.300227637627,293.1307870001067,0
R16x9.6x6.3,437531.8,30.206,0.1698358754880279,1860.1410239590537,308.97561214252977,0
R16x9.6x6.3,436531.8,30.204,0.1745256944903893,1878.925411779412,323.7154062178836,0
R16x9.6x6.3,435631.8,30.181,0.179212646408681,1886.542289207844,334.7626410486302,0
R16x9.6x6.3,530262.8,30.174,0.0180084295541036,1561.83848750349,33.90099526414504,0
R16x9.6x6.3,528262.8,30.172,0.0269797918451587,1576.7357880392187,42.97310420585225,0
R16x9.6x6.3,524762.8,30.17,0.0356857203856459,1600.812463004096,53.87320902254038,0
R16x9.6x6.3,521562.8000000001,30.166,0.0440171747729202,1616.404413661215,65.9295508679495,0
R16x9.6x6.3,518962.8000000001,30.178,0.0511747223493263,1611.0774142480875,78.0901478018365,0
R16x9.6x6.3,516462.8000000001,30.173,0.0589800266604996,1627.4683553890466,90.06773346537756,0
R16x9.6x6.3,514062.8000000001,30.157,0.0670691855274082,1652.9082384160458,103.81503480356623,0
R16x9.6x6.3,511562.8000000001,30.169,0.0740652547584015,1652.7859029672863,112.93343229009616,0
R16x9.6x6.3,509262.8000000001,30.171,0.0808535347930042,1681.509704492194,126.1907635803878,0
R16x9.6x6.3,507362.8000000001,30.156,0.0875891407475492,1698.366299310972,136.89338270531306,0
R16x9.6x6.3,505362.8000000001,30.151,0.0941811398325583,1715.40820896901,148.64781230453855,0
R16x9.6x6.3,503762.8000000001,30.16,0.1003790221182325,1727.4496520212265,160.26265169724437,0
R16x9.6x6.3,502262.8000000001,30.172,0.1062769246633641,1740.9441960349343,172.09597596153608,0
R16x9.6x6.3,500462.8000000001,30.166,0.1121640737885112,1751.4696826278769,183.5256082612064,0
R16x9.6x6.3,498862.8000000001,30.174,0.1173569684867935,1750.214595047387,194.3341473803537,0
R16x9.6x6.3,497262.8000000001,30.167,0.123108762792261,1766.0630174654518,207.4123867580602,0
R16x9.6x6.3,495962.8000000001,30.178,0.1283859609460414,1774.6170981986145,222.3421407450633,0
R16x9.6x6.3,494562.8000000001,30.175,0.1333128049927145,1793.655634702866,235.4359622917644,0
R16x9.6x6.3,493162.8000000001,30.192,0.1386745196760236,1804.8502765124872,245.859597316858,0
R16x9.6x6.3,491762.8000000001,30.21,0.1435194393131187,1817.7289963036903,259.74238732332554,0
R16x9.6x6.3,490862.8000000001,30.204,0.1478699058675306,1824.216839544378,269.0981281206807,0
R16x9.6x6.3,489662.8000000001,30.204,0.1527634765234283,1830.7337526921765,278.5333063572653,0
R16x9.6x6.3,488762.8000000001,30.231,0.156923179171049,1838.6134182592143,289.954399846624,0
R16x9.6x6.3,488062.8000000001,30.239,0.1610094532821969,1848.447609025588,300.75769323597143,0
R16x9.6x6.3,486262.8000000001,30.22,0.1674654799946134,1867.4507064041225,318.1700379965675,0
R16x9.6x6.3,485162.8000000001,30.234,0.1722368495647313,1877.673668289631,328.7498531362113,0
R16x9.6x6.3,484862.8000000001,30.238,0.1756175136648751,1884.0663460715548,339.2589732296516,0
R16x9.6x6.3,583134.4,30.295,0.016690805800064,1548.7299038523522,32.532693460134304,0
R16x9.6x6.3,579634.4,30.284,0.0258990832468089,1579.5039751845045,43.79437704508699,0
R16x9.6x6.3,574534.4,30.288,0.035118180344254,1609.6470597911386,56.391839026228446,0
R16x9.6x6.3,572834.4,30.29,0.0416838654851985,1589.3364867820717,67.18577062027946,0
R16x9.6x6.3,569834.4,30.281,0.0495075153768603,1607.857395472623,79.00542174071008,0
R16x9.6x6.3,566734.4,30.304,0.0572653329023399,1628.7792385229188,90.9736970978886,0
R16x9.6x6.3,564434.4,30.302,0.063894893421133,1632.9879736827604,100.75788550664208,0
R16x9.6x6.3,561734.4,30.293,0.0713792015993022,1649.6643946654278,114.97950595861592,0
R16x9.6x6.3,559234.4,30.284,0.0783445667173954,1683.1070441588283,129.03211080134233,0
R16x9.6x6.3,557134.4,30.29,0.0849884710407359,1701.2571533854848,141.49314689848418,0
R16x9.6x6.3,555134.4,30.29,0.0913037460595151,1713.7480821542588,153.8875791257213,0
R16x9.6x6.3,553034.4,30.302,0.0977235595632027,1727.5029902142287,165.4920321844778,0
R16x9.6x6.3,551434.4,30.296,0.1032990099661716,1732.010572792444,174.95011320267403,0
R16x9.6x6.3,549834.4,30.302,0.1083214319236945,1732.1763489923967,186.1136648058085,0
R16x9.6x6.3,548234.4,30.314,0.1137309071533643,1751.7873597453915,198.9343146459164,0
R16x9.6x6.3,546634.4,30.316,0.118953927281357,1762.6449928980371,209.3337566150877,0
R16x9.6x6.3,544934.4,30.301,0.1245821856037233,1771.1626475639755,223.4626899659181,0
R16x9.6x6.3,543434.4,30.303,0.1296821961602763,1794.3067914506476,235.8686617416192,0
R16x9.6x6.3,541934.4,30.305,0.1345713891105789,1808.2598293853207,249.8112320378752,0
R16x9.6x6.3,541134.4,30.31,0.1387270723109818,1810.244542138371,258.9149582058339,0
R16x9.6x6.3,540134.4,30.307,0.1432494322267723,1821.187451066697,271.10366896254686,0
R16x9.6x6.3,538434.4,30.319,0.1475655904030156,1824.5219550829863,283.19909568836334,0
R16x9.6x6.3,537834.4,30.323,0.1519272527693386,1832.0786703899048,293.71922990953874,0
R16x9.6x6.3,686794.7999999999,30.29,0.0174355238410639,1564.8022227968752,41.96315713392891,0
R16x9.6x6.3,684694.7999999999,30.283,0.025768911787773,1598.0969508180874,53.93196911570784,0
R16x9.6x6.3,680694.7999999999,30.295,0.0337386470335429,1621.010680338205,66.46226854844845,0
R16x9.6x6.3,677194.7999999999,30.299,0.0405550666146968,1611.4740384625225,79.77149159033884,0
R16x9.6x6.3,674194.7999999999,30.292,0.0474833673106686,1626.5791570629644,92.9236276029919,0
R16x9.6x6.3,671094.7999999999,30.29,0.0543124694318492,1632.088113932601,102.58570427865672,0
R16x9.6x6.3,667994.7999999999,30.294,0.0611560511630152,1639.584617511282,116.21048925348556,0
R16x9.6x6.3,665394.7999999999,30.325,0.0676894134157564,1659.346282368135,127.75556111352584,0
R16x9.6x6.3,663094.7999999999,30.31,0.0737847197820906,1676.4614050537978,139.96455017747613,0
R16x9.6x6.3,660794.7999999999,30.33,0.079742449332164,1709.4815280495982,154.12954307407938,0
R16x9.6x6.3,659194.7999999999,30.32,0.0850339881099218,1715.394816610648,165.07182537496712,0
R16x9.6x6.3,656794.7999999999,30.309,0.0903357423968167,1714.4382235128285,176.647322421563,0
R16x9.6x6.3,655294.7999999999,30.303,0.0953959100638054,1729.4593844640613,188.95293587475388,0
R16x9.6x6.3,653494.7999999999,30.29,0.1007515643541289,1739.2195158524005,199.37388168018623,0
R16x9.6x6.3,651794.7999999999,30.313,0.1056390276999058,1743.6597038814273,212.8099263166308,0
R16x9.6x6.3,650294.7999999999,30.3,0.1106886870912774,1761.4034476121,224.9021053683959,0
R16x9.6x6.3,648694.7999999999,30.306,0.1154298748645997,1771.7754479384932,235.40617771627387,0
R16x9.6x6.3,647294.7999999999,30.314,0.1198095750804331,1779.014501372308,244.7686408039166,0
R16x9.6x6.3,645894.7999999999,30.356,0.1244058097766833,1784.310918453117,254.0580408733244,0
R16x9.6x6.3,644694.7999999999,30.328,0.1288666812501747,1795.454446912754,264.7182242214572,0
R16x9.6x6.3,643294.7999999999,30.322,0.1331010422511385,1817.345329458812,278.93766792519307,0
R16x9.6x6.3,642494.7999999999,30.326,0.137121805805096,1827.8234078277608,288.616336438684,0
R16x9.6x6.3,641294.7999999999,30.334,0.1413136684434609,1833.363614375592,300.3086003723862,0
R16x9.6x6.3,640294.7999999999,30.342,0.1446166221397383,1833.0939380034924,310.1518290736392,0
R16x9.6x6.3,638894.7999999999,30.321,0.1500259363868725,1842.311319289783,325.4935156167535,0
R16x9.6x6.3,741770.4,30.284,0.0162295072137482,1580.2683296153264,49.71018340586823,0
R16x9.6x6.3,738270.4,30.285,0.0247903267159917,1600.5514716427072,61.14223540759793,0
R16x9.6x6.3,734770.4,30.29,0.0324478113658659,1624.8162012161708,73.58707853775616,0
R16x9.6x6.3,732270.4,30.279,0.0387780604768532,1619.1223435035831,86.75230651332555,0
R16x9.6x6.3,728370.4,30.276,0.0459630642362215,1639.9472837339945,99.0474770163656,0
R16x9.6x6.3,725870.4,30.28,0.0520867340396967,1638.793092762576,109.15996695341433,0
R16x9.6x6.3,723270.4,30.268,0.0586092213090227,1643.2696724521948,122.40054219662406,0
R16x9.6x6.3,720570.4,30.267,0.0647781659056022,1660.0836712521009,134.6628563489802,0
R16x9.6x6.3,718170.4,30.265,0.0705558862513562,1677.573254206103,147.81287266511688,0
R16x9.6x6.3,715970.4,30.26,0.0762817789531831,1686.3642635924566,159.16579641939677,0
R16x9.6x6.3,713770.4,30.256,0.0813766673731874,1708.3006779343789,171.70094150932607,0
R16x9.6x6.3,712070.4,30.285,0.0863170405052024,1716.055729436826,183.2702508984028,0
R16x9.6x6.3,710070.4,30.27,0.0915838139138124,1731.5533784182187,194.6765770238545,0
R16x9.6x6.3,708070.4,30.255,0.0967932271910197,1743.0678101592105,208.56706501409383,0
R16x9.6x6.3,706870.4,30.249,0.1011364235489705,1747.886755512948,219.0119690792025,0
R16x9.6x6.3,704870.4,30.249,0.1060549831925571,1760.8474273609024,230.3986444398861,0
R16x9.6x6.3,704270.4,30.265,0.109918756049152,1764.1795905180295,239.19368581562188,0
R16x9.6x6.3,702370.4,30.238,0.1146978179446325,1775.140266511885,250.0546616635955,0
R16x9.6x6.3,701270.4,30.263,0.1191315775262932,1785.5797796888023,259.8192589761418,0
R16x9.6x6.3,700070.4,30.261,0.1231870484603809,1792.9237632786992,270.6392292900164,0
R16x9.6x6.3,698570.4,30.265,0.1271892109114194,1797.0413661417565,282.438634864806,0
R16x9.6x6.3,697670.4,30.277,0.1307661494797719,1811.8887737773005,294.1300114587087,0
R16x9.6x6.3,696470.4,30.26,0.1344178103351208,1819.1591424448416,303.274986429997,0
R16x9.6x6.3,695670.4,30.252,0.1379942768923795,1820.1343395472377,313.38872713333285,0
R16x9.6x6.3,694070.4,30.279,0.1434629845072043,1839.723103505272,328.9875410152918,0
R16x9.6x6.3,693070.4,30.247,0.1467575944062789,1840.331824036672,338.86234504105767,0
R16x9.6x6.3,817893.6,30.126,0.0154771306565234,1599.6634920631982,57.82979384081335,0
R16x9.6x6.3,812893.6,30.134,0.023691749733265,1609.7196871330343,69.11794107952088,0
R16x9.6x6.3,808693.6,30.148,0.0303826426898479,1604.1431852426429,82.42192827829996,0
R16x9.6x6.3,806593.6,30.138,0.0367366836066744,1623.0179380598397,95.2078352919396,0
R16x9.6x6.3,802393.6,30.13,0.0435613253154679,1642.3205526885051,106.67924977463188,0
R16x9.6x6.3,799893.6,30.128,0.0492908882369882,1644.3212305785469,119.5552008451933,0
R16x9.6x6.3,797593.6,30.132,0.0551117863472133,1648.7637358186705,133.3264582838619,0
R16x9.6x6.3,795193.6,30.113,0.0608080663362513,1660.6487778683693,144.7400790174785,0
R16x9.6x6.3,792293.6,30.119,0.0665451621254282,1684.5930291390002,157.85817009089246,0
R16x9.6x6.3,789993.6,30.116,0.0717614393914924,1688.1955179033512,167.22688308430222,0
R16x9.6x6.3,788493.6,30.11,0.0761527058884033,1688.5897094842785,178.65065577838746,0
R16x9.6x6.3,786093.6,30.11,0.0811511668218898,1719.533072311098,191.9223214932029,0
R16x9.6x6.3,784493.6,30.108,0.0859156695253711,1729.4200194987386,205.89539464444687,0
R16x9.6x6.3,782393.6,30.122,0.0907646595543522,1737.4571586310603,216.9444647232535,0
R16x9.6x6.3,780893.6,30.133,0.0952111388752914,1747.6584102404136,227.7045114676356,0
R16x9.6x6.3,778993.6,30.131,0.0996127709879418,1758.4129546761153,239.31941736274163,0
R16x9.6x6.3,778693.6,30.108,0.1031478795586605,1760.6159686814108,249.40708009937583,0
R16x9.6x6.3,776493.6,30.106,0.1078828432269434,1767.7725291823226,258.1822406510039,0
R16x9.6x6.3,776293.6,30.11,0.1114762911681244,1773.9341454916566,267.5092233447598,0
R16x9.6x6.3,774793.6,30.091,0.1154479658564081,1788.855506458068,280.7911174301181,0
R16x9.6x6.3,773193.6,30.108,0.1194410933174911,1792.596740233358,290.173547657125,0
R16x9.6x6.3,771893.6,30.102,0.1229407222243908,1797.8488068407005,300.01291811093785,0
R16x9.6x6.3,771193.6,30.11,0.1264462790675636,1805.327578448725,310.01117380360114,0
R16x9.6x6.3,770393.6,30.122,0.1301620676921989,1814.802123041703,318.47359291009,0
R16x9.6x6.3,903386.8,30.068,0.0115692213417155,1588.5207769178671,63.5546921194514,0
R16x9.6x6.3,901986.8,30.068,0.0183906998709868,1621.6959025886697,76.66025697434235,0
R16x9.6x6.3,898486.7999999999,30.051,0.0255335718441012,1643.483814803128,93.10634830730048,0
R16x9.6x6.3,894286.7999999999,30.061,0.0316219225805132,1636.1344058186626,106.89180163772816,0
R16x9.6x6.3,891186.7999999999,30.063,0.0376030719385646,1652.0605225638728,118.28004400123253,0
R16x9.6x6.3,888086.7999999999,30.059,0.0432282611934243,1653.393623276008,130.55641953226362,0
R16x9.6x6.3,885886.7999999999,30.058,0.0481922768211747,1648.160655707104,141.91469463600865,0
R16x9.6x6.3,882986.7999999999,30.058,0.0542206585508858,1664.0300383583626,154.68405186178927,0
R16x9.6x6.3,880886.7999999999,30.067,0.0592589900771131,1672.5962235051234,165.98196810036012,0
R16x9.6x6.3,878786.7999999999,30.054,0.0640832077383381,1689.5390348749604,178.2031511126495,0
R16x9.6x6.3,877186.7999999999,30.07,0.0682242067470739,1689.0888143914226,189.92657586288897,0
R16x9.6x6.3,874986.7999999999,30.073,0.0729089653323144,1699.4245353636063,200.883928179406,0
R16x9.6x6.3,872686.7999999999,30.066,0.0776263499622805,1708.6318503336297,215.70520720686733,0
R16x9.6x6.3,871086.7999999999,30.054,0.0817479222085801,1733.2820235017114,227.27018825419685,0
R16x9.6x6.3,868786.7999999999,30.06,0.0863508417647963,1748.9050605244656,237.23243828042948,0
R16x9.6x6.3,867786.7999999999,30.081,0.0901274912818956,1751.1437669128409,246.64193314973164,0
R16x9.6x6.3,866286.7999999999,30.085,0.0939194603631721,1753.275028072577,256.6029444069748,0
R16x9.6x6.3,865586.7999999999,30.091,0.0979418626027551,1770.34014464341,267.1270501352017,0
R16x9.6x6.3,864386.7999999999,30.077,0.101615879564795,1776.2181330575586,277.2784364159421,0
R16x9.6x6.3,863086.7999999999,30.094,0.1053228298494508,1782.3515322217763,287.1266968389275,0
R16x9.6x6.3,861386.7999999999,30.092,0.108985249949854,1787.32838077117,296.75402861895884,0
R16x9.6x6.3,860786.7999999999,30.073,0.1122713672095048,1791.961557246874,307.3891711279104,0
R16x9.6x6.3,859986.7999999999,30.075,0.1156569651350079,1799.5246302254643,316.70963147103106,0
R16x9.6x6.3,859186.7999999999,30.073,0.1186751109298303,1792.6719169685016,323.19561520639286,0
R16x9.6x6.3,857386.7999999999,30.146,0.1228054818670684,1799.602960156257,341.07901163919104,0
R16x9.6x6.3,856786.7999999999,30.119,0.1255812374388903,1797.587233359992,349.7615082523709,0
R16x9.6x6.3,991212.3,30.004,0.0105156367726275,1581.1624413883924,77.01787144548793,0
R16x9.6x6.3,991212.3,30.008,0.0167854338327107,1620.8821725103958,89.84298688020368,0
R16x9.6x6.3,986312.3,29.985,0.0236168362292516,1653.5630106788874,107.79945825218026,0
R16x9.6x6.3,983512.3,30.006,0.0287745653564891,1638.4655996079057,122.3791356183703,0
R16x9.6x6.3,980012.3,30.004,0.0345270825961014,1663.2850861430736,134.10830605678194,0
R16x9.6x6.3,976912.3,30.008,0.0396346565550403,1664.3562531077475,146.76729808705835,0
R16x9.6x6.3,974712.3,29.995,0.0443992402049969,1661.4181976523523,158.51297095955556,0
R16x9.6x6.3,972112.3,29.997,0.0497987232567585,1671.6228730939104,171.17895862989505,0
R16x9.6x6.3,970012.3,30.009,0.0544710145656325,1681.8868327514012,181.22884403405664,0
R16x9.6x6.3,967912.3,30.015,0.058827574943638,1688.722915160019,192.85688420570435,0
R16x9.6x6.3,965812.3,30.001,0.0629492434041472,1689.236584983432,203.31410517093363,0
R16x9.6x6.3,963612.3,30.007,0.0673586482255161,1709.013657092122,219.6127260244576,0
R16x9.6x6.3,962112.3,30.003,0.0713417726035571,1712.8615815148607,229.5870420362856,0
R16x9.6x6.3,959812.3,30.001,0.0754373356146351,1724.559490262396,241.56292407777315,0
R16x9.6x6.3,959312.3,30.015,0.0788666587511443,1725.0830370905692,249.8811188170685,0
R16x9.6x6.3,956812.3,30.015,0.0828411304362734,1747.1590370210863,262.7351954402536,0
R16x9.6x6.3,956812.3,30.05,0.0865563500849288,1764.7191621222075,273.4601486866238,0
R16x9.6x6.3,954312.3,30.023,0.0904404513590827,1769.9682150705826,283.2742774331721,0
R16x9.6x6.3,953612.3,30.029,0.0939217536190794,1775.7028121921487,291.88000706073706,0
R16x9.6x6.3,953212.3,30.015,0.0969866566638137,1785.2359491572056,302.3642427834528,0
R16x9.6x6.3,951212.3,30.046,0.100381997403188,1787.1742228564528,311.823385131888,0
R16x9.6x6.3,949812.3,30.048,0.1035129841659759,1793.7524755337813,321.1135631230841,0
R16x9.6x6.3,948912.3,30.066,0.1066639169590956,1798.3824814637992,329.4959416155254,0
R16x9.6x6.3,947212.3,30.045,0.1101186820874641,1805.9064371347208,339.1428348264072,0
R16x9.6x6.3,947112.3,30.077,0.1132135830038736,1788.9894017045538,348.9203579989661,0
R16x9.6x6.3,945612.3,30.095,0.1167161159021151,1809.8953150142663,361.07914750119056,0
R16x9.6x6.3,1105449.65,30.018,0.0113425646345621,1611.7507291514803,113.7893792645422,0
R16x9.6x6.3,1100049.65,30.018,0.0176199716839844,1647.8373982986711,128.24218035309153,0
R16x9.6x6.3,1089249.65,30.023,0.0235935593214753,1638.2075198183463,142.93581580368146,0
R16x9.6x6.3,1089249.65,30.014,0.0284259171811582,1660.8959114163313,155.42843768918974,0
R16x9.6x6.3,1089249.65,30.02,0.0326606451516955,1661.3591348255677,167.1744932333682,0
R16x9.6x6.3,1087549.65,30.014,0.0368520306461779,1670.272684517986,180.34451259332,0
R16x9.6x6.3,1085549.65,30.029,0.0411908830431527,1669.9230239715905,191.39987208706995,0
R16x9.6x6.3,1083449.65,30.026,0.0460245346582144,1685.6640730674028,202.29956720735188,0
R16x9.6x6.3,1082349.65,30.01,0.0498958466658527,1691.3309434591265,214.14772543687445,0
R16x9.6x6.3,1078749.65,30.035,0.0544409223177455,1704.4703179523208,223.7838141617618,0
R16x9.6x6.3,1077849.65,30.043,0.0577854834224621,1695.695700929415,237.69696296213152,0
R16x9.6x6.3,1075949.65,30.03,0.0614910711574643,1705.50229326716,249.32217303561515,0
R16x9.6x6.3,1072849.65,30.047,0.0684709982245241,1717.951607641604,267.4566498793894,0
R16x9.6x6.3,1071049.65,30.087,0.072294670656568,1722.6428198367987,274.1518412552245,0
R16x9.6x6.3,1071049.65,30.051,0.0752705063272986,1733.9403932768505,286.0335824438526,0
R16x9.6x6.3,1067949.65,30.076,0.0793830844727883,1750.6480989507168,294.4336485517842,0
R16x9.6x6.3,1067049.65,30.089,0.0824579314615278,1757.65573128092,305.0828692821772,0
R16x9.6x6.3,1065349.65,30.061,0.0882896212046582,1779.4338919898676,323.475837873416,0
R16x9.6x6.3,1064249.65,30.082,0.0913384560962839,1783.664689047276,333.0721699793172,0
R16x9.6x6.3,1062749.65,30.063,0.0948155240552033,1797.025288078011,342.0660639358154,0
R16x9.6x6.3,1062649.65,30.12,0.0970427965662724,1789.4670144375073,349.85509413573806,0
R16x9.6x6.3,1062649.65,30.069,0.099489571548146,1790.5078681882396,358.8265783357941,0
R16x9.6x6.3,1060849.65,30.172,0.103366141441699,1795.4333549067944,372.3053957382853,0
R16x9.6x6.3,1060349.65,30.205,0.1055340282248818,1787.4147456600217,372.9025776296154,0
R16x9.6x6.3,1201470.7,30.003,0.0109190666275887,1584.7646448386738,146.36390450988313,0
R16x9.6x6.3,1187070.7,30.026,0.0170617871358864,1613.9061040167178,156.80848974880277,0
R16x9.6x6.3,1187070.7,30.019,0.0216380347275171,1638.5897340398687,166.9505905627239,0
R16x9.6x6.3,1183070.7,30.015,0.0262906287420749,1658.709310746627,179.90203261331715,0
R16x9.6x6.3,1181270.7,30.007,0.0303979705383116,1663.45659137207,190.4262854629548,0
R16x9.6x6.3,1177570.7,30.023,0.0344902796086931,1668.4810088501483,202.80794968503173,0
R16x9.6x6.3,1174770.7,30.017,0.0390292350380245,1683.927656182888,213.6470719237682,0
R16x9.6x6.3,1170770.7,30.011,0.0432068737653441,1688.8593473279943,223.24329809272348,0
R16x9.6x6.3,1169670.7,30.011,0.0468830926925925,1698.499158452865,234.20488607582,0
R16x9.6x6.3,1167370.7,30.017,0.0503477032893531,1695.5557573025897,248.4418296377034,0
R16x9.6x6.3,1167170.7,30.026,0.0535999524145756,1700.3217711963405,259.09882751602413,0
R16x9.6x6.3,1166270.7,30.036,0.0567532171163278,1702.1723550741697,268.4363235554848,0
R16x9.6x6.3,1164070.7,30.04,0.060536103574923,1717.717806733783,276.72046666983914,0
R16x9.6x6.3,1162270.7,30.023,0.0638777431772881,1721.588731137504,285.99643129952074,0
R16x9.6x6.3,1162270.7,30.023,0.0667925546617123,1728.3175938728302,296.20137196924736,0
R16x9.6x6.3,1159970.7,30.058,0.0698914429669935,1738.313076787112,307.2988697686304,0
R16x9.6x6.3,1157770.7,30.062,0.0734665130196775,1750.6339154676382,316.1196327104756,0
R16x9.6x6.3,1157570.7,30.07,0.0761977135087876,1750.1191096275122,324.69206119233314,0
R16x9.6x6.3,1156670.7,30.066,0.0791872363163222,1754.9671638682948,331.1483969580924,0
R16x9.6x6.3,1156670.7,30.064,0.0817799611556717,1754.3568015117974,339.70443436159275,0
R16x9.6x6.3,1155870.7,30.053,0.0839402551646421,1774.7668713383305,354.97064995785286,0
R16x9.6x6.3,1153270.7,30.108,0.0873406393600938,1786.5864876417238,363.215799971164,0
R16x9.6x6.3,1153170.7,30.076,0.0899985873474949,1789.6099846228349,370.0126087660794,0
R16x9.6x6.3,1152070.7,30.095,0.0951761733014393,1779.843439299667,386.0044237951509,0
R16x9.6x6.3,1151770.7,30.145,0.0979710452722626,1790.276091063114,394.5747174996157,0
R16x9.6x6.3,1151570.7,30.088,0.1000832145723983,1788.1902051622617,402.9192650191951,0
R16x9.6x6.3,1151270.7,30.099,0.102293312342829,1788.073491038141,410.53894964901104,0
R16x9.6x6.3,1151170.7,30.091,0.1046387921254172,1794.1567172789594,420.1965013324116,0
R16x9.6x6.3,1150670.7,30.183,0.106901682311737,1791.694223243029,427.1931250875157,0
R16x9.6x6.3,96908.3,49.927,0.0285566506694143,1716.0483265085556,22.34320584183617,0
R16x9.6x6.3,96158.3,49.931,0.039905204072613,1740.9999283051077,30.736140230361663,0
R16x9.6x6.3,95408.3,49.918,0.0515942761938865,1768.9322636818315,40.60351199769555,0
R16x9.6x6.3,94808.3,49.932,0.0624719978066561,1782.9354990046177,51.39028528363627,0
R16x9.6x6.3,94208.3,49.935,0.0736877800156744,1814.739996238628,63.448324702839656,0
R16x9.6x6.3,93458.3,49.947,0.0858041368119721,1848.8286694280127,76.72538279945188,0
R16x9.6x6.3,92858.3,49.916,0.0990638288199159,1902.661610496363,89.87480044497815,0
R16x9.6x6.3,92258.3,49.916,0.109779354262934,1919.485425775301,103.8542801956218,0
R16x9.6x6.3,91808.3,49.924,0.1202691524571007,1940.484206879536,115.27823407371044,0
R16x9.6x6.3,91208.3,49.947,0.1316151388789589,1973.774648026976,130.6167256329299,0
R16x9.6x6.3,90758.3,49.949,0.1416578349351753,1987.002501035033,143.59048450932127,0
R16x9.6x6.3,90308.3,49.935,0.1509797786767971,2004.2356852350424,157.94738467806886,0
R16x9.6x6.3,89858.3,49.947,0.1606720010564388,2022.9443514547736,173.0990560219767,0
R16x9.6x6.3,89558.3,49.943,0.1684498987965305,2040.0734627667207,188.10408829097625,0
R16x9.6x6.3,89108.3,49.949,0.1774517043195946,2062.017510791947,204.9354544123912,0
R16x9.6x6.3,88808.3,49.947,0.1854405546544718,2079.495415572222,218.9674136729976,0
R16x9.6x6.3,88358.3,49.943,0.193853262128597,2091.8779847751434,234.14838364982512,0
R16x9.6x6.3,88058.3,49.947,0.2010482822642166,2097.739194342784,246.383015948294,0
R16x9.6x6.3,141895.6,49.979,0.0285401245020172,1718.2141012108304,22.0527314563388,0
R16x9.6x6.3,141145.6,49.986,0.0396274524025128,1753.361873171584,30.16104344165003,0
R16x9.6x6.3,140095.6,49.98,0.0510018711748289,1769.0655468171883,40.4449592091329,0
R16x9.6x6.3,139195.6,49.976,0.0632301979374472,1822.4575350958785,52.16780129104032,0
R16x9.6x6.3,138295.6,49.986,0.0742876517344701,1847.2978338200248,65.17154830609873,0
R16x9.6x6.3,137395.6,49.986,0.0855258230524642,1868.84626795038,78.89334755809135,0
R16x9.6x6.3,136495.6,49.99,0.0971955892651117,1905.308563674757,93.95797087711816,0
R16x9.6x6.3,135745.6,49.998,0.1075817409516624,1927.2462709089875,107.599083879991,0
R16x9.6x6.3,134995.6,50.009,0.1180800925830245,1949.2665501584968,121.04560871427148,0
R16x9.6x6.3,134395.6,49.998,0.1270313421020038,1962.2331698706405,134.5316613901259,0
R16x9.6x6.3,133645.6,50.004,0.1370548465762329,1980.8366668999404,148.90227592611433,0
R16x9.6x6.3,133045.6,50.012,0.1458327296762211,2006.3515807671524,166.60923809055433,0
R16x9.6x6.3,132295.6,50.006,0.1554502884466018,2031.51370108901,182.1304391583516,0
R16x9.6x6.3,131845.6,50.005,0.1631779291220317,2043.000378233695,195.29431313073204,0
R16x9.6x6.3,131245.6,50.012,0.1720065159896606,2064.017517655124,210.9107117676707,0
R16x9.6x6.3,130795.6,50.002,0.1785136350667193,2064.485790517794,221.6734895461157,0
R16x9.6x6.3,130345.6,50.012,0.183307502849163,2058.6902524539,238.1049164108478,0
R16x9.6x6.3,129895.6,50.026,0.1902126567156453,2069.0492643870816,253.63644151628804,0
R16x9.6x6.3,129445.6,50.026,0.1969398970340065,2076.601804166008,268.43036340957167,0
R16x9.6x6.3,128995.6,50.024,0.2039745094349292,2094.8292431854475,284.43022665682025,0
R16x9.6x6.3,204022.7,50.042,0.0224676992289778,1699.254180072244,19.73233005707613,0
R16x9.6x6.3,202472.7,50.065,0.0341934743019945,1742.3213039693728,27.40637287958343,0
R16x9.6x6.3,201022.7,50.038,0.0464768323812101,1807.2976677601785,37.56416004904699,0
R16x9.6x6.3,200222.7,50.05,0.0568595553571156,1820.550459358625,47.5183232308744,0
R16x9.6x6.3,198972.7,50.072,0.0669726310530958,1823.575563778364,61.459325834428384,0
R16x9.6x6.3,197672.7,50.049,0.0785401458798104,1860.7405141964048,73.34616450978447,0
R16x9.6x6.3,196472.7,50.059,0.0895513394033544,1890.5799013178032,88.8595895631006,0
R16x9.6x6.3,195322.7,50.064,0.099946285979182,1911.2409762703487,103.62747814016834,0
R16x9.6x6.3,194422.7,50.035,0.1092939828697515,1932.3167462485903,118.78235862127826,0
R16x9.6x6.3,193372.7,50.027,0.1190099313045295,1953.9957655521384,134.32952228137415,0
R16x9.6x6.3,192472.7,50.049,0.1261747956705872,1937.482886384408,147.88203672829772,0
R16x9.6x6.3,191572.7,50.047,0.1349543639956649,1961.1615489874832,163.7037832341313,0
R16x9.6x6.3,190972.7,50.025,0.1422216215146705,1980.075359469755,175.61545099878876,0
R16x9.6x6.3,190072.7,50.041,0.1503667818157318,1994.389947014581,192.75263351519607,0
R16x9.6x6.3,189322.7,50.03,0.1575612299409645,2007.6339023524183,209.278339861801,0
R16x9.6x6.3,188722.7,50.053,0.1646910411262007,2024.1088678231747,224.3033915540205,0
R16x9.6x6.3,188272.7,50.051,0.1706346226043529,2036.0198805575576,238.9163242360464,0
R16x9.6x6.3,187522.7,50.071,0.1778003869883574,2052.4530073315195,253.5650205770497,0
R16x9.6x6.3,186922.7,50.073,0.1841696289316315,2067.9692412104314,268.9235829648701,0
R16x9.6x6.3,186322.7,50.063,0.1900138904566493,2074.205061557588,283.75521986177523,0
R16x9.6x6.3,186022.7,50.074,0.1949918202414733,2080.3261374137664,297.10568309588945,0
R16x9.6x6.3,185422.7,50.072,0.2011679411084647,2090.298188933871,311.7367209068086,0
R16x9.6x6.3,256360.4,50.091,0.019408070681857,1711.341892264607,19.432275648110075,0
R16x9.6x6.3,254860.4,50.077,0.0307784270882247,1731.3584610097837,27.7029674745626,0
R16x9.6x6.3,253010.4,50.077,0.042771882971,1787.892763485843,36.99182352074265,0
R16x9.6x6.3,251860.4,50.093,0.0530916144051177,1803.6792485585445,47.27690204555957,0
R16x9.6x6.3,250360.4,50.093,0.0641524494841322,1831.8332819382813,58.95168484677932,0
R16x9.6x6.3,248860.4,50.087,0.0745300626704068,1849.2647411279536,72.40264074204967,0
R16x9.6x6.3,247410.4,50.079,0.0849586994090946,1873.0642599799708,86.69015497402731,0
R16x9.6x6.3,246110.4,50.089,0.094954297374807,1904.1004788398072,102.85255768155116,0
R16x9.6x6.3,244960.4,50.098,0.1029981719036868,1895.65047318899,116.59112417327422,0
R16x9.6x6.3,243810.4,50.092,0.1118634161857134,1913.420181930892,131.10886710922404,0
R16x9.6x6.3,242560.4,50.072,0.1207509272479563,1933.141868739517,146.69661890162416,0
R16x9.6x6.3,241560.4,50.07,0.1288179758473802,1939.7535543095423,158.16531970618965,0
R16x9.6x6.3,240810.4,50.08,0.1360287767689156,1962.6380187492653,175.22642518238573,0
R16x9.6x6.3,239710.4,50.082,0.1439124281467711,1990.4863948153625,193.25153181344243,0
R16x9.6x6.3,238810.4,50.082,0.1504729093924603,1992.727184405073,208.68659265758265,0
R16x9.6x6.3,238210.4,50.072,0.156582950577492,2003.3276467731696,223.4164540180469,0
R16x9.6x6.3,237460.4,50.084,0.1628475190311173,2020.19814579737,240.54800993056205,0
R16x9.6x6.3,236710.4,50.09,0.1683024124600506,2016.51844771991,254.4220658902049,0
R16x9.6x6.3,236110.4,50.067,0.1739295061706731,2029.6531387831376,269.15029784405726,0
R16x9.6x6.3,235360.4,50.073,0.1800241157589593,2049.586222588799,284.8644942473257,0
R16x9.6x6.3,235060.4,50.079,0.1849188778631738,2055.1333016186936,297.35282052803035,0
R16x9.6x6.3,234460.4,50.084,0.1903717725515246,2063.949418343157,310.4886978525436,0
R16x9.6x6.3,234010.4,50.069,0.1949785890523731,2068.1726877241485,324.0897494707354,0
R16x9.6x6.3,233560.4,50.075,0.2000422835042563,2074.4218802477644,336.83084035366966,0
R16x9.6x6.3,304871.2,50.068,0.0206311210822811,1712.2553991396608,23.83804058572159,0
R16x9.6x6.3,302771.2,50.054,0.0329372929815456,1770.9630720328244,32.23650201168693,0
R16x9.6x6.3,301171.2,50.051,0.0436618417849949,1786.7922179098994,41.19373649637154,0
R16x9.6x6.3,299571.2,50.082,0.0542618537395835,1808.0082268596057,51.93675923716759,0
R16x9.6x6.3,297971.2,50.073,0.0643881478159274,1825.970989778908,64.24769419712747,0
R16x9.6x6.3,296371.2,50.063,0.0745942908969993,1858.591375662279,78.11498941535251,0
R16x9.6x6.3,294621.2,50.073,0.0835726688658169,1842.715768351357,93.06447058053206,0
R16x9.6x6.3,293021.2,50.057,0.0931965840268941,1877.299038207516,109.110584268387,0
R16x9.6x6.3,291771.2,50.053,0.1017692387621838,1895.107456542767,122.3979363715325,0
R16x9.6x6.3,290371.2,50.051,0.1104346437168642,1909.736431373,136.0363333069597,0
R16x9.6x6.3,288771.2,50.055,0.1192768546352678,1908.7231022917683,151.3163330024603,0
R16x9.6x6.3,288321.2,50.053,0.1251235396066224,1937.714664044075,167.78599362395695,0
R16x9.6x6.3,287221.2,50.055,0.13265509174153,1955.132079209663,183.07003054552067,0
R16x9.6x6.3,286171.2,50.057,0.1390183156705314,1958.3554455575725,197.86828910427727,0
R16x9.6x6.3,285421.2,50.053,0.1450734968859516,1982.4362553526337,214.3770716004896,0
R16x9.6x6.3,284371.2,50.083,0.1518063483983997,1991.216536791482,228.8216467654112,0
R16x9.6x6.3,283621.2,50.05,0.1576932526356781,2002.3622899927584,242.57750258946848,0
R16x9.6x6.3,282871.2,50.085,0.1632572687506209,2011.431199946579,256.46724054053936,0
R16x9.6x6.3,282271.2,50.071,0.1687204773589529,2024.0504543037453,271.35735674100096,0
R16x9.6x6.3,281521.2,50.085,0.1744871586311651,2036.2267852789048,286.33089037808526,0
R16x9.6x6.3,280771.2,50.085,0.1796501607765458,2046.719021301942,303.03381987847985,0
R16x9.6x6.3,280171.2,50.073,0.1844647380694678,2052.641885954636,322.6132437969462,0
R16x9.6x6.3,279571.2,50.083,0.1898366995266642,2066.580269222608,338.561159982463,0
R16x9.6x6.3,279121.2,50.079,0.1942463349695176,2075.574767311,353.98240032267336,0
R16x9.6x6.3,278371.2,50.095,0.2003343303294535,2074.3801654616045,371.7157787023625,0
R16x9.6x6.3,375890.8,50.064,0.0193134504303353,1713.271094176274,26.2799588177559,0
R16x9.6x6.3,373490.8,50.091,0.0312810756596326,1779.5662824653111,34.810458251933035,0
R16x9.6x6.3,371090.8,50.075,0.0421037039171977,1807.266497088381,45.6302613962447,0
R16x9.6x6.3,369490.8,50.091,0.0517797568362022,1800.6630016704903,56.2102989169788,0
R16x9.6x6.3,367590.8,50.077,0.0617165202581546,1830.8124443145928,69.89840659919466,0
R16x9.6x6.3,365690.8,50.101,0.0702897768667001,1828.2532588944464,83.58051411587797,0
R16x9.6x6.3,364090.8,50.093,0.0792415303107934,1850.941793003553,98.1221990379014,0
R16x9.6x6.3,362340.8,50.086,0.0886418099876555,1879.3786617500432,113.16480092966655,0
R16x9.6x6.3,360590.8,50.078,0.0967313370417672,1888.6638493263129,127.21018131268036,0
R16x9.6x6.3,359340.8,50.082,0.1045415716069565,1907.2533573133585,142.42877174993046,0
R16x9.6x6.3,357940.8,50.084,0.1116595576888902,1912.3137729979123,157.86378303937934,0
R16x9.6x6.3,356840.8,50.076,0.1185929446405472,1930.970717535571,173.03246948834263,0
R16x9.6x6.3,355740.8,50.088,0.1252265155743332,1941.119508378598,186.8861876533,0
R16x9.6x6.3,354640.8,50.101,0.1317454873042171,1955.3309714604163,202.06321510092351,0
R16x9.6x6.3,353690.8,50.074,0.1379710194488534,1962.9160916479352,214.8688250930905,0
R16x9.6x6.3,352940.8,50.066,0.143491400952125,1985.67474518406,230.30825931316,0
R16x9.6x6.3,352140.8,50.068,0.1491967628898176,1996.151916384712,244.66685228569497,0
R16x9.6x6.3,351190.8,50.076,0.154825652261229,2008.476122383261,260.2238232040793,0
R16x9.6x6.3,350290.8,50.087,0.1600157342037909,2014.6740644994504,275.46850129881426,0
R16x9.6x6.3,349540.8,50.08,0.1649661989041499,2018.176642774641,295.0522543622829,0
R16x9.6x6.3,348790.8,50.094,0.1699997545404964,2030.0403853559003,310.9349750593648,0
R16x9.6x6.3,348490.8,50.082,0.1733132962531444,2023.046486947658,322.5193032718456,0
R16x9.6x6.3,347740.8,50.092,0.1783418365978443,2040.6479199839964,340.1997170873323,0
R16x9.6x6.3,347440.8,50.086,0.1819870304438845,2038.5140726765344,350.60418950998087,0
R16x9.6x6.3,346990.8,50.076,0.1874692002087532,2048.283523867417,369.83473467704033,0
R16x9.6x6.3,346240.8,50.101,0.1920710245034218,2058.142486643452,384.4713992932673,0
R16x9.6x6.3,345940.8,50.084,0.196004156327105,2059.410890836601,396.30121004661225,0
R16x9.6x6.3,419848.8000000001,50.099,0.0194078863439099,1749.52586549757,29.32208074829232,0
R16x9.6x6.3,417448.8000000001,50.102,0.0305555951909897,1780.0069601140851,38.77309759980108,0
R16x9.6x6.3,415048.8000000001,50.093,0.0408883816469895,1800.6738109102248,49.222455824563895,0
R16x9.6x6.3,412648.8000000001,50.093,0.0511337026459449,1821.0670365152907,60.75354408503056,0
R16x9.6x6.3,410898.8000000001,50.097,0.05928503162362,1802.9426802585715,73.36863725175233,0
R16x9.6x6.3,408998.8000000001,50.091,0.0684668280673171,1824.2369074890023,87.34846378460844,0
R16x9.6x6.3,407248.8000000001,50.101,0.077050790129734,1842.0636368177804,101.28010205569224,0
R16x9.6x6.3,405198.8000000001,50.096,0.0859543011956,1870.7403360611795,118.37214002016196,0
R16x9.6x6.3,403448.8000000001,50.096,0.0939789266751554,1882.030911623869,130.44715875565555,0
R16x9.6x6.3,401698.8000000001,50.102,0.1012293594116107,1888.9135698823795,146.2552860450419,0
R16x9.6x6.3,400798.8000000001,50.098,0.1080915474791627,1912.3383092057995,160.634679030621,0
R16x9.6x6.3,399548.8000000001,50.098,0.1145549748353459,1915.52210715927,174.81891442369988,0
R16x9.6x6.3,398448.8000000001,50.11,0.1212052438762011,1934.673767187128,190.35058212176145,0
R16x9.6x6.3,397498.8000000001,50.106,0.1270665007423706,1941.8004304431813,204.73226527646133,0
R16x9.6x6.3,396398.8000000001,50.108,0.1331225075854104,1958.586312511385,218.43574597503363,0
R16x9.6x6.3,395798.8000000001,50.111,0.1381727524798505,1966.5771241695031,232.59136817921424,0
R16x9.6x6.3,394248.8000000001,50.118,0.1442917275725135,1987.488455809657,248.937766354802,0
R16x9.6x6.3,393648.8000000001,50.099,0.1485563575789392,1983.514978678739,261.5358814983643,0
R16x9.6x6.3,392848.8000000001,50.109,0.1534698381595824,1996.169730429585,281.0558391796817,0
R16x9.6x6.3,392098.8000000001,50.103,0.1583582250955543,2004.4093988103496,295.27119774317475,0
R16x9.6x6.3,391498.8000000001,50.106,0.1628826961489046,2009.4214248081269,309.33919003854413,0
R16x9.6x6.3,390748.8000000001,50.116,0.1674579797122336,2012.69980236246,321.86338023088655,0
R16x9.6x6.3,390148.8000000001,50.101,0.1718224332660743,2023.770937857065,336.90450144507884,0
R16x9.6x6.3,389698.8000000001,50.109,0.1757742542504652,2028.1657388621527,350.3888774439371,0
R16x9.6x6.3,388948.8000000001,50.105,0.1814756526356689,2041.8696703056528,371.554567376901,0
R16x9.6x6.3,388348.8000000001,50.105,0.1853732281759658,2045.1548522964576,386.6511603111997,0
R16x9.6x6.3,449917.2,50.114,0.0205921531433848,1750.501340233778,31.169589785714983,0
R16x9.6x6.3,447517.2,50.114,0.0316025575962432,1780.3431761767708,40.59221375483414,0
R16x9.6x6.3,445117.2,50.12,0.0418369610316593,1808.4094240713428,51.52118464171916,0
R16x9.6x6.3,443367.2,50.114,0.0512177125681872,1828.6299028183207,63.33807013805491,0
R16x9.6x6.3,440967.2,50.122,0.0597239670385901,1808.409231311072,76.76607420704852,0
R16x9.6x6.3,439067.2,50.108,0.0686534946288561,1832.501935085957,91.11336225488584,0
R16x9.6x6.3,437167.2,50.102,0.0777387329203416,1856.447480242672,107.09507735019037,0
R16x9.6x6.3,435267.2,50.096,0.0854849769950114,1864.279989362996,121.0230483206412,0
R16x9.6x6.3,433717.2,50.094,0.0925508404015229,1880.674954410392,135.84292039379383,0
R16x9.6x6.3,432317.2,50.081,0.0997495846680291,1893.8778320769848,149.756476753502,0
R16x9.6x6.3,430717.2,50.088,0.106806104197607,1905.2959266501844,164.12761170005828,0
R16x9.6x6.3,429617.2,50.094,0.1133171516805156,1924.9160979583849,178.84907343723,0
R16x9.6x6.3,428217.2,50.08,0.1195945348091581,1936.677671325763,194.5269913736271,0
R16x9.6x6.3,427317.2,50.098,0.1253891750396877,1949.3349057227867,207.8471545649368,0
R16x9.6x6.3,426417.2,50.086,0.1306913585615876,1953.847316348584,221.49301051125133,0
R16x9.6x6.3,425517.2,50.082,0.1364055117118755,1972.5580442713265,236.61852946770264,0
R16x9.6x6.3,424467.2,50.094,0.1407234099754774,1960.962425551479,249.23858104144924,0
R16x9.6x6.3,423417.2,50.094,0.1460908375729681,1984.0549730521293,269.45235952949827,0
R16x9.6x6.3,422967.2,50.106,0.150484666038223,1988.611775045469,282.8413602575116,0
R16x9.6x6.3,421767.2,50.099,0.1557422301567486,2002.629982978714,298.4366953462939,0
R16x9.6x6.3,421467.2,50.086,0.159814819765934,2004.166227933219,309.4999301168276,0
R16x9.6x6.3,420717.2,50.096,0.1640809275001701,2012.152741801719,324.29300057510727,0
R16x9.6x6.3,419967.2,50.084,0.1686020549809198,2014.721586310309,338.4171822369256,0
R16x9.6x6.3,419667.2,50.1,0.1721964672552789,2020.5592777136824,352.7104110166967,0
R16x9.6x6.3,419067.2,50.104,0.1776347190691219,2031.858451450379,372.26321753354864,0
R16x9.6x6.3,418467.2,50.1,0.1819806566921567,2041.3507237175,385.5163471977291,0
R16x9.6x6.3,498391.2,50.089,0.0172890539155392,1742.25074183703,33.923693874212134,0
R16x9.6x6.3,496591.2,50.082,0.0278336424659491,1795.270737601571,43.936987314958046,0
R16x9.6x6.3,493891.2,50.076,0.0378622663308916,1813.5559716564865,54.75848933889739,0
R16x9.6x6.3,491191.2,50.076,0.047514493347326,1819.8630757372987,67.02595068579247,0
R16x9.6x6.3,488941.2,50.082,0.0556597517609282,1813.0323199787128,80.60055476560969,0
R16x9.6x6.3,487141.2,50.089,0.0641247918470669,1830.74817424652,93.94494395742888,0
R16x9.6x6.3,485041.2,50.074,0.0720795044412036,1848.140221392256,108.86283480467752,0
R16x9.6x6.3,483241.2,50.086,0.0802170258993327,1854.388160338892,122.28005146885512,0
R16x9.6x6.3,481441.2,50.086,0.0874063854775293,1884.8649812785184,138.89119232525195,0
R16x9.6x6.3,479941.2,50.072,0.0943701602278782,1898.3927177905948,153.53946612541816,0
R16x9.6x6.3,478141.2,50.074,0.1014817205336367,1907.250716116852,167.9185453595056,0
R16x9.6x6.3,477241.2,50.074,0.1074353926928725,1926.115408123454,183.5493893438547,0
R16x9.6x6.3,476041.2,50.07,0.1134502774355424,1934.562033132347,197.74882555070369,0
R16x9.6x6.3,476041.2,50.078,0.1181703365514743,1664.1379221546672,139.71603974057217,0
R16x9.6x6.3,473941.2,50.072,0.1239679528535492,1946.7533534986608,225.7857173951868,0
R16x9.6x6.3,472891.2,50.082,0.1294279890982179,1952.1485920200005,238.4714744800151,0
R16x9.6x6.3,471841.2,50.078,0.1344851745011527,1957.855792714188,256.62796152677043,0
R16x9.6x6.3,470941.2,50.074,0.1395714962878223,1968.258932766482,270.89366395550815,0
R16x9.6x6.3,470041.2,50.051,0.1446046447709696,1989.701127909853,285.38572656308764,0
R16x9.6x6.3,469591.2,50.074,0.1484947814090174,1993.0451605247229,297.0433739242329,0
R16x9.6x6.3,468691.2,50.08,0.1530712218100766,1997.0890299206544,310.10077930459653,0
R16x9.6x6.3,468541.2,50.072,0.1568931038280485,2007.5669027396384,323.9256516218391,0
R16x9.6x6.3,467641.2,50.084,0.1612473820937188,2013.6953776797875,337.1768777393371,0
R16x9.6x6.3,467341.2,50.08,0.1649660800439293,2014.5839955864024,349.3776493275683,0
R16x9.6x6.3,466441.2,50.084,0.1703777767049644,2022.090366844656,366.96891607179583,0
R16x9.6x6.3,466441.2,50.07,0.1739720018374334,2023.034457687224,377.3476904921845,0
R16x9.6x6.3,465691.2,50.082,0.1783887997253822,2037.224191590689,393.6123460071522,0
R16x9.6x6.3,465541.2,50.068,0.1810583124686314,2034.13610281908,404.91785522378456,0
R16x9.6x6.3,544537.6,50.067,0.0169834496455219,1769.1094114381988,40.170137184504846,0
R16x9.6x6.3,541837.6,50.054,0.0277100941894234,1797.9311948673344,50.1100397524588,0
R16x9.6x6.3,538237.6,50.067,0.0378929696764179,1822.75396288066,63.6081320017455,0
R16x9.6x6.3,538237.6,50.059,0.0449403638014991,25603.29295151455,455.3668833851348,0
R16x9.6x6.3,535537.6,50.057,0.0539095853510248,1818.3211167449404,88.98471763692454,0
R16x9.6x6.3,531937.6,50.038,0.0632822146927843,1837.5178148164591,104.35508963450891,0
R16x9.6x6.3,530137.6,50.053,0.0707298154216487,1857.9463995915,118.27920297611104,0
R16x9.6x6.3,528337.6,50.061,0.0783111295456346,1841.0068010399496,130.0880760602509,0
R16x9.6x6.3,526537.6,50.057,0.0854361921322991,1884.5348540325256,149.00800478102997,0
R16x9.6x6.3,526087.6,50.049,0.0915302358724295,1908.5384888273063,160.81553937197071,0
R16x9.6x6.3,524887.6,50.051,0.0976610966072168,1913.34460946248,174.22400945446253,0
R16x9.6x6.3,523837.6,50.046,0.1035230374776842,1923.0838340346104,188.0756490592245,0
R16x9.6x6.3,522937.6,50.059,0.1088499430746264,1933.844898198805,201.83513572921584,0
R16x9.6x6.3,521587.6,50.052,0.1141851476389408,1932.7151564695848,215.74158506996216,0
R16x9.6x6.3,520537.6,50.05,0.1192932542410746,1937.0795228842028,229.1299884143449,0
R16x9.6x6.3,519337.6,50.058,0.1247813444969294,1955.226850305989,249.5187217631426,0
R16x9.6x6.3,519037.6,50.048,0.1291210428847879,1952.6413078191165,261.4104359637556,0
R16x9.6x6.3,517237.6,50.048,0.1347209305308465,1966.352367471292,276.8136493018249,0
R16x9.6x6.3,516637.6,50.056,0.1390546899966214,1976.102641893607,290.91994355002896,0
R16x9.6x6.3,516187.6,50.062,0.1431404592985402,1983.2314783376428,302.403923861354,0
R16x9.6x6.3,515137.6,50.056,0.1476386799582675,1996.901644051058,319.2292492703347,0
R16x9.6x6.3,514837.6,50.052,0.1515533040116644,1999.4970547735893,331.0695753360993,0
R16x9.6x6.3,513937.6,50.048,0.1554507858835234,1995.968357459829,342.1006744466345,0
R16x9.6x6.3,513937.6,50.058,0.1590170676268028,2004.6618906902083,355.25414604574365,0
R16x9.6x6.3,513637.6,50.044,0.164455422346391,2019.004424289692,372.8534951910479,0
R16x9.6x6.3,512737.6,50.066,0.1688159836415776,2025.032811713755,387.2865627379596,0
R16x9.6x6.3,644099.2000000001,50.084,0.0165860699388519,1786.432009697076,60.03610581887014,0
R16x9.6x6.3,640499.2000000001,50.086,0.0267015138433852,1822.967961895216,71.13264329319871,0
R16x9.6x6.3,636899.2000000001,50.073,0.0348459484805751,1786.938127723227,84.31066283396902,0
R16x9.6x6.3,635549.2000000001,50.084,0.0431617020435524,1832.277216942587,98.29838284536594,0
R16x9.6x6.3,633599.2000000001,50.073,0.0508844045822442,1840.8681635913483,110.59184505649908,0
R16x9.6x6.3,631649.2000000001,50.075,0.0580868937435648,1843.6224657854093,121.86556288638594,0
R16x9.6x6.3,629549.2000000001,50.075,0.0649007650152176,1846.2632899216856,135.45059398112664,0
R16x9.6x6.3,627749.2000000001,50.083,0.0721349144511505,1869.7014676241463,151.2056301070746,0
R16x9.6x6.3,626399.2000000001,50.071,0.0784478805665273,1878.185008929351,163.18990243391195,0
R16x9.6x6.3,624599.2000000001,50.081,0.0846163943256384,1864.1787772945984,173.95275463176884,0
R16x9.6x6.3,623699.2000000001,50.083,0.0900673258846181,1919.321766742028,191.59250346268635,0
R16x9.6x6.3,622499.2000000001,50.081,0.0946249011721657,1918.04911483886,207.41170718238536,0
R16x9.6x6.3,620699.2000000001,50.085,0.1002128952087621,1925.2954066686816,221.5979206103277,0
R16x9.6x6.3,619499.2000000001,50.081,0.1054234830595212,1936.5913064072088,240.50349034069464,0
R16x9.6x6.3,618899.2000000001,50.085,0.1102482149391345,1943.0731255871228,252.15911835473955,0
R16x9.6x6.3,617999.2000000001,50.099,0.1147604738468767,1949.003752055504,266.2124572472344,0
R16x9.6x6.3,617399.2000000001,50.099,0.1190005325906195,1950.9709569792,277.6903729875903,0
R16x9.6x6.3,616499.2000000001,50.101,0.1234404009162093,1955.7579870181423,289.9636524603303,0
R16x9.6x6.3,616349.2000000001,50.099,0.1272597217453891,1958.634425807364,301.8493921404446,0
R16x9.6x6.3,615449.2000000001,50.101,0.1315196467762414,1967.9408500698576,314.9379344313221,0
R16x9.6x6.3,615149.2000000001,50.103,0.13562278393437,1972.6724503331727,326.2407773634609,0
R16x9.6x6.3,614399.2000000001,50.086,0.1396089902629003,1984.062306446484,341.0169463746513,0
R16x9.6x6.3,614249.2000000001,50.107,0.1432675240495916,1984.0266540556447,349.70018747498625,0
R16x9.6x6.3,613499.2000000001,50.101,0.1469613431560855,2008.159416755908,368.4617778876816,0
R16x9.6x6.3,613349.2000000001,50.107,0.1513932668657217,2002.3405651725727,380.85616752263456,0
R16x9.6x6.3,613049.2000000001,50.103,0.1545250121038581,2002.1370775905384,392.3366412045276,0
R16x9.6x6.3,694746.8,50.096,0.0154572683477348,1793.7252406279877,68.5119163837403,0
R16x9.6x6.3,692046.8,50.102,0.0249009081707094,1826.773693714312,80.72858909212535,0
R16x9.6x6.3,689346.8,50.085,0.0332934368898651,1840.6502424458324,93.32288453916856,0
R16x9.6x6.3,687396.8,50.103,0.040409725801761,1830.9712306530184,107.26132690559623,0
R16x9.6x6.3,685596.8,50.062,0.0477655956472152,1850.7090577407373,120.94959577028357,0
R16x9.6x6.3,683796.8,50.05,0.0543625169085324,1848.790436458104,132.41182911192416,0
R16x9.6x6.3,681546.8,50.077,0.0608563317553431,1852.2739723450943,147.54659083358447,0
R16x9.6x6.3,680346.8,50.06,0.0672386560807169,1856.488800213653,161.34171447355817,0
R16x9.6x6.3,677646.8,50.052,0.0741264825015534,1885.43302120539,177.36154563097472,0
R16x9.6x6.3,677346.8,50.049,0.0790791019982155,1889.533442007216,190.71152889732844,0
R16x9.6x6.3,675396.8,50.057,0.0848926844628279,1891.55337544448,202.7964964826245,0
R16x9.6x6.3,673296.8,50.045,0.0946084099680611,1924.7172335020143,231.9240492204117,0
R16x9.6x6.3,672396.8,50.03,0.0995134666355992,1931.079921632332,247.8304971041113,0
R16x9.6x6.3,671496.8,50.03,0.1040820731004723,1931.9177528883768,258.3568478233892,0
R16x9.6x6.3,671196.8,50.037,0.1084528638362078,1945.1161821456649,272.50162225162325,0
R16x9.6x6.3,670146.8,50.028,0.1126904954665281,1945.147604511398,283.4032991995421,0
R16x9.6x6.3,669096.8,50.02,0.1168042732369588,1949.2806813529464,295.7743563355479,0
R16x9.6x6.3,668796.8,50.05,0.1208302792212795,1951.8934872580744,305.8852932161549,0
R16x9.6x6.3,668646.8,50.028,0.1248923140252816,1966.5726055016628,318.475075794216,0
R16x9.6x6.3,668496.8,50.03,0.1284893332111087,1972.575098582764,330.8222081327882,0
R16x9.6x6.3,667446.8,50.024,0.1324409258766927,1968.2052581893256,339.10690225847725,0
R16x9.6x6.3,666546.8,50.015,0.136317859580413,1980.7695996739303,354.182002280397,0
R16x9.6x6.3,666396.8,50.03,0.1395759402155932,1984.8361969945088,363.7412434983586,0
R16x9.6x6.3,666096.8,50.018,0.1439450994430231,1985.560911892985,380.06431240655536,0
R16x9.6x6.3,666096.8,50.03,0.1469612577407834,1992.645625245996,391.25686949583337,0
R16x9.6x6.3,766301.2000000001,49.961,0.01438327152393,1802.8501693978567,86.8243454198846,0
R16x9.6x6.3,762701.2000000001,49.975,0.0233578094329676,1825.108223594049,95.6573459293352,0
R16x9.6x6.3,759701.2000000001,49.967,0.0306622868443607,1816.405945532284,110.10436971713077,0
R16x9.6x6.3,757001.2000000001,49.952,0.0381515745734181,1848.5420622735064,124.83418913090466,0
R16x9.6x6.3,755201.2000000001,49.954,0.0448383801554722,1849.5437545766308,137.03691389101638,0
R16x9.6x6.3,752351.2000000001,49.958,0.0513743459923807,1859.6721800722487,151.04366554279423,0
R16x9.6x6.3,751451.2000000001,49.956,0.0569587981179681,1859.163132294822,163.17666858022068,0
R16x9.6x6.3,749501.2000000001,49.956,0.063410685491238,1870.6700295394903,178.21026907718954,0
R16x9.6x6.3,747701.2000000001,49.964,0.0691574049985577,1884.6987108703547,191.30772040538656,0
R16x9.6x6.3,746801.2000000001,49.956,0.0743036279113062,1876.540985892976,199.8355972604828,0
R16x9.6x6.3,745751.2000000001,49.958,0.0789631375918985,1888.6077964487945,215.3070689566439,0
R16x9.6x6.3,743951.2000000001,49.944,0.0840332128513895,1855.614225048038,219.2195886288196,0
R16x9.6x6.3,743951.2000000001,49.948,0.0883715737924341,1901.7940192912647,244.2771467634712,0
R16x9.6x6.3,742151.2000000001,49.944,0.093311861432658,1928.1665796209809,260.90702083697306,0
R16x9.6x6.3,742001.2000000001,49.941,0.0972847206712214,1936.9652415181008,271.5065348592227,0
R16x9.6x6.3,741101.2000000001,49.947,0.1016158369376717,1944.547232458578,284.0811465610432,0
R16x9.6x6.3,740201.2000000001,49.95,0.105813094734244,1935.221777891839,294.21869586367325,0
R16x9.6x6.3,739901.2000000001,49.958,0.1095293122364323,1949.4351465049224,307.98379883306984,0
R16x9.6x6.3,739301.2000000001,49.939,0.1135395123309329,1954.883053426,320.1533463971172,0
R16x9.6x6.3,739151.2000000001,49.948,0.1173145108296653,1964.9545542845888,330.82208327574267,0
R16x9.6x6.3,738251.2000000001,49.941,0.1213825908376178,1971.7899693078475,342.3347401399328,0
R16x9.6x6.3,738251.2000000001,49.937,0.1244517748871413,1969.981325526618,354.21087528054824,0
R16x9.6x6.3,737801.2000000001,49.95,0.1279256709414952,1974.345134018721,364.26035667157095,0
R16x9.6x6.3,737651.2000000001,49.944,0.1311529033235652,1974.3138297847263,374.6154873234709,0
R16x9.6x6.3,851800.2000000001,49.948,0.0120269582296922,1777.8281700995178,102.77115382982602,0
R16x9.6x6.3,847300.2000000001,49.946,0.0202360368620535,1836.7165839587208,117.01964697541425,0
R16x9.6x6.3,843700.2000000001,49.944,0.0274773202437147,1853.3634051487768,131.1241920624544,0
R16x9.6x6.3,840700.2000000001,49.955,0.0338771825098195,1847.7490436348453,145.38358131569527,0
R16x9.6x6.3,838900.2000000001,49.942,0.0400551814862071,1863.380643677875,157.39990664135976,0
R16x9.6x6.3,836350.2000000001,49.941,0.045898542951195,1856.2962309514564,169.7857260203572,0
R16x9.6x6.3,835450.2000000001,49.939,0.0510823852885108,1864.256470554193,184.0754344456506,0
R16x9.6x6.3,832600.2000000001,49.947,0.0574770333112463,1872.963422405134,198.387843495718,0
R16x9.6x6.3,831700.2000000001,49.943,0.0624269050170603,1880.332478627592,209.69273142984977,0
R16x9.6x6.3,830650.2000000001,49.941,0.0673156786651722,1891.044012454676,222.8909485121981,0
R16x9.6x6.3,828700.2000000001,49.927,0.0719514559727197,1890.804850403867,235.38146708574035,0
R16x9.6x6.3,826900.2000000001,49.927,0.0767571714764461,1897.1721888276184,252.05219410509173,0
R16x9.6x6.3,826750.2000000001,49.935,0.0808660792120562,1888.2712716929584,257.96697097898965,0
R16x9.6x6.3,826600.2000000001,49.931,0.0848791994933365,1907.8631490087969,274.9210125239513,0
R16x9.6x6.3,826300.2000000001,49.943,0.0887892544489376,1917.536450438224,286.2700000251588,0
R16x9.6x6.3,825850.2000000001,49.925,0.0926254161087497,1936.2720999280368,299.4192577306783,0
R16x9.6x6.3,824050.2000000001,49.939,0.0967735283802901,1908.0663624300496,305.5060501665681,0
R16x9.6x6.3,824050.2000000001,49.941,0.1008604039263791,1959.183256846655,323.20012054886325,0
R16x9.6x6.3,823900.2000000001,49.949,0.1040346044066332,1954.7968275238152,334.5648327663848,0
R16x9.6x6.3,823750.2000000001,49.949,0.1077739114819415,1964.7323984787167,344.30416174297835,0
R16x9.6x6.3,823750.2000000001,49.939,0.1107765208788531,1963.9141453876136,356.9394358618408,0
R16x9.6x6.3,823450.2000000001,49.947,0.1137925366618537,1955.862500111312,364.6500923487241,0
R16x9.6x6.3,823450.2000000001,49.951,0.1169008088134175,1964.7780755529905,376.515154421887,0
R16x9.6x6.3,823150.2000000001,49.939,0.1199932115209318,1965.7714781946927,388.1097687823122,0
R16x9.6x6.3,930587.9,49.92,0.0093739802862063,1807.62200295954,122.6618304101134,0
R16x9.6x6.3,930587.9,49.931,0.0159714116520186,1828.5643676854784,135.31430440253553,0
R16x9.6x6.3,926987.9,49.919,0.0230999268954777,1843.9550013391208,150.1542505460163,0
R16x9.6x6.3,925037.9,49.923,0.0287000854980172,1842.6922031443776,163.37167116004073,0
R16x9.6x6.3,923237.9,49.923,0.0345027861578783,1861.6549802198613,177.03327962612116,0
R16x9.6x6.3,919337.9,49.939,0.0402095205610599,1870.5762948581623,191.86659990224803,0
R16x9.6x6.3,919337.9,49.929,0.0448236173407466,1863.4060819708684,203.4083872453723,0
R16x9.6x6.3,917237.9,49.914,0.0504248353480766,1871.8453472051333,217.69033292762512,0
R16x9.6x6.3,915287.9,49.933,0.0554095674604737,1887.033776121537,230.91307715383164,0
R16x9.6x6.3,914837.9,49.943,0.0597889346532386,1888.8855067836107,242.020879192711,0
R16x9.6x6.3,913787.9,49.945,0.0644206838317801,1899.638290725957,258.7195342935425,0
R16x9.6x6.3,911687.9,49.937,0.0684433992081601,1895.6642969177728,271.76455413703627,0
R16x9.6x6.3,909887.9,49.949,0.0727953186907968,1898.1732778499493,282.31312089643376,0
R16x9.6x6.3,909887.9,49.956,0.0765982705903476,1909.527313072752,292.68463990567824,0
R16x9.6x6.3,908087.9,49.966,0.0807891987672938,1931.573782509398,308.9883751655992,0
R16x9.6x6.3,908087.9,49.96,0.0844416850887679,1923.3041289817909,315.480656106598,0
R16x9.6x6.3,908087.9,49.972,0.0877663121676963,1917.387812636963,325.3660053046156,0
R16x9.6x6.3,906287.9,49.974,0.0920664073652657,1934.7744850729391,335.60084222575546,0
R16x9.6x6.3,906287.9,49.978,0.0952799710624599,1949.8205294927511,348.23415674154813,0
R16x9.6x6.3,906287.9,49.972,0.0985417999259384,1963.376643862384,362.8584373608,0
R16x9.6x6.3,906287.9,49.984,0.1015920718532045,1957.1484260822133,368.3830240224857,0
R16x9.6x6.3,906287.9,49.982,0.1045549979202761,1960.549571822488,380.0963369647381,0
R16x9.6x6.3,906287.9,49.978,0.1075604085383947,1961.6426543889324,390.0434901509343,0
R16x9.6x6.3,906287.9,50.001,0.1104312267406491,1961.4968969425704,399.0207249894842,0
R16x9.6x6.3,906287.9,49.999,0.1142301180506292,1954.129614897256,411.0745473490009,0
R16x9.6x6.3,1040464.7,49.973,0.0092963870522131,1780.7265948137742,162.98412172028907,0
R16x9.6x6.3,1040464.7,49.981,0.0150843113351281,1819.385052281972,176.3713204871802,0
R16x9.6x6.3,1037764.7,49.989,0.0211696400729932,1853.9760702158344,191.5154949485133,0
R16x9.6x6.3,1030564.7,49.997,0.026607212062325,1827.166999834833,199.29515930275508,0
R16x9.6x6.3,1030564.7,50.001,0.0314914235311101,1853.7641871664043,213.01998949299647,0
R16x9.6x6.3,1029214.7,49.995,0.0359719467105655,1854.780642444668,224.39979395402767,0
R16x9.6x6.3,1027264.7,49.999,0.0393566528997045,1809.1778347259408,237.577109827318,0
R16x9.6x6.3,1024714.7,49.989,0.0454725884409232,1876.5250714546592,250.75458907241327,0
R16x9.6x6.3,1024564.7,49.989,0.0495588068090935,1882.8245944570908,262.344998154891,0
R16x9.6x6.3,1022614.7,49.991,0.0538514006371244,1887.623348153628,277.6637403227857,0
R16x9.6x6.3,1021564.7,49.989,0.0578931883188591,1889.1456297581728,287.6637734894746,0
R16x9.6x6.3,1020664.7,49.991,0.0612602133336456,1880.265938077939,298.8998794531038,0
R16x9.6x6.3,1020364.7,49.995,0.0648968954880712,1890.6285571939632,309.2930160120269,0
R16x9.6x6.3,1020214.7,50.001,0.0682030338104369,1894.473695835644,320.9633770219752,0
R16x9.6x6.3,1018714.7,49.989,0.0721047669859493,1909.398388282532,332.17817156283775,0
R16x9.6x6.3,1018564.7,49.997,0.0752738355371916,1905.2449496215856,340.8762781810314,0
R16x9.6x6.3,1017364.7,49.997,0.0821667597927914,1924.4121528171927,361.3252321532878,0
R16x9.6x6.3,1017364.7,49.997,0.0853458128072689,1929.840002329605,371.5703235019758,0
R16x9.6x6.3,1017064.7,50.007,0.0883241747893763,1926.329271104936,379.0372766049064,0
R16x9.6x6.3,1016614.7,49.991,0.091240126391341,1929.3101584604344,390.2449733262818,0
R16x9.6x6.3,1016464.7,49.997,0.0940482620904139,1951.6233913495016,403.8518152188786,0
R16x9.6x6.3,1016464.7,49.997,0.0966971671618466,1953.2631790312364,414.1733783276044,0
R16x9.6x6.3,1016464.7,49.996,0.0993985662634608,1950.5519817773204,421.62585043857416,0
R16x9.6x6.3,1016464.7,49.991,0.103227920999753,1956.9750734040151,437.3865173247762,0
R16x9.6x6.3,1016464.7,50.0,0.1055850815678069,1944.8902495562747,434.3323623978987,0
R16x9.6x6.3,1016464.7,49.998,0.1070434408042154,1930.3376561494404,447.16751950484223,0
R16x9.6x6.3,96008.3,70.035,0.0266075972353857,1750.8772654195927,27.438741485933235,0
R16x9.6x6.3,94808.3,70.061,0.0399719709153718,1803.1588253519803,41.08696041431882,0
R16x9.6x6.3,94058.3,70.078,0.0507538642470897,1821.5214066274373,54.6603840062663,0
R16x9.6x6.3,93308.3,70.069,0.0616358925091725,1844.969307069245,69.56678015698856,0
R16x9.6x6.3,92558.3,70.069,0.0727991345081985,1885.334277056916,85.28242328618722,0
R16x9.6x6.3,91658.3,70.086,0.0844013474147619,1908.929029362533,102.5232090115245,0
R16x9.6x6.3,90908.3,70.108,0.0975649141341801,1989.393864601022,122.58522531383292,0
R16x9.6x6.3,90158.3,70.097,0.1086170056769287,2025.9542923015133,142.949721591629,0
R16x9.6x6.3,89558.3,70.097,0.1182000231079136,2041.281399880723,161.2860949915803,0
R16x9.6x6.3,88958.3,70.092,0.1275060357313757,2068.3483639820406,181.46235858285925,0
R16x9.6x6.3,88358.3,70.103,0.1365369425594386,2096.705117638565,202.3351033333169,0
R16x9.6x6.3,87908.3,70.09,0.1441984419677338,2114.47738512749,220.0536707348758,0
R16x9.6x6.3,87308.3,70.099,0.1525177643253427,2142.044139430678,240.873412460458,0
R16x9.6x6.3,86858.3,70.102,0.1598788714153609,2165.971316737454,260.7421790315833,0
R16x9.6x6.3,86558.3,70.104,0.1663202584261389,2184.70047996536,276.7120232901641,0
R16x9.6x6.3,86108.3,70.107,0.1735802009262572,2206.8776060157106,296.6664253659817,0
R16x9.6x6.3,85808.3,70.118,0.1791206481192252,2211.614470705249,313.0415378265207,0
R16x9.6x6.3,85508.3,70.125,0.1851856492868258,2219.65743029178,330.2197874047484,0
R16x9.6x6.3,85208.3,70.106,0.1914403739273627,2241.5671006692137,344.04144560690173,0
R16x9.6x6.3,84908.3,70.102,0.1968972208468305,2248.1710709502195,362.7094075097748,0
R16x9.6x6.3,84758.3,70.128,0.2021912404858448,2264.960605650384,377.55948919924407,0
R16x9.6x6.3,141075.6,70.101,0.0266073017177302,1742.5035161395604,26.847547193514348,0
R16x9.6x6.3,139575.6,70.098,0.0390832589869238,1784.7455602314003,40.31106520659475,0
R16x9.6x6.3,138375.6,70.099,0.0501827973917446,1812.772343674232,55.268664941221225,0
R16x9.6x6.3,137175.6,70.116,0.062349345529049,1875.791157863083,71.90534106744104,0
R16x9.6x6.3,135975.6,70.111,0.0734592674469805,1911.040562738728,89.83807299047773,0
R16x9.6x6.3,135975.6,70.143,0.0805907768535782,1481.8112614478714,0.4191662868222587,0
R16x9.6x6.3,133725.6,70.121,0.095672455441959,1985.091454995607,128.62076287799957,0
R16x9.6x6.3,132825.6,70.123,0.1050575192879265,2006.1292596378173,148.842587270633,0
R16x9.6x6.3,131925.6,70.149,0.1146624542775237,2036.380478817803,167.62664144621235,0
R16x9.6x6.3,131175.6,70.149,0.1233783333185411,2065.929188935087,187.46069963850564,0
R16x9.6x6.3,130425.6,70.155,0.131324372171092,2084.9419772980687,207.2695152657827,0
R16x9.6x6.3,129675.6,70.139,0.1391712705535997,2105.44973024356,228.8177556303822,0
R16x9.6x6.3,128925.6,70.161,0.1467993312451167,2129.1860529720457,251.1307590298001,0
R16x9.6x6.3,128475.6,70.143,0.1527406944072502,2138.029154448849,265.4539252634419,0
R16x9.6x6.3,127725.6,70.158,0.1600083540314104,2171.568808880449,287.935431756471,0
R16x9.6x6.3,127275.6,70.164,0.1661175190677501,2189.8010437799267,306.21284689121694,0
R16x9.6x6.3,126675.6,70.171,0.1719599204134667,2203.239189836008,325.0545730018634,0
R16x9.6x6.3,126225.6,70.163,0.177831315877894,2219.506424993822,343.20028342092445,0
R16x9.6x6.3,126075.6,70.156,0.1824130892697338,2227.589831343481,356.8672450140379,0
R16x9.6x6.3,125625.6,70.155,0.1875797148876043,2236.353746207856,375.74819555650527,0
R16x9.6x6.3,125325.6,70.153,0.1923184778278288,2247.6001677077943,392.6071632405824,0
R16x9.6x6.3,124875.6,70.144,0.1954511929266631,2231.290126645295,410.4978518618604,0
R16x9.6x6.3,124575.6,70.156,0.2004920191786543,2238.090477811652,426.6929418844663,0
R16x9.6x6.3,201474.9,70.173,0.0267014149733544,1745.976276799341,29.45524302119784,0
R16x9.6x6.3,199774.9,70.058,0.0385575743276927,1764.916348961905,44.86284474378173,0
R16x9.6x6.3,198174.9,70.04,0.050254331993991,1823.651541408169,58.54882538083896,0
R16x9.6x6.3,196674.9,70.024,0.0616497136955445,1878.1496607004144,75.27361121933808,0
R16x9.6x6.3,195274.9,70.036,0.0718687236154462,1912.72296315574,92.20725951116384,0
R16x9.6x6.3,193774.9,70.028,0.0825055246919695,1950.515302709112,111.77126037306516,0
R16x9.6x6.3,192274.9,70.031,0.0926599931657389,1975.680670296825,132.62848027821315,0
R16x9.6x6.3,191224.9,70.03,0.1013910338673512,1992.501271982141,150.76157555666518,0
R16x9.6x6.3,190174.9,70.027,0.1101877432795382,2024.63340197889,171.28519641061328,0
R16x9.6x6.3,188974.9,70.036,0.118566425630279,2049.4138434900547,193.76073912067645,0
R16x9.6x6.3,188074.9,70.043,0.1239709400861005,2037.7044672949992,211.5775760367459,0
R16x9.6x6.3,187024.9,70.02,0.1313222597286252,2064.6108580739083,234.4450607217068,0
R16x9.6x6.3,186274.9,70.036,0.1375551290487483,2076.04547800116,252.37260235358065,0
R16x9.6x6.3,185224.9,70.037,0.1439515790984663,2090.15263099508,272.6420831902065,0
R16x9.6x6.3,184774.9,70.032,0.1491596611573293,2111.8270886548034,292.3793540323605,0
R16x9.6x6.3,184024.9,70.002,0.1552040979071439,2136.625931433184,309.95241047454675,0
R16x9.6x6.3,183274.9,70.033,0.1607489411373994,2160.0696607364084,332.1301207025037,0
R16x9.6x6.3,182674.9,70.039,0.165598110053817,2162.7451692809827,349.2569003945424,0
R16x9.6x6.3,182224.9,70.059,0.1702780830340139,2176.417582338156,367.3912133898568,0
R16x9.6x6.3,181474.9,70.046,0.1756687056892485,2188.433286083647,387.4193616351064,0
R16x9.6x6.3,181174.9,70.044,0.1800980642777307,2200.915811829077,402.9755526202117,0
R16x9.6x6.3,180724.9,70.039,0.1847947531496447,2212.062038121416,422.39196960217726,0
R16x9.6x6.3,180424.9,70.047,0.1889352591026215,2217.6062970983903,438.12562476004814,0
R16x9.6x6.3,180124.9,70.053,0.1940179653658923,2222.991964052598,461.6463862572339,0
R16x9.6x6.3,179824.9,70.049,0.198414280410617,2230.408385241956,476.1826284815176,0
R16x9.6x6.3,179224.9,70.046,0.2030029712426824,2226.2151047914003,491.51799652313065,0
R16x9.6x6.3,255527.8,70.049,0.0203974658984007,1716.7050048852054,25.37442336802556,0
R16x9.6x6.3,253277.8,70.084,0.0324561235706093,1782.9138645536773,37.20784144177141,0
R16x9.6x6.3,251027.8,70.075,0.0437378895785101,1824.0822473876883,50.93471595347453,0
R16x9.6x6.3,249227.8,70.084,0.0541897040399138,1845.6194906396404,65.98185277737227,0
R16x9.6x6.3,247127.8,70.109,0.0651195998816697,1883.261190358908,84.02877672711237,0
R16x9.6x6.3,245627.8,70.114,0.0744242881737007,1904.5218871318832,101.14538910141644,0
R16x9.6x6.3,243827.8,70.103,0.0842275157839747,1935.4567294226304,119.9267243418156,0
R16x9.6x6.3,242177.8,70.106,0.0941307920823511,1972.8221891571764,140.7748591049821,0
R16x9.6x6.3,240827.8,70.099,0.1008724523452316,1963.7325180691355,160.8873049708167,0
R16x9.6x6.3,239327.8,70.118,0.1090507060642464,1990.8242844043,180.30811589224905,0
R16x9.6x6.3,238577.8,70.116,0.1154402262993805,2004.1177233146948,199.05495583842443,0
R16x9.6x6.3,237077.8,70.118,0.1230879674440137,2027.712251041232,220.62434691522577,0
R16x9.6x6.3,236177.8,70.123,0.1289467768765735,2048.46624582094,240.64256144169207,0
R16x9.6x6.3,235127.8,70.118,0.1350037712713828,2061.4870169200544,259.24142642654243,0
R16x9.6x6.3,234077.8,70.105,0.1407341019373587,2086.143285448025,281.19458853477164,0
R16x9.6x6.3,233327.8,70.097,0.1458725155183375,2096.89240303353,299.6528274468832,0
R16x9.6x6.3,232577.8,70.087,0.1503297567484313,2101.6409746100485,319.070735463531,0
R16x9.6x6.3,231527.8,70.11,0.1559624423671716,2138.9395678703154,342.30809044713646,0
R16x9.6x6.3,231077.8,70.12,0.1600070423082375,2148.4650442656625,362.1928619443028,0
R16x9.6x6.3,230177.8,70.128,0.1648479462371667,2147.2628935407365,380.46597016550464,0
R16x9.6x6.3,229727.8,70.109,0.1688188750816964,2155.241803748553,398.9316293084973,0
R16x9.6x6.3,229427.8,70.115,0.1726921260304458,2169.5346049125933,417.9690385840586,0
R16x9.6x6.3,228677.8,70.121,0.1768755739095864,2170.600974711352,444.0351771540904,0
R16x9.6x6.3,228077.8,70.12,0.1813293419231131,2174.3538358048613,461.084777883901,0
R16x9.6x6.3,227777.8,70.134,0.1860803306418179,2182.030058005164,485.0734749165483,0
R16x9.6x6.3,227477.8,70.124,0.1902722844939004,2192.769889339894,499.9462076654935,0
R16x9.6x6.3,227177.8,70.126,0.1942580946081669,2199.434777771829,517.4431375453092,0
R16x9.6x6.3,226877.8,70.134,0.1974140039093534,2196.2339300987574,528.316598169131,0
R16x9.6x6.3,226727.8,70.135,0.2011546979162828,2198.263564067417,541.115995857588,0
R16x9.6x6.3,303848.4,69.949,0.0206230167508628,1715.793728658888,29.39130131171065,0
R16x9.6x6.3,300998.4,69.9,0.0329529817737169,1795.5443292342002,42.264779590041165,0
R16x9.6x6.3,298748.4,69.92,0.0436377231977966,1827.187582755056,56.5710340763149,0
R16x9.6x6.3,298748.4,69.907,0.0514845879145983,727.5819685483106,1.8553536322348887,0
R16x9.6x6.3,294698.4,69.816,0.0637594219487074,1874.583832852834,89.30763491135293,0
R16x9.6x6.3,292748.4,69.891,0.0732996411155765,1902.052484717367,107.31775547501002,0
R16x9.6x6.3,290648.4,69.839,0.0820004588710366,1895.4291818073827,127.80066073676348,0
R16x9.6x6.3,289098.4,69.812,0.0903869348521417,1943.2878248276315,148.07935258618517,0
R16x9.6x6.3,287448.4,69.951,0.098287581490252,1964.6852673613168,165.02439538113958,0
R16x9.6x6.3,285948.4,69.886,0.1056023509503561,1983.6333739239765,184.69279204796865,0
R16x9.6x6.3,284598.4,69.911,0.1121367872549879,1994.0921243541145,205.60206863309497,0
R16x9.6x6.3,283198.4,69.962,0.1188764636746037,2024.45043957555,226.7058979200355,0
R16x9.6x6.3,282298.4,69.953,0.1236368125661427,2028.9847748060424,246.0753067414489,0
R16x9.6x6.3,280798.4,70.04,0.1295200286023186,2041.2538347927607,268.97474613245987,0
R16x9.6x6.3,279898.4,69.95,0.1345208090083145,2058.7255563349254,289.96130823011174,0
R16x9.6x6.3,278848.4,69.893,0.1393925044857803,2080.0305558241275,313.8245811194782,0
R16x9.6x6.3,277798.4,69.869,0.1443364737472802,2098.086793094764,336.2353398742209,0
R16x9.6x6.3,277048.4,69.91,0.147679564672005,2091.9094290899693,355.3681122172984,0
R16x9.6x6.3,276298.4,69.942,0.1519309848298987,2108.2453752902825,376.1699825201782,0
R16x9.6x6.3,275398.4,69.917,0.156399249175862,2131.0579985371583,404.0058980131543,0
R16x9.6x6.3,274648.4,69.907,0.1603157361058042,2138.6913784268104,423.2763181605415,0
R16x9.6x6.3,274348.4,69.941,0.1635665584570475,2142.495317457257,441.5130440982269,0
R16x9.6x6.3,274048.4,69.886,0.1668929364953736,2150.6282236085526,460.9589167435423,0
R16x9.6x6.3,273448.4,69.95,0.1708634060903534,2162.2858446554364,478.6881310954562,0
R16x9.6x6.3,272998.4,69.926,0.1746754750611325,2158.833666720502,501.9124838178352,0
R16x9.6x6.3,272848.4,69.93,0.178393585549299,2172.3292036535804,520.3098261460359,0
R16x9.6x6.3,272698.4,69.966,0.1816628529599216,2171.7431221376783,536.5609870598616,0
R16x9.6x6.3,272548.4,69.868,0.1845286151777523,2167.8767429912364,549.7152731374787,0
R16x9.6x6.3,272398.4,69.89,0.1870437233590765,2168.8332358643625,567.1630496898512,0
R16x9.6x6.3,272098.4,69.923,0.1904015745147257,2173.1865568300755,584.761557706827,0
R16x9.6x6.3,272098.4,69.955,0.1940586046729465,2177.6805605397312,596.5294241995382,0
R16x9.6x6.3,271948.4,69.966,0.1957864481924355,2164.309605255024,612.3943025220312,0
R16x9.6x6.3,271948.4,70.012,0.1990194031788901,2168.691061708436,626.7994416131928,0
R16x9.6x6.3,271948.4,70.006,0.2022316087079959,2167.345562749489,633.9081963449571,0
R16x9.6x6.3,374590.7,69.999,0.0197020908206562,1722.372481844276,34.27006188231226,0
R16x9.6x6.3,371190.7,69.9,0.0317301369331938,1795.624024946536,47.578794055360966,0
R16x9.6x6.3,368740.7,69.958,0.0420982879053526,1830.6781449754253,61.47693793690347,0
R16x9.6x6.3,367090.7,69.951,0.0512894123785286,1847.741981636208,76.39375737223911,0
R16x9.6x6.3,364840.7,69.947,0.0606531450501203,1867.825058396747,92.6432085228093,0
R16x9.6x6.3,362740.7,69.997,0.068393959156673,1860.027499913612,110.60680853795904,0
R16x9.6x6.3,360940.7,70.232,0.0766926279870576,1891.4495866924656,129.4408650133959,0
R16x9.6x6.3,358840.7,70.235,0.0853612441901987,1916.518893581711,149.67761840975552,0
R16x9.6x6.3,356890.7,70.063,0.0929297487650163,1953.1535907115133,171.37886192363058,0
R16x9.6x6.3,355390.7,70.072,0.0989343663876538,1955.512385995287,189.6673633458313,0
R16x9.6x6.3,353740.7,70.318,0.1054885579155184,1978.261816967153,210.2926521106681,0
R16x9.6x6.3,352090.7,70.082,0.111612579644818,1997.8129567632693,231.25075853504,0
R16x9.6x6.3,350590.7,70.107,0.1164316239633019,1997.607974298456,250.8771116937651,0
R16x9.6x6.3,349490.7,70.006,0.121506892603137,2018.0481023236136,269.5390566851169,0
R16x9.6x6.3,348290.7,70.09,0.1265256792452145,2039.7838647488145,290.2336955164666,0
R16x9.6x6.3,347540.7,70.062,0.1308067819542876,2046.7658194417268,308.2571026519452,0
R16x9.6x6.3,346640.7,70.049,0.1344576788406509,2050.664791929764,327.7110053310445,0
R16x9.6x6.3,345290.7,70.079,0.1392919124900882,2071.99049685625,356.20668989106053,0
R16x9.6x6.3,344840.7,70.091,0.1428689122528094,2081.587006612377,374.2563712318008,0
R16x9.6x6.3,343640.7,70.272,0.1469082685029668,2090.8526660558973,395.8925355558377,0
R16x9.6x6.3,343340.7,70.277,0.1504182963058677,2099.484754407968,414.5820565195888,0
R16x9.6x6.3,342890.7,70.115,0.1532773580197272,2103.2480233619817,432.75880557856135,0
R16x9.6x6.3,342590.7,70.141,0.1563075528084307,2124.190597547791,456.7363548795782,0
R16x9.6x6.3,341990.7,70.13,0.1595230242827139,2131.7207483148577,478.322761507885,0
R16x9.6x6.3,341540.7,70.099,0.1638710144958103,2126.4944154361147,499.0235229294154,0
R16x9.6x6.3,341390.7,70.087,0.1663522899489275,2133.39668032488,522.1815767770928,0
R16x9.6x6.3,341240.7,70.101,0.1689839402414675,2133.368369824328,538.5018527373913,0
R16x9.6x6.3,341090.7,70.095,0.1717621829844776,2136.3477785082846,558.409322121968,0
R16x9.6x6.3,341090.7,70.124,0.1744284472298533,2137.8638840733865,572.8282681717137,0
R16x9.6x6.3,340940.7,70.199,0.1765646866007549,2130.976598574529,591.9280815065555,0
R16x9.6x6.3,340940.7,70.266,0.1793751339307879,2133.432448576153,608.1646465845903,0
R16x9.6x6.3,340940.7,70.262,0.1820544849661118,2129.4627541158493,620.6331901389492,0
R16x9.6x6.3,340940.7,70.151,0.1835347449010172,2112.146984268471,633.8094920131214,0
R16x9.6x6.3,340940.7,70.08,0.1853652643510293,2101.306071032808,650.131585358717,0
R16x9.6x6.3,340940.7,70.096,0.1881492893469652,2104.498973312034,666.7802302147768,0
R16x9.6x6.3,340940.7,70.121,0.1902632340220789,2096.1450307576965,680.8508229166799,0
R16x9.6x6.3,418830.2,70.148,0.0176579640129594,1705.7927858321557,35.92532731400919,0
R16x9.6x6.3,415730.2,70.163,0.0291113645971812,1793.0585155080846,49.43313344786021,0
R16x9.6x6.3,413530.2,70.13,0.0388532355841656,1825.0718592856365,63.76792844632458,0
R16x9.6x6.3,410880.2,70.233,0.0485676834355187,1843.1594828365187,79.25874973611306,0
R16x9.6x6.3,408680.2,70.219,0.0565516828964036,1828.41387642712,94.93957328147638,0
R16x9.6x6.3,406380.2,70.161,0.0652557082184266,1855.7035761231384,112.57234904785804,0
R16x9.6x6.3,404380.2,70.077,0.0731024119572653,1874.707036086428,129.94323859159522,0
R16x9.6x6.3,402430.2,70.06,0.0814443567564258,1903.8032572260045,148.456883510672,0
R16x9.6x6.3,400330.2,70.037,0.0880985470599894,1924.6798472883547,169.43997071536995,0
R16x9.6x6.3,398680.2,70.044,0.0945655138126485,1943.713188486602,189.1054308330584,0
R16x9.6x6.3,396880.2,70.062,0.1003286838619313,1949.2992712224072,209.15753539352784,0
R16x9.6x6.3,395230.2,70.003,0.1063222320947508,1968.6926538306743,229.73335856848945,0
R16x9.6x6.3,393880.2,70.266,0.111413723315902,1985.8203388501704,250.0062070479888,0
R16x9.6x6.3,392530.2,70.079,0.116182066015667,1992.612130722984,267.95904607612124,0
R16x9.6x6.3,391330.2,70.192,0.1209283659228752,2013.4782627233192,288.7731049973042,0
R16x9.6x6.3,390130.2,70.013,0.1254360020025618,2035.5452844561205,310.18086583148875,0
R16x9.6x6.3,388930.2,69.93,0.1300208833528081,2044.9306105469257,334.42155470492963,0
R16x9.6x6.3,388030.2,69.957,0.1338093220142712,2044.7547794223367,352.9788669986506,0
R16x9.6x6.3,388030.2,69.996,0.1380930717179546,2051.113648212072,367.13710614804376,0
R16x9.6x6.3,386830.2,70.012,0.1437820464993023,2068.500657867052,376.7140093195861,0
R16x9.6x6.3,386380.2,70.036,0.1469658471183563,2073.7968526023783,393.8160503826622,0
R16x9.6x6.3,386230.2,70.018,0.1498536580672905,2075.503004443829,410.18357828885104,0
R16x9.6x6.3,385030.2,70.025,0.1537121851985859,2092.863545740308,430.4034643755197,0
R16x9.6x6.3,384430.2,70.035,0.1567579482803024,2094.6720215653954,448.5051662649113,0
R16x9.6x6.3,384130.2,70.041,0.1608824282063549,2099.8569737758417,473.391574076566,0
R16x9.6x6.3,383680.2,70.027,0.1639112231107591,2098.286130430634,488.4884922606556,0
R16x9.6x6.3,383380.2,70.051,0.1667854443082713,2101.871839067176,506.0140428710697,0
R16x9.6x6.3,382780.2,70.051,0.1699562321931084,2108.2233088360963,526.3592022298535,0
R16x9.6x6.3,382780.2,70.061,0.1729784854940353,2110.1172827076075,538.2434357090959,0
R16x9.6x6.3,382780.2,70.051,0.175830271159864,2116.8191894914685,551.9474267865708,0
R16x9.6x6.3,382780.2,70.062,0.1777144188597549,2098.4191114173377,563.7135677989745,0
R16x9.6x6.3,382780.2,70.06,0.1807697728674736,2108.3445668228846,580.8705974973335,0
R16x9.6x6.3,449896.3000000001,70.081,0.0177185050315707,1752.1794580232297,36.5276327165176,0
R16x9.6x6.3,446696.3000000001,70.091,0.0285852998651618,1793.0033904292695,49.47879358754557,0
R16x9.6x6.3,443496.3000000001,70.088,0.0385768085727656,1825.271670593451,64.53584831528238,0
R16x9.6x6.3,441096.3000000001,70.082,0.0478069823752426,1844.1947462558176,80.47366043994158,0
R16x9.6x6.3,438546.3000000001,70.093,0.0557386011824632,1829.3969792655248,97.72737830885248,0
R16x9.6x6.3,436246.3000000001,70.096,0.0641606971481465,1860.1857399844205,116.54048753601288,0
R16x9.6x6.3,434246.3000000001,70.091,0.0718533070641527,1882.9415609183484,135.0693614753349,0
R16x9.6x6.3,432246.3000000001,70.098,0.079836602269555,1904.269373112426,152.59404083168954,0
R16x9.6x6.3,430346.3000000001,70.09,0.0862799688652306,1908.015300977816,170.0839340099755,0
R16x9.6x6.3,428196.3000000001,70.1,0.092638805855798,1937.883886859162,189.5408692481269,0
R16x9.6x6.3,427096.3000000001,70.093,0.098454020403873,1959.4825692821,208.2043042288671,0
R16x9.6x6.3,425046.3000000001,70.099,0.1043626476531264,1962.015717726862,225.62132482243013,0
R16x9.6x6.3,423896.3000000001,70.083,0.1095317790008666,1979.788238387706,243.27258733284432,0
R16x9.6x6.3,422496.3000000001,70.097,0.1150549970295675,1997.5248697875995,262.2030688788502,0
R16x9.6x6.3,421496.3000000001,70.092,0.1194236639518225,2010.6251641984472,282.12127020480057,0
R16x9.6x6.3,420396.3000000001,70.094,0.1238740174987757,2014.405247252168,298.88461227367543,0
R16x9.6x6.3,419146.3000000001,70.102,0.1285069058929813,2031.837407778533,326.0907861838537,0
R16x9.6x6.3,418096.3000000001,70.106,0.1326248847079323,2039.190498850465,343.681879935281,0
R16x9.6x6.3,417546.3000000001,70.097,0.1365057915784247,2048.420437643212,362.9184189367132,0
R16x9.6x6.3,416946.3000000001,70.101,0.1397313636586406,2056.633827011557,381.5791285529278,0
R16x9.6x6.3,416096.3000000001,70.099,0.1439617220567549,2069.053532772839,399.56870784935774,0
R16x9.6x6.3,415646.3000000001,70.107,0.1462523799313507,2059.63335335238,416.7494298361582,0
R16x9.6x6.3,414896.3000000001,70.113,0.1497082771872664,2065.877400025918,434.9372766372757,0
R16x9.6x6.3,414346.3000000001,70.1,0.1529058758346116,2076.806937338764,452.1371312358921,0
R16x9.6x6.3,413896.3000000001,70.096,0.1564004716910382,2071.956148832511,476.240541503501,0
R16x9.6x6.3,413596.3000000001,70.106,0.1601501526605603,2085.9052132325296,493.6452127897219,0
R16x9.6x6.3,498769.8000000001,70.136,0.0163112259532298,1771.1905627200113,41.75816667227016,0
R16x9.6x6.3,495169.8000000001,70.132,0.0268538647395915,1790.943155786725,55.23023845367084,0
R16x9.6x6.3,491569.8000000001,70.132,0.0367024649118803,1827.5435642785403,70.45403726953053,0
R16x9.6x6.3,488569.8000000001,70.135,0.0459789247200341,1849.273802977092,86.04209602289149,0
R16x9.6x6.3,486469.8000000001,70.123,0.0532689720374784,1841.0062025131856,103.3682043825515,0
R16x9.6x6.3,483919.8000000001,70.131,0.0613536541430882,1860.33408374542,120.6613239319592,0
R16x9.6x6.3,482119.8000000001,70.131,0.0685401441674681,1877.6346258463736,136.68551654500337,0
R16x9.6x6.3,479569.8000000001,70.14,0.0761234289140737,1893.7018827359293,158.5012611301969,0
R16x9.6x6.3,477619.8000000001,70.134,0.0826576373259551,1906.8121107774105,176.44073980057166,0
R16x9.6x6.3,476119.8000000001,70.135,0.0882442715806507,1914.738546637729,195.10401620124824,0
R16x9.6x6.3,472819.8000000001,70.135,0.0996119510423668,1964.151389717213,234.21807535327065,0
R16x9.6x6.3,471469.8000000001,70.125,0.1049406693123366,1978.2017958283068,250.42551817535025,0
R16x9.6x6.3,470269.8000000001,70.123,0.1093862466694579,1988.182769441284,269.4166145584544,0
R16x9.6x6.3,469069.8000000001,70.121,0.1155132043767669,2023.6371971077529,284.9005129040044,0
R16x9.6x6.3,467569.8000000001,70.126,0.1187983322778961,2011.4933164002505,309.020068447249,0
R16x9.6x6.3,466819.8000000001,70.128,0.1228306891178448,2024.030143298188,326.13419386113105,0
R16x9.6x6.3,466219.8000000001,70.14,0.1265232902668773,2029.381758786005,343.7806300639939,0
R16x9.6x6.3,464719.8000000001,70.133,0.1302975268961295,2029.3041020012768,359.74370455804905,0
R16x9.6x6.3,463969.8000000001,70.15,0.1337003873657065,2031.109897329232,375.8892429461764,0
R16x9.6x6.3,463819.8000000001,70.137,0.1366909567272727,2037.4341417733656,394.63183393260937,0
R16x9.6x6.3,462919.8000000001,70.147,0.1401318733088103,2042.064517064823,411.01986274987337,0
R16x9.6x6.3,462769.8000000001,70.155,0.1430484269336008,2047.455795326384,428.41300098319147,0
R16x9.6x6.3,462319.8000000001,70.149,0.1464702825211739,2056.7851211575376,445.6148405172468,0
R16x9.6x6.3,461569.8000000001,70.163,0.150687894693536,2075.3412623705462,473.4112617155467,0
R16x9.6x6.3,461269.8000000001,70.161,0.1536670512222261,2078.9200710648474,492.7216081486835,0
R16x9.6x6.3,461269.8000000001,70.165,0.1565898646531771,2084.514914947079,505.39318927668586,0
R16x9.6x6.3,545630.4,70.168,0.0161610955060877,1764.324654060819,47.041001938305314,0
R16x9.6x6.3,541430.4,70.165,0.026599839595739,1805.362277096636,61.56560730157386,0
R16x9.6x6.3,537830.4,70.159,0.0360425452682825,1838.2643028761336,78.24581126257434,0
R16x9.6x6.3,535280.4,70.159,0.0444917437138229,1852.9202412571583,94.93392784122187,0
R16x9.6x6.3,532730.4,70.149,0.0519385772497642,1852.062276721581,112.77323402169934,0
R16x9.6x6.3,530330.4,70.13,0.0594782840287245,1864.5483152424856,130.121595866473,0
R16x9.6x6.3,528380.4,70.148,0.0661036929736043,1874.90780283526,146.05019802083237,0
R16x9.6x6.3,526280.4,70.16,0.073271033166724,1894.037959880549,164.8108525247491,0
R16x9.6x6.3,524930.4,70.166,0.0786411190257691,1895.8318608559985,182.0963237986556,0
R16x9.6x6.3,522380.4,70.178,0.0851409273528084,1915.423495542516,202.07754137717785,0
R16x9.6x6.3,521180.4,70.177,0.0905106527534478,1950.4809934285945,221.83271477044013,0
R16x9.6x6.3,519380.4,70.167,0.0960341283193963,1967.1905418180304,240.3516789561733,0
R16x9.6x6.3,517880.4,70.181,0.1008875734195599,1972.452440422776,258.2671186870418,0
R16x9.6x6.3,516530.4,70.175,0.1056769899217618,1988.75805768556,277.17845209097777,0
R16x9.6x6.3,515480.4,70.175,0.1100082458541658,1994.398332234353,299.3832866106858,0
R16x9.6x6.3,514130.4,70.172,0.1145956869866887,2002.8315424932173,315.02215177056047,0
R16x9.6x6.3,513530.4,70.182,0.1174567603340259,2001.6468797330635,335.72926125898334,0
R16x9.6x6.3,512480.4,70.182,0.1214681025083602,2007.6202002426835,349.3653017706195,0
R16x9.6x6.3,511430.4,70.182,0.1249760404861682,2016.0316966606392,368.3586679423896,0
R16x9.6x6.3,510830.4,70.172,0.1284963109343606,2022.0098406562613,383.8226916066779,0
R16x9.6x6.3,510230.4,70.19,0.1317091094694469,2026.835201832585,401.9243161202364,0
R16x9.6x6.3,510080.4,70.18,0.1345086184624701,2026.7280967084373,416.7544306794565,0
R16x9.6x6.3,509630.4,70.202,0.1379002161858669,2034.1309043562164,432.1547805904067,0
R16x9.6x6.3,509180.4,70.204,0.1409342678997492,2045.911610706111,450.60243627328975,0
R16x9.6x6.3,509180.4,70.198,0.1447829779146961,2042.801337661388,469.81365404537326,0
R16x9.6x6.3,508880.4,70.209,0.14712472622131,2039.611376941189,486.94700725292125,0
R16x9.6x6.3,508580.4,70.21,0.1498438861084157,2048.639058588017,505.96563560751736,0
R16x9.6x6.3,508430.4,70.211,0.1525382670134496,2055.677088641522,519.6644008592236,0
R16x9.6x6.3,508430.4,70.215,0.1549425799135991,2055.396257685409,533.1993882454866,0
R16x9.6x6.3,641951.8,70.179,0.0157306715995621,1782.261227718282,64.99074955773152,0
R16x9.6x6.3,638351.8,70.206,0.0253454912339229,1842.1996501391284,82.81929213551678,0
R16x9.6x6.3,635201.8,70.197,0.0337274035417051,1862.527477970208,100.29264235081683,0
R16x9.6x6.3,632801.8,70.116,0.0406513957613433,1851.35325541755,118.18116279820292,0
R16x9.6x6.3,630251.8,70.154,0.0480541727578299,1867.1808805967828,135.07170911762026,0
R16x9.6x6.3,627551.8,70.129,0.0550096729548214,1882.0352351339343,150.49689464481125,0
R16x9.6x6.3,626201.8,70.126,0.0605973543495209,1882.9782734102648,167.10025658921757,0
R16x9.6x6.3,624551.8,70.124,0.0666562761434944,1890.011665538167,185.9868287342356,0
R16x9.6x6.3,623051.8,70.114,0.0721509578112325,1905.6261449741075,203.9932091660372,0
R16x9.6x6.3,621101.8,70.122,0.0775920655877195,1919.755757645016,222.19438525722447,0
R16x9.6x6.3,619601.8,70.128,0.0826752630401452,1930.9990343954555,238.74148289303668,0
R16x9.6x6.3,619601.8,70.124,0.0868255226633924,1222.8190016898664,101.51201093627375,0
R16x9.6x6.3,617051.8,70.113,0.0918749213291786,1969.3538378147032,280.4658676437066,0
R16x9.6x6.3,615401.8,70.109,0.0964145198692196,1973.7597984972904,297.4304095144,0
R16x9.6x6.3,614801.8,70.119,0.0997585638473888,1976.407744545532,315.3018223607197,0
R16x9.6x6.3,614051.8,70.125,0.1032789916148082,1981.5377324190304,331.1858293678802,0
R16x9.6x6.3,613301.8,70.111,0.1071418247679278,1990.0413987698587,346.9840773065817,0
R16x9.6x6.3,612551.8,70.106,0.110924095192755,2003.8550191049253,362.94377549721,0
R16x9.6x6.3,611501.8,70.116,0.1141994329357678,2001.6337617028328,378.1902844461446,0
R16x9.6x6.3,610751.8,70.118,0.1175140819155064,2007.426240627545,395.0313318789967,0
R16x9.6x6.3,610751.8,70.116,0.1203440729577978,2006.4801046446173,408.5797781609278,0
R16x9.6x6.3,610601.8,70.128,0.1231281494776964,2012.8888726601808,424.7264743323595,0
R16x9.6x6.3,610151.8,70.102,0.1260747305389084,2013.9958960726,439.85776229950034,0
R16x9.6x6.3,609401.8,70.116,0.1285999819695293,2009.4540229869503,454.1891835913822,0
R16x9.6x6.3,609401.8,70.109,0.1323357875350434,2013.882299767982,475.3314774114206,0
R16x9.6x6.3,609251.8,70.109,0.1350394608734315,2013.4717449803104,490.0899846868471,0
R16x9.6x6.3,609251.8,70.101,0.1376649317169332,2015.9026153398213,503.5001466095651,0
R16x9.6x6.3,609251.8,70.103,0.1400252505491872,2021.576019155476,515.1653023806648,0
R16x9.6x6.3,609251.8,70.117,0.1422008253899862,2013.1490735997727,535.4228306024847,0
R16x9.6x6.3,609251.8,70.125,0.1446904561774375,2018.978609516108,550.6986889416147,0
R16x9.6x6.3,609251.8,70.127,0.1464098720793188,2014.693684964683,557.3018070599771,0
R16x9.6x6.3,609251.8,70.141,0.1477895363184237,2009.7785753733333,576.4306657040964,0
R16x9.6x6.3,609251.8,70.131,0.1500595981586116,2018.373720623151,591.0288355249216,0
R16x9.6x6.3,697281.6,70.127,0.0144559886008081,1789.418863446793,79.22936845876262,0
R16x9.6x6.3,692481.6,70.149,0.0234671491801939,1801.9568915242608,94.30678860285856,0
R16x9.6x6.3,688881.6,70.144,0.0316598022981728,1847.2415835992683,111.24544545416302,0
R16x9.6x6.3,685581.6,70.146,0.0386197831483806,1842.37407397962,127.80642826121849,0
R16x9.6x6.3,683031.6,70.172,0.0454947090734657,1853.6843395969447,141.80354094532208,0
R16x9.6x6.3,681231.6,70.143,0.0513881409436476,1863.9003740111943,160.56757856157094,0
R16x9.6x6.3,678531.6,70.161,0.0575508763081348,1876.489724916299,178.0470018639242,0
R16x9.6x6.3,676281.6,70.169,0.0634721175971992,1882.8997342643177,197.7207190636786,0
R16x9.6x6.3,674781.6,70.157,0.0683496668898773,1888.0111561324943,214.67351661366573,0
R16x9.6x6.3,672981.6,70.161,0.0735851049966729,1912.504150324988,231.9160491659716,0
R16x9.6x6.3,671631.6,70.157,0.0783008735186759,1928.3671089773609,250.1022658340733,0
R16x9.6x6.3,670281.6,70.16,0.0827565009922608,1936.7471579283888,266.226557374135,0
R16x9.6x6.3,668781.6,70.162,0.0870925357160645,1942.0609375598783,286.9678106784655,0
R16x9.6x6.3,668181.6,70.18,0.0904428581547513,1932.8734576932968,300.45994817718577,0
R16x9.6x6.3,666681.6,70.194,0.0944422588900243,1959.762856101172,318.29876545218013,0
R16x9.6x6.3,665181.6,70.19,0.0985514553546053,1969.593135278872,334.3989471523733,0
R16x9.6x6.3,665181.6,70.192,0.1017714712410148,1978.8962985479943,351.59131953894007,0
R16x9.6x6.3,663831.6,70.179,0.1052583573210642,1979.322945116108,366.7966625412171,0
R16x9.6x6.3,663831.6,70.187,0.1084799268519394,1991.6601313159329,383.2256157169552,0
R16x9.6x6.3,663831.6,70.179,0.111160233948971,1985.143865201081,395.7270619934573,0
R16x9.6x6.3,662481.6,70.199,0.1148890104811997,2004.3225883896048,414.42847991085694,0
R16x9.6x6.3,662331.6,70.199,0.1172195187449759,1998.1732234138424,430.2584438516971,0
R16x9.6x6.3,662331.6,70.215,0.1201801251717562,1998.7620316416485,440.2033582087056,0
R16x9.6x6.3,661581.6,70.213,0.1230111386119917,2003.7267934385904,457.3327503235309,0
R16x9.6x6.3,661581.6,70.217,0.1270804825714521,2013.2445496844432,478.6536014830685,0
R16x9.6x6.3,661281.6,70.227,0.1292445711106051,2001.9782019900804,492.2902169617243,0
R16x9.6x6.3,661281.6,70.223,0.1318005688876864,2009.588019533271,507.525200358026,0
R16x9.6x6.3,661281.6,70.217,0.1341147780606001,2004.712640852008,521.3246023896127,0
R16x9.6x6.3,661281.6,70.221,0.1364924590687881,2008.5157376795005,535.2417206952196,0
R16x9.6x6.3,661281.6,70.215,0.1386068994815611,2010.595526848562,541.2032417307677,0
R16x9.6x6.3,767601.2000000001,70.02,0.0133944218738692,1790.030042178652,98.04961689191862,0
R16x9.6x6.3,763101.2000000001,70.036,0.0219386702993898,1840.695620085229,114.58195276208352,0
R16x9.6x6.3,757701.2000000001,70.062,0.0299147812962047,1870.51838617228,133.2083664901661,0
R16x9.6x6.3,756801.2000000001,70.042,0.0356102390916777,1848.3261930295755,149.01457366584987,0
R16x9.6x6.3,754101.2000000001,70.06,0.0421040713806843,1865.669562621608,162.97843247705697,0
R16x9.6x6.3,751251.2000000001,70.062,0.0469962651312111,1825.4918021666567,177.91500689644363,0
R16x9.6x6.3,749451.2000000001,70.056,0.053342926095135,1872.6453619015304,194.28365076761065,0
R16x9.6x6.3,746751.2000000001,70.041,0.0594318602037126,1883.180955741353,212.7498982109394,0
R16x9.6x6.3,746751.2000000001,70.058,0.0638640041477202,1893.90558091042,226.54779649375644,0
R16x9.6x6.3,744801.2000000001,70.057,0.0687164051757107,1902.8038367615727,242.81205697502887,0
R16x9.6x6.3,744801.2000000001,70.049,0.0728122148518925,1902.4851903096828,254.99483440284465,0
R16x9.6x6.3,741501.2000000001,70.006,0.0777025479042298,1925.8078083922824,281.5490956158641,0
R16x9.6x6.3,741201.2000000001,69.988,0.0809154630407104,1919.8696427518305,295.93325791756945,0
R16x9.6x6.3,740151.2000000001,70.026,0.0849412472719509,1928.77273765806,311.1547784931032,0
R16x9.6x6.3,738351.2000000001,70.056,0.0887952674910671,1933.322878973896,327.29332523728243,0
R16x9.6x6.3,736551.2000000001,70.06,0.0925819884939332,1964.280469305128,349.18079415839014,0
R16x9.6x6.3,736551.2000000001,70.072,0.0958623326640762,1967.9127934909343,362.4599318080511,0
R16x9.6x6.3,736551.2000000001,70.049,0.0986859570697321,1969.726050521342,377.444033056314,0
R16x9.6x6.3,734451.2000000001,70.054,0.1022579140663331,1971.2664475856056,393.19706606170354,0
R16x9.6x6.3,734451.2000000001,70.055,0.1052437955334345,1976.8897914177487,407.79196039712633,0
R16x9.6x6.3,734451.2000000001,70.065,0.1078204097954029,1978.095803857168,422.625264453806,0
R16x9.6x6.3,733551.2000000001,70.079,0.1105563925508393,1986.5296637777867,439.89685724249176,0
R16x9.6x6.3,733551.2000000001,70.077,0.1134719811495237,1992.2759487623268,452.8145185283331,0
R16x9.6x6.3,733551.2000000001,70.084,0.1161929154168117,2000.6522714811456,470.1246930863361,0
R16x9.6x6.3,733551.2000000001,70.077,0.1194120057853691,1991.8954217263504,486.7704064681908,0
R16x9.6x6.3,732651.2000000001,70.063,0.1221487255037931,1995.3930181534547,502.29655841083314,0
R16x9.6x6.3,732651.2000000001,70.063,0.1239363565417757,1986.9134995730697,514.199679637182,0
R16x9.6x6.3,732651.2000000001,70.065,0.1256857880019884,1982.3363615413896,519.646765302218,0
R16x9.6x6.3,732651.2000000001,70.063,0.128096351461846,1988.8217796770944,535.7224026604657,0
R16x9.6x6.3,847000.2000000001,70.063,0.0134607225705871,1810.5010148055044,130.24175783964722,0
R16x9.6x6.3,841300.2000000001,70.085,0.0210098632882692,1832.0478174766777,143.57459201343354,0
R16x9.6x6.3,837700.2000000001,70.064,0.0279587703804244,1882.335242363591,163.6988791231948,0
R16x9.6x6.3,835900.2000000001,70.056,0.0333742309030727,1874.6959171919032,178.9586715768369,0
R16x9.6x6.3,832150.2000000001,70.054,0.0392330480780343,1886.9194000752263,196.32379995506685,0
R16x9.6x6.3,831250.2000000001,70.074,0.0442110093660992,1893.9893073120584,212.1381478838329,0
R16x9.6x6.3,830050.2000000001,70.07,0.0487930480273312,1887.2573964313128,228.1243008841994,0
R16x9.6x6.3,827650.2000000001,70.07,0.0543188783891818,1902.9331965728563,244.33004290084884,0
R16x9.6x6.3,827500.2000000001,70.064,0.0585469446554896,1912.4194443877889,259.3694804343341,0
R16x9.6x6.3,825700.2000000001,70.065,0.0627450570371582,1907.8419547245967,273.95295060762203,0
R16x9.6x6.3,824350.2000000001,70.085,0.067403101335184,1932.0056481425624,294.56969388142136,0
R16x9.6x6.3,823300.2000000001,70.059,0.0708609655674415,1930.28773712898,312.5194113718298,0
R16x9.6x6.3,823300.2000000001,70.055,0.0737618990292992,1918.7200990661336,323.6806868455601,0
R16x9.6x6.3,822250.2000000001,70.059,0.0775548790304572,1936.51888056226,342.2541656267388,0
R16x9.6x6.3,821350.2000000001,70.089,0.0811422913497018,1945.3092107706748,357.20115472374835,0
R16x9.6x6.3,821350.2000000001,70.063,0.0842521884203291,1950.5766993831933,371.3620215169077,0
R16x9.6x6.3,820150.2000000001,70.082,0.0876838110075408,1946.5518642124528,384.47895870604185,0
R16x9.6x6.3,819700.2000000001,70.082,0.0903899063553801,1943.8744237985,399.896783609788,0
R16x9.6x6.3,819100.2000000001,70.095,0.0936017098131741,1976.8439629370296,419.33579992263697,0
R16x9.6x6.3,819100.2000000001,70.094,0.0963861809086647,1975.9951184937984,428.5554961210211,0
R16x9.6x6.3,818800.2000000001,70.092,0.0990438548148774,1979.5737979700964,444.6350850556238,0
R16x9.6x6.3,818800.2000000001,70.076,0.1013100342652361,1975.8234156195888,458.8914753011979,0
R16x9.6x6.3,818800.2000000001,70.088,0.1044720555421719,1986.249317914704,470.8888590615885,0
R16x9.6x6.3,818800.2000000001,70.08,0.1065394283658185,1974.50162166984,482.77183881400646,0
R16x9.6x6.3,818800.2000000001,70.08,0.1098995140330057,1974.992267797178,503.36427707788,0
R16x9.6x6.3,818800.2000000001,70.092,0.1126638656841279,1984.451218209501,506.3234622513793,0
R16x9.6x6.3,818800.2000000001,70.098,0.1144262356947803,1977.2637459966,522.3169142687291,0
R16x9.6x6.3,818800.2000000001,70.088,0.1164101304050838,1975.2537732830203,537.6889008602257,0
R16x9.6x6.3,931210.1,70.067,0.0109417844469669,1815.0684386729715,153.5287517054491,0
R16x9.6x6.3,924460.1,70.06,0.0180408721404909,1861.36605650635,169.63371327458822,0
R16x9.6x6.3,922660.1,70.056,0.023737995686318,1883.3606600300511,188.4985493626615,0
R16x9.6x6.3,917860.1,70.038,0.0289143640032647,1861.9495462688387,204.3650335313071,0
R16x9.6x6.3,915910.1,70.07,0.0341826852436629,1889.060588678727,220.8053076415856,0
R16x9.6x6.3,913960.1,70.059,0.0388375955269619,1890.634203625004,236.5413288303252,0
R16x9.6x6.3,912160.1,70.063,0.0435341607244363,1903.09020429958,253.0139713608144,0
R16x9.6x6.3,909460.1,70.053,0.0483912093246252,1903.400749514002,269.2756836088959,0
R16x9.6x6.3,909460.1,70.073,0.0521130621710188,1903.043212639676,283.6893796645958,0
R16x9.6x6.3,909460.1,70.053,0.056078156676903,1918.290128475047,304.6665296815417,0
R16x9.6x6.3,907660.1,70.061,0.059949569993012,1920.27949498418,319.5694656452216,0
R16x9.6x6.3,906760.1,70.066,0.0634963620122156,1921.7076715930216,333.8376434024409,0
R16x9.6x6.3,906760.1,70.063,0.0663498625584732,1915.630132343461,347.041701569335,0
R16x9.6x6.3,905710.1,70.063,0.069799702366599,1922.7901217714773,361.7595634597208,0
R16x9.6x6.3,904810.1,70.065,0.0732388418872464,1927.462148999468,374.1865425863045,0
R16x9.6x6.3,903010.1,70.059,0.076675623805511,1935.524630724064,389.7007611380033,0
R16x9.6x6.3,903010.1,70.065,0.0794987615022229,1940.7964649947264,405.25789044991785,0
R16x9.6x6.3,903010.1,70.065,0.0824065463036669,1944.56441475045,417.6150494316078,0
R16x9.6x6.3,903010.1,70.063,0.0850366552061941,1946.686202190694,430.91652207034514,0
R16x9.6x6.3,903010.1,70.065,0.0878698796754506,1952.0408300026256,443.2246859178136,0
R16x9.6x6.3,903010.1,70.061,0.0900366104257449,1944.7334220688604,456.6459483605475,0
R16x9.6x6.3,902860.1,70.068,0.0926320475230308,1946.96707979008,469.0346895956667,0
R16x9.6x6.3,901060.1,70.082,0.0956837700990355,1971.5981895826344,486.9755278074137,0
R16x9.6x6.3,901060.1,70.099,0.0979530316098208,1965.920142463623,497.5125172053176,0
R16x9.6x6.3,901060.1,70.086,0.1015900620359085,1975.325939527302,507.4185056480108,0
R16x9.6x6.3,901060.1,70.083,0.1028108122705192,1957.129281144954,522.8650125661729,0
R16x9.6x6.3,901060.1,70.081,0.1055055571129505,1965.4624002048413,535.4852685354648,0
R16x9.6x6.3,901060.1,70.088,0.1071889295445387,1955.2675909828808,547.8205027270506,0
R16x9.6x6.3,1036707.0,70.061,0.0105404574820814,1831.1648895357275,203.4371752789719,0
R16x9.6x6.3,1032207.0,70.076,0.016392165476664,1870.138584023815,220.84220670534947,0
R16x9.6x6.3,1028607.0,70.069,0.0214935863980917,1886.7141109876245,231.043150075568,0
R16x9.6x6.3,1025907.0,70.053,0.0257881706876938,1876.131939315609,248.88529970447232,0
R16x9.6x6.3,1022157.0,70.095,0.0304773251818645,1891.3547901535544,263.1289408917986,0
R16x9.6x6.3,1019907.0,70.065,0.0346766552136287,1897.3445598793205,278.8621342457775,0
R16x9.6x6.3,1019907.0,70.069,0.038313016198917,1900.696974096517,293.5425618045557,0
R16x9.6x6.3,1017807.0,70.058,0.042503334976067,1904.0615209983605,310.22971211583786,0
R16x9.6x6.3,1015857.0,70.044,0.046350794081862,1911.234030137029,331.87587907152835,0
R16x9.6x6.3,1015107.0,70.048,0.049969726273155,1919.301680835298,344.41989336609925,0
R16x9.6x6.3,1015107.0,70.046,0.053365671021902,1932.3488356961293,360.6410950083888,0
R16x9.6x6.3,1014957.0,70.038,0.0563702230637883,1926.8457915795627,370.595305163885,0
R16x9.6x6.3,1013457.0,70.062,0.0595510986039753,1928.495489839052,384.88057943068014,0
R16x9.6x6.3,1012407.0,70.066,0.0623608161883447,1924.3799794193608,398.378766773044,0
R16x9.6x6.3,1012407.0,70.056,0.0651610579024747,1923.605898560134,411.0659588790373,0
R16x9.6x6.3,1012407.0,70.076,0.0679785106203915,1926.2305456965685,425.1574590703227,0
R16x9.6x6.3,1012407.0,70.056,0.0705914677383477,1924.8969731990533,436.4380619405303,0
R16x9.6x6.3,1012407.0,70.064,0.07303353820546,1927.650853047604,449.13564996152905,0
R16x9.6x6.3,1012257.0,70.08,0.0759962229344573,1943.3195443890952,462.7849294731903,0
R16x9.6x6.3,1012257.0,70.042,0.078294958198322,1937.9965991029665,473.9232478912201,0
R16x9.6x6.3,1012257.0,70.084,0.080605731550406,1934.605235829128,484.363776183488,0
R16x9.6x6.3,1012257.0,70.076,0.0834302743961078,1950.939831805309,498.3538322970783,0
R16x9.6x6.3,1012257.0,70.078,0.0852678004050698,1934.380778176728,509.1349649988541,0
R16x9.6x6.3,1012257.0,70.087,0.0875581986848584,1941.6368654461608,513.6120059071654,0
R16x9.6x6.3,1012257.0,70.095,0.0910127196144315,1944.1711051549244,528.9396756904587,0
R16x9.6x6.3,1012107.0,70.073,0.0930271529074647,1962.1118653338604,545.5834314532152,0
R16x9.6x6.3,1012107.0,70.079,0.0948209570682456,1951.0178360027044,557.8927688828517,0
R16x9.6x6.3,1012107.0,70.065,0.096703372865169,1950.4030932130563,571.5554273123944,0
R16x9.6x6.3,1012107.0,70.097,0.0986317742855839,1950.7811937276333,585.3623399600802,0
R16x9.6x6.3,1012107.0,70.087,0.1006338819193866,1946.68449972392,595.2150480735492,0
R16x9.6x6.3,1125286.0,70.06,0.0106963145982603,1826.909900172689,244.43005286726373,0
R16x9.6x6.3,1118836.0,70.05,0.0158102478576032,1849.9143520853936,252.6203080358426,0
R16x9.6x6.3,1112836.0,70.042,0.020553707918585,1895.44514201016,271.4612296438061,0
R16x9.6x6.3,1109236.0,70.056,0.02422025264912,1860.1810973138456,284.4988120559758,0
R16x9.6x6.3,1108036.0,70.057,0.0281921737600942,1883.1643461720205,301.6675221153335,0
R16x9.6x6.3,1105936.0,70.05,0.032148179539358,1906.7144395729767,314.70897202740764,0
R16x9.6x6.3,1104136.0,70.063,0.0359031783703319,1899.98084358505,332.3029023653738,0
R16x9.6x6.3,1102936.0,70.061,0.0392210666082632,1906.232061643411,355.7440017452261,0
R16x9.6x6.3,1101286.0,70.045,0.0427402917410518,1918.0189170510755,369.8535957964728,0
R16x9.6x6.3,1101136.0,70.037,0.0457398055030294,1919.2757967536904,384.12567775586336,0
R16x9.6x6.3,1098586.0,70.021,0.0490484513968967,1918.6246284133647,396.2568318718457,0
R16x9.6x6.3,1098586.0,70.049,0.0515692809267859,1904.1978513137376,409.6307820742047,0
R16x9.6x6.3,1098586.0,70.037,0.0547779964719525,1929.558852541924,423.0798088201014,0
R16x9.6x6.3,1098436.0,70.06,0.057316942323356,1924.9806856444627,437.0779933069039,0
R16x9.6x6.3,1098436.0,70.061,0.0596294907749714,1915.075275491627,448.9994493839277,0
R16x9.6x6.3,1098436.0,70.046,0.0622153003278126,1920.229304559452,463.8877555015485,0
R16x9.6x6.3,1098436.0,70.063,0.0647932308843348,1919.525194182328,470.7487863490022,0
R16x9.6x6.3,1098436.0,70.065,0.0674327226654298,1923.9324070231285,482.6173807531241,0
R16x9.6x6.3,1098436.0,70.059,0.0695762789022178,1922.3901334989853,497.100310171722,0
R16x9.6x6.3,1098436.0,70.055,0.0718347354177708,1919.6793292465984,507.5265870143511,0
R16x9.6x6.3,1098436.0,70.076,0.0741268159878373,1928.087553888495,521.8145570590599,0
R16x9.6x6.3,1098436.0,70.084,0.076153461926355,1920.2390538629245,532.6549247913471,0
R16x9.6x6.3,1098436.0,70.062,0.0785374991379053,1926.6338612260672,544.631991602444,0
R16x9.6x6.3,1098436.0,70.072,0.0814431189022254,1921.33103896639,549.8760807722953,0
R16x9.6x6.3,1098436.0,70.076,0.0835281744667884,1922.711890688293,562.1014561051542,0
R16x9.6x6.3,1098436.0,70.078,0.0852929295712127,1916.3362665951825,574.5111037433002,0
R16x9.6x6.3,1098436.0,70.092,0.0872376619622212,1910.3691481726944,584.5002584669704,0
R16x9.6x6.3,1098436.0,70.082,0.0894290734717632,1915.0821211166888,596.0000267093363,0
R16x9.6x6.3,1098436.0,70.07,0.0910524058449245,1906.973416947264,606.8542139219613,0
R16x9.6x6.3,1098436.0,70.09,0.0930410294980945,1910.408224910573,618.5389288629978,0
R16x9.6x6.3,1098436.0,70.098,0.0948605523813767,1926.3606590067368,634.1191777476591,0
R16x9.6x6.3,1098436.0,70.078,0.0961287766395498,1917.508384262253,644.0285066615909,0
R16x9.6x6.3,1098436.0,70.088,0.0974248470216026,1902.9526241747567,652.43523052444,0
R16x9.6x6.3,1098436.0,70.074,0.0991530505866588,1899.8897132545264,662.4033770113334,0
R16x9.6x6.3,1098436.0,70.087,0.1003884141775172,1888.8511591304325,674.9360188944349,0
