probe,f,T,eps_real,eps_imag
SY4,10000.0,112,169911.85838363698,1135010.9339099885
SY4,10086.8,112,169878.5266799451,1125424.1409627357
SY4,10174.4,112,169806.95025996436,1115911.1453824872
SY4,10262.8,112,169779.54233701227,1106486.6119568008
SY4,10351.9,112,169734.6999323301,1097161.6743745676
SY4,10441.8,112,169668.39697522167,1087897.9557418767
SY4,10532.4,112,169649.40188832895,1078743.663892681
SY4,10623.9,112,169579.77060035043,1069633.3231457237
SY4,10716.1,112,169531.40569218926,1060618.6388184596
SY4,10809.2,112,169488.4668924187,1051689.8528026936
SY4,10903.0,112,169410.64858633096,1042826.685770231
SY4,10997.7,112,169393.84632112912,1034065.5587561424
SY4,11093.2,112,169356.88906640085,1025350.8568344554
SY4,11189.5,112,169305.7342976519,1016700.1875804787
SY4,11286.7,112,169261.81538720656,1008159.7229676192
SY4,11384.7,112,169205.57777754028,999678.7154279042
SY4,11483.5,112,169149.3143026991,991299.7157076168
SY4,11583.2,112,169070.62241404585,982959.6226574784
SY4,11683.8,112,169040.5775092856,974702.741268474
SY4,11785.3,112,168960.87236025886,966507.5119865668
SY4,11887.6,112,168925.75963388564,958435.4413903682
SY4,11990.8,112,168855.75910936797,950390.9603100233
SY4,12094.9,112,168826.4067619781,942411.8939711105
SY4,12199.9,112,168774.82143909248,934510.5880855822
SY4,12305.9,112,168697.01468151022,926679.9211907892
SY4,12412.7,112,168632.545164704,918896.8064569198
SY4,12520.5,112,168580.51855411328,911238.7683935189
SY4,12629.2,112,168529.19488821103,903597.6399178082
SY4,12738.9,112,168460.50647644696,896043.0726388142
SY4,12849.5,112,168414.22056165562,888569.5739128559
SY4,12961.1,112,168335.23383655064,881115.6864612823
SY4,13073.6,112,168275.00885496184,873790.452134673
SY4,13187.1,112,168214.829791081,866480.2229057107
SY4,13301.6,112,168142.69409392268,859237.0301984649
SY4,13417.1,112,168092.79605755873,852060.0222305856
SY4,13533.6,112,168051.8448246019,844953.870298876
SY4,13651.1,112,167973.50126831688,837907.8100706681
SY4,13769.7,112,167910.48474188705,830931.7201544764
SY4,13889.2,112,167840.39212612266,824034.2751875008
SY4,14009.8,112,167764.0843264182,817152.5585644429
SY4,14131.5,112,167691.28457187006,810370.2315100725
SY4,14254.2,112,167619.18588519286,803608.9104178621
SY4,14378.0,112,167554.5385993652,796964.3883914643
SY4,14502.8,112,167497.86890923133,790334.92077157
SY4,14628.7,112,167422.37308113906,783778.330979554
SY4,14755.7,112,167358.5183811421,777268.2907248557
SY4,14883.9,112,167284.95451362847,770805.165844824
SY4,15013.1,112,167216.0044312555,764421.5981258367
SY4,15143.5,112,167150.10393682693,758090.69152868
SY4,15275.0,112,167058.2513209734,751799.7857784928
SY4,15407.6,112,166985.6796001842,745596.0512087516
SY4,15541.4,112,166903.02946876443,739421.6324937947
SY4,15676.3,112,166834.08848572714,733309.8872100794
SY4,15812.4,112,166761.52231803825,727261.5682243836
SY4,15949.7,112,166671.60741185932,721273.5303943591
SY4,16088.2,112,166603.96432427288,715310.1028527952
SY4,16227.9,112,166523.87388261093,709398.9361571796
SY4,16368.8,112,166428.02591434054,703551.9310369552
SY4,16511.0,112,166362.6033051221,697744.4908262171
SY4,16654.3,112,166273.4201101136,692009.2932043991
SY4,16798.9,112,166197.75197719704,686313.5156867021
SY4,16944.8,112,166117.46499457597,680682.2131910672
SY4,17091.9,112,166010.08636463576,675073.4038433171
SY4,17240.3,112,165943.03861034426,669537.3823376627
SY4,17390.0,112,165849.00116401803,664033.5079382927
SY4,17541.0,112,165770.271067978,658582.1904541601
SY4,17693.3,112,165686.76403298814,653186.3482507861
SY4,17847.0,112,165582.86269169103,647830.9158528094
SY4,18001.9,112,165498.60465641445,642511.7255610828
SY4,18158.2,112,165404.26170579685,637271.519065459
SY4,18315.9,112,165310.4228047112,632053.5414925988
SY4,18474.9,112,165227.93655428992,626881.9371125344
SY4,18635.4,112,165131.59292042107,621776.0604230007
SY4,18797.2,112,165018.0671779154,616686.655928208
SY4,18960.4,112,164935.23081051532,611659.1341107722
SY4,19125.0,112,164851.5903738443,606670.954004051
SY4,19291.1,112,164761.57481447989,601734.5592888811
SY4,19458.6,112,164641.1424434709,596851.0141838242
SY4,19627.5,112,164554.80318983458,591977.0281999465
SY4,19798.0,112,164440.49275796508,587163.0045276954
SY4,19969.9,112,164362.71913095735,582397.1405306018
SY4,20143.3,112,164258.174442478,577677.3347676615
SY4,20318.2,112,164146.9841463273,572992.0357642703
SY4,20494.6,112,164044.41805847854,568348.9415314172
SY4,20672.6,112,163941.55698774644,563732.2850281073
SY4,20852.1,112,163836.80459512593,559180.2715848695
SY4,21033.1,112,163727.10159681478,554663.2037930031
SY4,21215.7,112,163620.19268294054,550178.534254549
SY4,21400.0,112,163536.1859641245,545741.5658018929
SY4,21585.8,112,163403.20414935148,541340.4480998635
SY4,21773.2,112,163303.63455543458,536976.6160937904
SY4,21962.3,112,163186.79209312875,532665.806647139
SY4,22153.0,112,163073.2621978402,528364.6258543591
SY4,22345.3,112,162963.05611642738,524116.11805988016
SY4,22539.3,112,162858.27961350928,519910.3481987553
SY4,22735.0,112,162720.79964093314,515729.75665396545
SY4,22932.5,112,162626.18207867318,511596.7534138783
SY4,23131.6,112,162496.8094365048,507502.6060337738
SY4,23332.4,112,162387.82700994585,503453.28655432345
SY4,23535.0,112,162272.45867654137,499417.34285646805
SY4,23739.4,112,162138.2281945504,495424.12621320714
SY4,23945.5,112,162023.21907019225,491483.54329585633
SY4,24153.4,112,161888.06567258466,487556.7868856981
SY4,24363.1,112,161770.8679348584,483664.5018659479
SY4,24574.7,112,161648.07615423843,479812.225565392
SY4,24788.1,112,161526.82830837986,475984.61172218825
SY4,25003.3,112,161389.74848413208,472211.7414686265
SY4,25220.4,112,161285.74589351634,468471.5637346743
SY4,25439.4,112,161145.82148637905,464752.66753016686
SY4,25660.3,112,161016.74397407632,461063.04713521875
SY4,25883.1,112,160883.18033161413,457402.8650277752
SY4,26107.8,112,160760.70540531605,453787.9586941417
SY4,26334.5,112,160621.74403058706,450212.7736350542
SY4,26563.2,112,160485.81876697647,446656.64311265666
SY4,26793.8,112,160359.72200314555,443138.66072294203
SY4,27026.5,112,160217.7130613762,439647.73009336024
SY4,27261.2,112,160083.64198375764,436177.24644728587
SY4,27497.9,112,159955.07449737983,432755.94385715504
SY4,27736.6,112,159805.22421318007,429352.33415242686
SY4,27977.5,112,159681.08280725832,425995.8917100064
SY4,28220.4,112,159518.84776665244,422651.80298231606
SY4,28465.4,112,159396.3943594853,419340.56134544977
SY4,28712.6,112,159242.06126153315,416052.5658690554
SY4,28961.9,112,159096.5306435547,412816.6371177711
SY4,29213.4,112,158949.92212520487,409595.91751306114
SY4,29467.1,112,158815.93650805554,406394.2286937327
SY4,29722.9,112,158666.95097521885,403239.06551563676
SY4,29981.0,112,158522.46580291612,400100.47023919906
SY4,30241.3,112,158371.20398326547,396992.76814651897
SY4,30503.9,112,158214.73749871066,393911.189523416
SY4,30768.8,112,158067.2636987372,390860.91104253783
SY4,31035.9,112,157915.766170374,387833.14173790254
SY4,31305.4,112,157775.99249478505,384835.3604984024
SY4,31577.2,112,157619.77574480206,381859.8612195983
SY4,31851.4,112,157461.386586756,378921.48973138107
SY4,32128.0,112,157308.43057853353,375995.2346658678
SY4,32407.0,112,157152.36368328755,373101.28679214016
SY4,32688.3,112,156991.2658373282,370239.8451494616
SY4,32972.2,112,156841.09326789848,367394.2562024028
SY4,33258.5,112,156667.7395671058,364578.5971107417
SY4,33547.3,112,156513.5571184017,361787.16286908113
SY4,33838.6,112,156356.64818852994,359011.21211446554
SY4,34132.4,112,156185.348206493,356266.34586781723
SY4,34428.7,112,156029.4915355351,353547.26382073923
SY4,34727.7,112,155864.79969598708,350858.95308691537
SY4,35029.2,112,155703.75054628955,348181.1703466507
SY4,35333.4,112,155533.96879622582,345531.85251062585
SY4,35640.2,112,155368.5573785842,342912.08161686454
SY4,35949.6,112,155203.10961747536,340324.43045302125
SY4,36261.8,112,155031.80763125143,337744.737505011
SY4,36576.7,112,154855.66244413066,335175.2309389988
SY4,36894.3,112,154694.4385833046,332653.8533590375
SY4,37214.6,112,154505.21658169714,330131.75777061394
SY4,37537.7,112,154339.25980266667,327652.09404788114
SY4,37863.7,112,154169.38510933696,325186.6361633438
SY4,38192.4,112,153988.6445995189,322745.32503016625
SY4,38524.1,112,153827.9754902433,320320.24705285893
SY4,38858.6,112,153645.82010644887,317932.1818318807
SY4,39196.0,112,153467.23035534905,315538.74834060296
SY4,39536.3,112,153281.150399716,313185.9327027066
SY4,39879.6,112,153109.52808283412,310841.85960379
SY4,40225.9,112,152920.95690596438,308520.88241265615
SY4,40575.2,112,152753.79734602955,306237.50303573115
SY4,40927.5,112,152561.89876579042,303949.8543883615
SY4,41282.9,112,152392.070672874,301695.48982053186
SY4,41641.3,112,152204.91513657532,299458.94637651567
SY4,42002.9,112,152020.2322356979,297242.42596756347
SY4,42367.6,112,151835.1046175857,295050.1903195477
SY4,42735.5,112,151648.11515308992,292867.8157109557
SY4,43106.5,112,151457.86912081402,290716.15882488637
SY4,43480.8,112,151265.0408862833,288567.6243636976
SY4,43858.4,112,151086.93251330874,286439.46443722397
SY4,44239.2,112,150892.0800254318,284341.9996744481
SY4,44623.3,112,150706.29409313164,282263.2214459843
SY4,45010.8,112,150504.97297058374,280192.5093701292
SY4,45401.6,112,150318.04443021805,278144.3088469962
SY4,45795.8,112,150129.66557155972,276121.6244355609
SY4,46193.5,112,149933.7218296661,274104.81492277747
SY4,46594.6,112,149742.55042109918,272116.25451931666
SY4,46999.2,112,149548.8576211944,270132.3085771913
SY4,47407.3,112,149349.2291988391,268176.6867432714
SY4,47818.9,112,149164.5202154539,266231.42021754535
SY4,48234.1,112,148951.7962949672,264297.23592126265
SY4,48652.9,112,148762.0154824554,262400.3495763642
SY4,49075.4,112,148561.34062828287,260502.23792027743
SY4,49501.5,112,148361.51962608966,258636.0087421626
SY4,49931.3,112,148161.03876656533,256773.52997112554
SY4,50364.9,112,148008.4875787097,254929.99804412454
SY4,50802.2,112,147761.48991054864,253106.81203931803
SY4,51243.3,112,147582.4211601141,251312.93090417015
SY4,51688.2,112,147364.36419187236,249516.35175118392
SY4,52137.0,112,147149.24258445812,247739.90030527886
SY4,52589.8,112,146932.79102099867,245987.86318948717
SY4,53046.4,112,146725.33243906416,244229.61488195628
SY4,53507.0,112,146529.94480998293,242497.63295807427
SY4,53971.6,112,146310.417406851,240786.97092747915
SY4,54440.2,112,146072.0411051663,239091.36120705248
SY4,54912.9,112,145865.66097409252,237401.02055991272
SY4,55389.7,112,145654.17531446985,235744.92763346998
SY4,55870.7,112,145448.7793422722,234083.74712099627
SY4,56355.8,112,145241.49277479132,232443.1005387302
SY4,56845.1,112,145062.1541278998,230827.1500151098
SY4,57338.7,112,144870.63359176682,229191.02104418108
SY4,57836.6,112,144635.0210761159,227589.4830952695
SY4,58338.8,112,144438.89414069793,226011.81307902135
SY4,58845.3,112,144241.16122180352,224447.69949478508
SY4,59356.3,112,144167.38358957195,222982.7975582032
SY4,59871.7,112,143801.15246434286,221344.6952725632
SY4,60391.6,112,143596.63972319145,219815.27264498523
SY4,60915.9,112,143384.98202566415,218307.68259802423
SY4,61444.9,112,143178.76564360465,216793.55728072126
SY4,61978.4,112,142967.22394872396,215291.37647110838
SY4,62516.5,112,142734.55324737373,213828.9605370091
SY4,63059.4,112,142537.47810371118,212339.82540956058
SY4,63606.9,112,142327.4564399993,210857.47498334682
SY4,64159.2,112,142102.92727265257,209424.23731140426
SY4,64716.3,112,141893.4041774795,207997.03421756093
SY4,65278.2,112,141668.35892305517,206557.09234952484
SY4,65845.1,112,141450.70585231102,205150.93249258588
SY4,66416.8,112,141225.34561121126,203759.9607895812
SY4,66993.5,112,141000.22852944882,202371.14107177197
SY4,67575.2,112,140775.49915891563,200990.75363519613
SY4,68161.9,112,140542.76022370547,199620.87584534448
SY4,68753.8,112,140316.2334810808,198291.64630886322
SY4,69350.8,112,140086.6106025011,196940.42527645567
SY4,69952.9,112,139852.75486552026,195620.39726435614
SY4,70560.3,112,139626.4286718665,194304.29592029835
SY4,71173.0,112,139426.8822862216,193014.65361191722
SY4,71791.0,112,139200.73672378447,191700.30344525236
SY4,72414.4,112,138973.73944113404,190437.40353521387
SY4,73043.1,112,138737.29410205616,189161.1714011428
SY4,73677.4,112,138515.91628736624,187896.9556576489
SY4,74317.1,112,138306.50718965993,186650.13145722484
SY4,74962.4,112,138075.23930082188,185436.6005043853
SY4,75613.3,112,137853.51489385,184196.17849594037
SY4,76269.9,112,137629.2668345997,182977.52207990264
SY4,76932.1,112,137394.16033579086,181756.64243599479
SY4,77600.1,112,137026.39483521183,180619.19753437498
SY4,78273.9,112,136946.35007050668,179391.42168888095
SY4,78953.6,112,136723.21558663846,178221.7357722363
SY4,79639.1,112,136479.6153394452,177021.62223240355
SY4,80330.6,112,136269.5774359887,175890.57044507808
SY4,81028.1,112,136030.73859924244,174746.09906659886
SY4,81731.7,112,135812.56275362466,173605.32976522399
SY4,82441.4,112,135587.132981727,172492.46959120652
SY4,83157.2,112,135365.4473413588,171358.72358232504
SY4,83879.3,112,135140.14695965196,170249.13250330804
SY4,84607.6,112,134878.1664139673,169149.0009809009
SY4,85342.2,112,134672.23034172197,168061.7498558818
SY4,86083.2,112,134439.50677123276,167044.182062018
SY4,86830.7,112,134215.31422825827,165993.12441519988
SY4,87584.7,112,133938.69204128635,164912.06079386274
SY4,88345.2,112,133733.07765934966,163865.48320702792
SY4,89112.3,112,133516.25989034967,162808.20497236814
SY4,89886.0,112,133272.84908650082,161775.8414213774
SY4,90666.5,112,133042.1859244787,160766.66705801865
SY4,91453.7,112,132808.81443572682,159728.3339034159
SY4,92247.8,112,132566.96549658253,158726.68697717154
SY4,93048.8,112,132375.92416179902,157704.6947519757
SY4,93856.8,112,132088.94564395354,156721.82382026812
SY4,94671.7,112,131882.1078750691,155744.09234931652
SY4,95493.8,112,131632.52525116823,154775.4822381987
SY4,96322.9,112,131416.72482448234,153800.1705629805
SY4,97159.3,112,131181.54777969082,152817.71744576094
SY4,98002.9,112,130933.64897174515,151879.30858399768
SY4,98853.9,112,130713.94199242415,150917.86518762066
SY4,99712.2,112,130481.52863247455,149992.87801712126
SY4,100578.0,112,130267.2404923425,149043.81742852557
SY4,101451.0,112,129998.37287288113,148142.91162579198
SY4,102332.0,112,129775.55902080561,147213.9076107342
SY4,103221.0,112,129565.7279962992,146300.1975077281
SY4,104117.0,112,129306.89656098744,145389.69719228317
SY4,105021.0,112,129067.21584846111,144526.8444911348
SY4,105933.0,112,128848.78021992034,143647.17829187374
SY4,106853.0,112,128607.70110990039,142764.65855954948
SY4,107781.0,112,128374.74908463428,141883.87249770982
SY4,108716.0,112,128132.61767469754,141033.3335671171
SY4,109660.0,112,127902.81018306848,140155.43212698767
SY4,110613.0,112,127669.81145852042,139309.57653438274
SY4,111573.0,112,127426.1647797077,138469.62035025426
SY4,112542.0,112,127214.03201274468,137622.25573957965
SY4,113519.0,112,126945.91296638403,136800.99445998302
SY4,114505.0,112,126723.09543706734,135985.69042335104
SY4,115499.0,112,126493.3413651783,135172.3135613858
SY4,116502.0,112,126245.71760853108,134366.58356400725
SY4,117513.0,112,125996.61484204521,133556.70384404963
SY4,118534.0,112,125775.03625924453,132766.44750566417
SY4,119563.0,112,125549.2566561131,131964.1735654501
SY4,120601.0,112,125305.84528434984,131169.98709497272
SY4,121648.0,112,125064.94596512063,130403.7625340936
SY4,122705.0,112,124835.53941637136,129631.81564850104
SY4,123770.0,112,124593.65278146155,128876.38256633791
SY4,124845.0,112,124349.97127973847,128104.29475257538
SY4,125929.0,112,124127.28564917647,127349.94340355683
SY4,127022.0,112,123881.98247866733,126608.39565256794
SY4,128125.0,112,123631.79198788348,125870.1318861311
SY4,129238.0,112,123416.7188602796,125129.80448573947
SY4,130360.0,112,123198.8973506988,124399.82743275401
SY4,131492.0,112,122942.48663060044,123670.32991530368
SY4,132634.0,112,122703.58976522025,122947.54410585565
SY4,133785.0,112,122482.81760453853,122265.81673661868
SY4,134947.0,112,122235.19134300963,121536.58081862648
SY4,136119.0,112,122002.87390384982,120856.2991482245
SY4,137300.0,112,121773.2932832369,120136.77184301695
SY4,138493.0,112,121533.25754719214,119463.76048636572
SY4,139695.0,112,121291.61707122346,118776.28287084041
SY4,140908.0,112,121062.46465093877,118097.84228487685
SY4,142132.0,112,120805.01243301382,117437.54501694496
SY4,143366.0,112,120588.30517029956,116756.61996096068
SY4,144611.0,112,120357.5350872781,116094.02849076668
SY4,145866.0,112,120120.38622777538,115439.06861906894
SY4,147133.0,112,119869.86980249155,114778.50532328014
SY4,148410.0,112,119663.03655772854,114129.72493939383
SY4,149699.0,112,119414.42977145183,113498.04591780783
SY4,150999.0,112,119175.09294517992,112871.37699380767
SY4,152310.0,112,118940.12154981281,112228.60482449048
SY4,153633.0,112,118704.99129854115,111591.93992283088
SY4,154966.0,112,118472.1762611659,110983.81723386572
SY4,156312.0,112,118242.13128163322,110371.4249396802
SY4,157669.0,112,118012.0377998547,109749.94589053538
SY4,159038.0,112,117773.16360676097,109128.655789957
SY4,160419.0,112,117543.15541274681,108527.25217479325
SY4,161812.0,112,117315.0249140242,107943.22212334926
SY4,163217.0,112,117076.93970891843,107354.95160236607
SY4,164634.0,112,116842.31305320344,106758.27759233506
SY4,166064.0,112,116604.9097683627,106172.63667076512
SY4,167506.0,112,116380.94875487365,105594.44230370638
SY4,168960.0,112,116140.40496863595,105018.25591114111
SY4,170427.0,112,115907.48418102997,104445.64856596643
SY4,171907.0,112,115681.83790211222,103867.92417999958
SY4,173400.0,112,115438.51581039696,103315.864944116
SY4,174906.0,112,115217.49673895897,102755.73079600827
SY4,176424.0,112,114976.53331177711,102199.78473683538
SY4,177956.0,112,114743.85188133799,101655.39216204862
SY4,179501.0,112,114513.29655089442,101095.6654433666
SY4,181060.0,112,114292.41222502469,100563.60001771875
SY4,182632.0,112,114064.33016222979,100032.08500949955
SY4,184218.0,112,113820.05682066952,99489.03758953001
SY4,185817.0,112,113596.38124481328,98971.8633541639
SY4,187431.0,112,113371.40188307552,98428.65091514675
SY4,189058.0,112,113130.85880854947,97926.88718090978
SY4,190700.0,112,112903.66473969207,97397.04183609466
SY4,192356.0,112,112679.504227264,96875.19143460704
SY4,194026.0,112,112444.48141875649,96372.49166416173
SY4,195711.0,112,112214.10636738392,95875.132655491
SY4,197410.0,112,111993.67614990065,95367.69212434904
SY4,199124.0,112,111765.04233261735,94865.8419043291
SY4,200853.0,112,111535.56118653163,94369.36865752004
SY4,202597.0,112,111288.99292350831,93887.78663313521
SY4,204356.0,112,111071.04118505235,93406.65671610534
SY4,206131.0,112,110839.92317352573,92910.50734487442
SY4,207921.0,112,110614.45169039904,92424.74577290498
SY4,209726.0,112,110395.80833813708,91942.7449171415
SY4,211547.0,112,110160.20110118687,91489.89415952338
SY4,213384.0,112,109938.04508845875,91018.1690873221
SY4,215237.0,112,109702.21536921596,90532.22568915
SY4,217106.0,112,109486.6695861758,90081.63267039832
SY4,218991.0,112,109256.10485277457,89628.11343559787
SY4,220892.0,112,109033.03220044565,89166.26062282517
SY4,222810.0,112,108805.81145490469,88708.55316414607
SY4,224745.0,112,108580.03256593784,88265.77512912039
SY4,226696.0,112,108360.88307495696,87821.58628181605
SY4,228665.0,112,108129.02000002925,87374.7639047877
SY4,230650.0,112,107905.0621628177,86936.33489869624
SY4,232653.0,112,107687.00024629246,86500.59764938906
SY4,234673.0,112,107460.6026613128,86066.92913496049
SY4,236711.0,112,107228.95622206856,85627.33188387164
SY4,238766.0,112,107016.35200733771,85212.81804561745
SY4,240839.0,112,106798.14423208879,84794.7629133074
SY4,242930.0,112,106572.13590273773,84360.27227469526
SY4,245040.0,112,106349.270490767,83938.3696618476
SY4,247167.0,112,106128.79353391685,83533.72271603315
SY4,249314.0,112,105905.08545161299,83103.49054850028
SY4,251478.0,112,105688.37682036251,82712.5162228023
SY4,253662.0,112,105461.8715567112,82296.88493141255
SY4,255864.0,112,105240.92807644536,81905.99974062141
SY4,258086.0,112,105024.33525929692,81501.04903936567
SY4,260327.0,112,104815.86679475501,81101.82568378931
SY4,262588.0,112,104582.91575515192,80712.25986832226
SY4,264868.0,112,104365.73046912462,80321.37271483516
SY4,267167.0,112,104137.18968733904,79929.22474427747
SY4,269487.0,112,103924.23616263045,79541.47239665403
SY4,271827.0,112,103701.04810491335,79159.03740852505
SY4,274187.0,112,103506.72219722824,78768.23102236023
SY4,276568.0,112,103276.77088253474,78391.90398598347
SY4,278970.0,112,103052.88004003394,78020.02361469952
SY4,281392.0,112,102832.9017457422,77642.20948118536
SY4,283835.0,112,102615.77654084821,77270.6698000964
SY4,286300.0,112,102398.94859360084,76907.3424938293
SY4,288786.0,112,102183.2711873059,76546.65498869012
SY4,291293.0,112,101964.89160757471,76174.06472272314
SY4,293823.0,112,101754.36511671025,75819.95300514348
SY4,296374.0,112,101543.38529555353,75453.75262389453
SY4,298947.0,112,101325.14091452773,75096.59827213484
SY4,301543.0,112,101113.29922419475,74745.9202739378
SY4,304161.0,112,100900.94488461486,74390.8641872601
SY4,306802.0,112,100680.65006418039,74048.23043521635
SY4,309466.0,112,100465.70048333913,73700.09470994512
SY4,312153.0,112,100267.896981999,73362.9725977133
SY4,314864.0,112,100051.41128651294,73015.46471096069
SY4,317598.0,112,99836.5073438979,72677.1966393619
SY4,320355.0,112,99624.4854070212,72341.84943306743
SY4,323137.0,112,99407.05395734595,72007.36929064085
SY4,325943.0,112,99216.2995087485,71657.65772649263
SY4,328773.0,112,98990.01259833711,71338.97169646517
SY4,331628.0,112,98776.42726997836,71012.57575333772
SY4,334507.0,112,98569.78225221601,70690.1033435858
SY4,337412.0,112,98360.60162688665,70362.42374044347
SY4,340341.0,112,98158.76435535854,70040.2665481339
SY4,343297.0,112,97947.84482459057,69710.87677940028
SY4,346278.0,112,97732.97792178688,69400.54435554473
SY4,349284.0,112,97532.60108280781,69083.5130158449
SY4,352317.0,112,97325.17006335806,68769.38592931583
SY4,355376.0,112,97119.28984265984,68455.55836882541
SY4,358462.0,112,96910.65058139962,68152.6589859988
SY4,361574.0,112,96704.21118339096,67835.33501008913
SY4,364714.0,112,96498.41834455816,67536.7973590131
SY4,367881.0,112,96300.77662150619,67237.08905000924
SY4,371075.0,112,96093.90479217851,66934.85616789285
SY4,374297.0,112,95885.79201928113,66637.39779983953
SY4,377547.0,112,95678.65352314286,66337.54708567211
SY4,380825.0,112,95478.21517044073,66036.34475104671
SY4,384132.0,112,95272.43396023742,65745.64863323457
SY4,387468.0,112,95072.58592791736,65451.33332924096
SY4,390832.0,112,94873.18861182677,65164.073295488306
SY4,394225.0,112,94661.65666989743,64872.505162476744
SY4,397649.0,112,94467.15844595502,64593.93180643616
SY4,401101.0,112,94264.95865083883,64317.902028035845
SY4,404584.0,112,94064.11382016768,64027.47542272251
SY4,408097.0,112,93868.8826949159,63736.00280576994
SY4,411641.0,112,93674.5829455373,63461.81057883698
SY4,415215.0,112,93463.490779273,63187.752771458785
SY4,418820.0,112,93272.02802356856,62906.85611427645
SY4,422457.0,112,93077.21940191933,62629.04119368719
SY4,426125.0,112,92877.50055007674,62369.21592650205
SY4,429825.0,112,92672.7792330018,62095.48387288478
SY4,433557.0,112,92483.36777060678,61810.354492870574
SY4,437322.0,112,92289.71508363244,61559.36348636411
SY4,441119.0,112,92090.09474124425,61290.44508698189
SY4,444949.0,112,91895.85815279534,61023.79444522451
SY4,448813.0,112,91704.54178600619,60771.825164926304
SY4,452710.0,112,91513.19088105884,60499.16222523601
SY4,456641.0,112,91319.32436458055,60250.82409201743
SY4,460606.0,112,91122.3185808048,59981.46843990672
SY4,464605.0,112,90931.08861017146,59732.15121559069
SY4,468639.0,112,90741.77376135613,59478.87482255662
SY4,472708.0,112,90550.36104243709,59230.12163912752
SY4,476813.0,112,90359.19079782622,58973.88017480828
SY4,480953.0,112,90167.74478206156,58720.653265423636
SY4,485129.0,112,89980.01563635153,58475.69008924427
SY4,489341.0,112,89787.78124859474,58234.257821213374
SY4,493590.0,112,89602.43745001275,57985.49612720101
SY4,497876.0,112,89403.04201488095,57740.52170922682
SY4,502199.0,112,89220.92017578865,57503.14695301606
SY4,506560.0,112,89026.341269612,57257.29680335281
SY4,510958.0,112,88839.90364796529,57015.59460686469
SY4,515395.0,112,88647.51708389321,56777.72692618226
SY4,519870.0,112,88461.17068120252,56536.30404536533
SY4,524384.0,112,88267.30323488057,56303.754876886574
SY4,528937.0,112,88087.19011300619,56067.59802151571
SY4,533530.0,112,87900.93584840167,55836.799881324296
SY4,538163.0,112,87705.65360629222,55607.3215302886
SY4,542836.0,112,87525.19271788238,55376.25438626595
SY4,547549.0,112,87334.98544574148,55147.75633231908
SY4,552303.0,112,87151.01171247881,54918.678048759095
SY4,557099.0,112,86971.14835673822,54695.97022710408
SY4,561936.0,112,86784.92565332515,54466.468797662674
SY4,566816.0,112,86602.94629314645,54240.44839863729
SY4,571737.0,112,86422.1934636478,54008.24291168271
SY4,576702.0,112,86234.80345447359,53794.28485329866
SY4,581709.0,112,86052.02458506881,53574.96300727677
SY4,586760.0,112,85875.98791949848,53363.09392464964
SY4,591855.0,112,85683.88713137202,53131.851019976326
SY4,596994.0,112,85510.0847084049,52919.58038800243
SY4,602178.0,112,85330.1972105284,52709.43953910064
SY4,607406.0,112,85150.65559506808,52492.64687416391
SY4,612680.0,112,84968.12107176374,52284.5942027918
SY4,618000.0,112,84796.98777010704,52067.3375044932
SY4,623366.0,112,84620.46128989004,51856.2979828365
SY4,628779.0,112,84435.37719481213,51653.726312732724
SY4,634239.0,112,84265.01521136127,51447.29398727356
SY4,639746.0,112,84086.2933128641,51239.712215359556
SY4,645301.0,112,83904.13278384227,51029.35612688071
SY4,650904.0,112,83738.60500398546,50820.232104305025
SY4,656556.0,112,83552.36499421649,50631.21182109029
SY4,662257.0,112,83380.1854767696,50427.04671185235
SY4,668007.0,112,83212.27303686844,50221.219634068315
SY4,673807.0,112,83037.08651892043,50015.89267299185
SY4,679658.0,112,82872.58122950792,49837.2048624768
SY4,685559.0,112,82689.94228610874,49622.2946847913
SY4,691512.0,112,82519.01097537256,49422.41273478635
SY4,697516.0,112,82347.54516523056,49233.05483741165
SY4,703573.0,112,82176.9771051512,49040.00554243463
SY4,709682.0,112,82008.6766263604,48847.02833224375
SY4,715844.0,112,81843.41456503254,48658.45550959255
SY4,722060.0,112,81673.18266748596,48465.84245144295
SY4,728330.0,112,81502.89222810815,48276.93190960836
SY4,734654.0,112,81337.64584835402,48087.62195836505
SY4,741033.0,112,81175.7515750232,47903.61652423403
SY4,747467.0,112,81005.61178484121,47718.04675641216
SY4,753957.0,112,80842.69871968095,47534.124194564334
SY4,760504.0,112,80680.35805484348,47348.13573251001
SY4,767107.0,112,80512.61547652114,47163.02191172332
SY4,773768.0,112,80351.01511838683,46994.92743522092
SY4,780487.0,112,80180.80265016519,46811.64902530905
SY4,787264.0,112,80022.98970596273,46630.415332721714
SY4,794099.0,112,79861.05797477053,46447.596691013394
SY4,800995.0,112,79702.50059052282,46272.76016053611
SY4,807950.0,112,79537.4219372805,46098.81249376989
SY4,814965.0,112,79371.4630600786,45907.92114303732
SY4,822041.0,112,79214.12387028981,45744.43498211803
SY4,829179.0,112,79057.81996414684,45571.412058821275
SY4,836379.0,112,78897.15200259711,45394.99710358993
SY4,843641.0,112,78741.37531819708,45229.30266745948
SY4,850966.0,112,78583.91779179542,45058.63460264878
SY4,858355.0,112,78427.17034929685,44888.21975882885
SY4,865808.0,112,78274.01348452934,44726.04817264071
SY4,873326.0,112,78113.43648819526,44558.91209541666
SY4,880909.0,112,77954.66739416396,44393.35811273796
SY4,888558.0,112,77803.65194406925,44235.27477900012
SY4,896273.0,112,77649.647697514,44069.20221177598
SY4,904056.0,112,77495.85579293092,43900.592055739224
SY4,911906.0,112,77335.31230195222,43740.31743682285
SY4,919824.0,112,77183.66938927177,43572.26343799058
SY4,927811.0,112,77036.01668503329,43421.91421261937
SY4,935867.0,112,76885.93216067142,43263.78880339425
SY4,943993.0,112,76734.11422827524,43104.860475865
SY4,952190.0,112,76582.62136121719,42944.70829289689
SY4,960457.0,112,76430.93558433591,42796.546681547115
SY4,968797.0,112,76284.15629033944,42635.34647191464
SY4,977209.0,112,76141.31912934757,42478.635784369784
SY4,985694.0,112,75989.53336411533,42330.328794069064
SY4,994253.0,112,75843.39354855704,42172.809739655495
SY4,10000.0,132,165823.32100026915,1576808.7091906704
SY4,10086.8,132,165795.73112749224,1563412.5124584422
SY4,10174.4,132,165814.129371336,1550058.901268993
SY4,10262.8,132,165750.70534068125,1536797.124127194
SY4,10351.9,132,165772.86545179688,1523772.9865288415
SY4,10441.8,132,165708.7454917101,1510790.232004532
SY4,10532.4,132,165668.64944830825,1497968.6992848804
SY4,10623.9,132,165628.14764494266,1485188.4520574443
SY4,10716.1,132,165610.31781945477,1472560.5859350043
SY4,10809.2,132,165566.44985987587,1460072.439853038
SY4,10903.0,132,165569.04849020008,1447611.987803474
SY4,10997.7,132,165519.07495966746,1435289.4501266987
SY4,11093.2,132,165484.04697514756,1423096.6904059604
SY4,11189.5,132,165424.19220134502,1411022.0134496652
SY4,11286.7,132,165418.8514477193,1398989.0727139045
SY4,11384.7,132,165411.86581943586,1387084.682919118
SY4,11483.5,132,165358.0406416538,1375285.6185110104
SY4,11583.2,132,165311.00261002692,1363596.0457065422
SY4,11683.8,132,165278.26156344524,1352044.8186578022
SY4,11785.3,132,165265.2805801099,1340536.3467239852
SY4,11887.6,132,165208.6909352389,1329137.751131348
SY4,11990.8,132,165184.22472827788,1317910.8379913568
SY4,12094.9,132,165158.4675904651,1306681.605193988
SY4,12199.9,132,165105.07298561855,1295635.3903058113
SY4,12305.9,132,165109.29747580222,1284565.711610724
SY4,12412.7,132,165018.79114445878,1273687.9230133276
SY4,12520.5,132,165054.13139786926,1262922.5348764928
SY4,12629.2,132,164979.2389569682,1252140.2932777856
SY4,12738.9,132,164941.30971274516,1241554.2396219491
SY4,12849.5,132,164921.43613238528,1231027.939596293
SY4,12961.1,132,164860.87591559926,1220603.2211792564
SY4,13073.6,132,164848.65670701137,1210252.726198362
SY4,13187.1,132,164813.43515641495,1199983.500073497
SY4,13301.6,132,164757.78156379625,1189833.1361153184
SY4,13417.1,132,164719.44685161862,1179729.930628036
SY4,13533.6,132,164702.241708981,1169767.7727394397
SY4,13651.1,132,164650.1667668984,1159823.5245546445
SY4,13769.7,132,164597.7725371434,1150018.363771025
SY4,13889.2,132,164580.9687649736,1140313.839846895
SY4,14009.8,132,164533.3013322921,1130691.6293162417
SY4,14131.5,132,164495.8937779143,1121091.5971771826
SY4,14254.2,132,164428.8337589117,1111655.7481996205
SY4,14378.0,132,164397.50699105856,1102230.656521679
SY4,14502.8,132,164352.8097309388,1092937.1346708161
SY4,14628.7,132,164343.41878264924,1083691.9758273324
SY4,14755.7,132,164273.23331194746,1074552.6267620544
SY4,14883.9,132,164249.77899136822,1065492.9881265769
SY4,15013.1,132,164190.88843702426,1056478.5560547372
SY4,15143.5,132,164126.1668079055,1047581.78100971
SY4,15275.0,132,164110.93353059192,1038729.8292050133
SY4,15407.6,132,164044.28667832102,1030033.9702184144
SY4,15541.4,132,163980.8434584021,1021332.9120664973
SY4,15676.3,132,163960.4425959482,1012703.112911248
SY4,15812.4,132,163903.58311760984,1004175.2447343405
SY4,15949.7,132,163859.401141383,995770.9451238692
SY4,16088.2,132,163809.42011763662,987380.1259581717
SY4,16227.9,132,163768.22138822248,979066.4867465697
SY4,16368.8,132,163704.91887138737,970862.5627113435
SY4,16511.0,132,163668.58395199795,962651.1607235041
SY4,16654.3,132,163622.73602126093,954585.8667730925
SY4,16798.9,132,163568.69535409656,946566.7619999952
SY4,16944.8,132,163543.3893864682,938627.2624703741
SY4,17091.9,132,163460.89534864773,930727.4760446686
SY4,17240.3,132,163415.97479045126,922953.1852689865
SY4,17390.0,132,163365.11007540798,915211.2104363668
SY4,17541.0,132,163307.35546831528,907505.9788862691
SY4,17693.3,132,163248.37920735154,899931.5945304105
SY4,17847.0,132,163189.11889098675,892384.079094019
SY4,18001.9,132,163151.07451038942,884938.2404100087
SY4,18158.2,132,163092.21637597115,877505.0089695874
SY4,18315.9,132,163034.3445391114,870158.3493834414
SY4,18474.9,132,162973.64081811524,862868.5729862662
SY4,18635.4,132,162915.68415592206,855672.786943403
SY4,18797.2,132,162843.96971303964,848491.5826659746
SY4,18960.4,132,162793.89803012338,841429.479299858
SY4,19125.0,132,162733.7323783156,834393.1195960834
SY4,19291.1,132,162681.98498503317,827431.0639289289
SY4,19458.6,132,162626.80397163142,820491.0896554918
SY4,19627.5,132,162554.20004728722,813674.2899607301
SY4,19798.0,132,162497.67427116385,806901.6518652212
SY4,19969.9,132,162423.5631640164,800188.6388966256
SY4,20143.3,132,162365.9675146435,793530.3357191209
SY4,20318.2,132,162298.4342598605,786932.086861396
SY4,20494.6,132,162223.9888243432,780365.9282686188
SY4,20672.6,132,162171.13127255044,773873.7713904622
SY4,20852.1,132,162087.64798495916,767441.5146230084
SY4,21033.1,132,162038.0876874825,761055.538905464
SY4,21215.7,132,161962.2933754124,754741.0450185434
SY4,21400.0,132,161907.01835301088,748501.7521234741
SY4,21585.8,132,161826.83563922398,742285.8019269821
SY4,21773.2,132,161754.21535754396,736135.3023455235
SY4,21962.3,132,161682.90269918612,730021.9442418625
SY4,22153.0,132,161616.96723885767,723958.5856838891
SY4,22345.3,132,161539.21717818582,717974.5155315066
SY4,22539.3,132,161467.4991029647,712047.780643657
SY4,22735.0,132,161387.67838136439,706156.287713269
SY4,22932.5,132,161312.35765989055,700292.9198954935
SY4,23131.6,132,161250.98785662363,694532.5741553307
SY4,23332.4,132,161182.88918774985,688807.1983610841
SY4,23535.0,132,161108.41607893587,683118.0347765218
SY4,23739.4,132,161017.81190583087,677492.0670405192
SY4,23945.5,132,160926.21767808788,671912.4241080524
SY4,24153.4,132,160845.26669981165,666376.0125404303
SY4,24363.1,132,160781.07355054302,660903.8292237372
SY4,24574.7,132,160693.8825500334,655462.7955815301
SY4,24788.1,132,160619.69722259764,650080.0703645821
SY4,25003.3,132,160548.3345901218,644748.6875798773
SY4,25220.4,132,160448.73718839767,639458.0727955034
SY4,25439.4,132,160350.48823918207,634206.2766011077
SY4,25660.3,132,160263.95236136133,629011.1474397228
SY4,25883.1,132,160185.33990430622,623858.1064597567
SY4,26107.8,132,160112.38249849505,618738.8707602018
SY4,26334.5,132,160023.05386269483,613679.2850159875
SY4,26563.2,132,159933.38444342255,608677.521276284
SY4,26793.8,132,159839.1380705061,603682.5547275966
SY4,27026.5,132,159761.92602863957,598767.9248134387
SY4,27261.2,132,159657.5979611813,593876.3130662136
SY4,27497.9,132,159573.42351545257,589025.8285058844
SY4,27736.6,132,159470.97186677033,584237.5520569046
SY4,27977.5,132,159382.8511979732,579481.0891628093
SY4,28220.4,132,159307.64130053372,574772.0056049365
SY4,28465.4,132,159201.42234575146,570076.3371704955
SY4,28712.6,132,159094.28556125492,565446.5929888405
SY4,28961.9,132,159005.77569883427,560871.9037124931
SY4,29213.4,132,158905.41388400318,556330.531893817
SY4,29467.1,132,158821.9232475342,551827.1670163264
SY4,29722.9,132,158709.92199719453,547352.6953428421
SY4,29981.0,132,158599.53307150846,542906.233446545
SY4,30241.3,132,158494.84140544737,538522.7437534665
SY4,30503.9,132,158403.92019450216,534170.3430346565
SY4,30768.8,132,158296.90899632062,529864.6525056297
SY4,31035.9,132,158200.78079684812,525580.4892532979
SY4,31305.4,132,158084.32521979415,521350.36564604356
SY4,31577.2,132,157972.06715875526,517152.0396804525
SY4,31851.4,132,157872.5646286066,512997.56590280816
SY4,32128.0,132,157771.83513500448,508870.31210157357
SY4,32407.0,132,157652.70883852258,504783.398461339
SY4,32688.3,132,157551.25438973279,500752.1010041796
SY4,32972.2,132,157431.80248227622,496721.033865755
SY4,33258.5,132,157315.47018742183,492735.5727466871
SY4,33547.3,132,157206.2333886342,488784.10630938323
SY4,33838.6,132,157097.04794716337,484882.56434549065
SY4,34132.4,132,156978.3950947563,481006.5204790973
SY4,34428.7,132,156855.0534116888,477167.1722707639
SY4,34727.7,132,156754.42094986307,473352.4167455266
SY4,35029.2,132,156626.53747663283,469577.6867650897
SY4,35333.4,132,156507.5947955368,465843.4995895427
SY4,35640.2,132,156390.25172660398,462141.3323149581
SY4,35949.6,132,156269.36685051766,458463.7626391842
SY4,36261.8,132,156144.01727345985,454833.75243096397
SY4,36576.7,132,156017.2759855134,451223.3034157146
SY4,36894.3,132,155891.3424895164,447648.894687874
SY4,37214.6,132,155773.45416552023,444100.93032993726
SY4,37537.7,132,155639.30802351964,440601.5219670733
SY4,37863.7,132,155514.0819940161,437137.42389055656
SY4,38192.4,132,155384.2497066139,433675.61996680975
SY4,38524.1,132,155270.81366066867,430244.30445186683
SY4,38858.6,132,155141.07218081458,426853.8154607288
SY4,39196.0,132,155001.43155428546,423488.0296153622
SY4,39536.3,132,154872.9537857474,420180.8793617852
SY4,39879.6,132,154725.74186723356,416868.7622999364
SY4,40225.9,132,154599.4677604131,413600.6860293609
SY4,40575.2,132,154467.7865644901,410348.06216336694
SY4,40927.5,132,154330.0445365143,407136.98704813025
SY4,41282.9,132,154197.25120621183,403959.2281921719
SY4,41641.3,132,154051.79723537355,400800.0337718407
SY4,42002.9,132,153919.64077734613,397676.4520052446
SY4,42367.6,132,153774.16939832259,394579.2322463898
SY4,42735.5,132,153631.2654700556,391483.678809745
SY4,43106.5,132,153502.27217360874,388454.9968162692
SY4,43480.8,132,153351.24055407924,385419.26557115396
SY4,43858.4,132,153207.05625760645,382421.5284040036
SY4,44239.2,132,153062.77825671868,379470.87554240826
SY4,44623.3,132,152923.0753075599,376530.59283867554
SY4,45010.8,132,152771.12093265165,373613.9945353746
SY4,45401.6,132,152629.15080209504,370730.248149843
SY4,45795.8,132,152479.53795991078,367871.16694829694
SY4,46193.5,132,152327.63394754397,365029.27546650806
SY4,46594.6,132,152175.17239366253,362224.54450339265
SY4,46999.2,132,152027.92031189133,359433.126692514
SY4,47407.3,132,151877.244128761,356678.25951513456
SY4,47818.9,132,151723.25977215145,353943.9976677832
SY4,48234.1,132,151658.19465042726,351344.3244777252
SY4,48652.9,132,151487.98333028925,348683.0541635568
SY4,49075.4,132,151325.6931375189,346016.84681579535
SY4,49501.5,132,151181.5605014092,343368.3679487129
SY4,49931.3,132,151006.78801974197,340756.5518677891
SY4,50364.9,132,150744.25178665147,338173.58695349656
SY4,50802.2,132,150715.44397605784,335552.8441011488
SY4,51243.3,132,150537.77314054596,333047.68121571204
SY4,51688.2,132,150360.49387277453,330470.8115053562
SY4,52137.0,132,150172.98691613102,328033.47859512275
SY4,52589.8,132,150010.37924157924,325515.70822951634
SY4,53046.4,132,149867.33610740845,323065.2657818987
SY4,53507.0,132,149723.62602328573,320640.53790445224
SY4,53971.6,132,149534.168432098,318207.2086726036
SY4,54440.2,132,149401.4713488889,315820.118738036
SY4,54912.9,132,149221.8410644307,313434.14465868165
SY4,55389.7,132,149075.22217582696,311137.02282468247
SY4,55870.7,132,148872.06694573018,308745.6375404299
SY4,56355.8,132,148696.28271603285,306437.4975622976
SY4,56845.1,132,148557.70422319655,304166.59255468997
SY4,57338.7,132,148368.0641868186,301893.39391795156
SY4,57836.6,132,148228.8381462702,299611.45856948337
SY4,58338.8,132,148037.15372778056,297445.53626672295
SY4,58845.3,132,147868.46070570688,295235.0097628229
SY4,59356.3,132,147523.2610480637,293259.97403844737
SY4,59871.7,132,147469.33365530247,290880.48663418833
SY4,60391.6,132,147350.1920347507,288753.5934892504
SY4,60915.9,132,147104.94846779192,286628.9209142222
SY4,61444.9,132,146951.33008303776,284493.6566198106
SY4,61978.4,132,146810.78192587354,282342.05027865357
SY4,62516.5,132,146550.84801275592,280323.5340640595
SY4,63059.4,132,146350.60853606914,278288.1490841567
SY4,63606.9,132,146141.6995055226,276198.95652110537
SY4,64159.2,132,146005.5887106085,274194.68056702876
SY4,64716.3,132,145865.1222548624,272146.78439220676
SY4,65278.2,132,145632.55066150468,270174.08696926263
SY4,65845.1,132,145439.7250961869,268208.1456675298
SY4,66416.8,132,145256.65419387803,266258.0952324549
SY4,66993.5,132,145102.8550141908,264325.6446219385
SY4,67575.2,132,144882.92422896143,262382.441529342
SY4,68161.9,132,144700.42356884075,260496.14676977808
SY4,68753.8,132,144496.3515835801,258629.5080595941
SY4,69350.8,132,144307.47637500786,256710.73454552045
SY4,69952.9,132,144147.22584302447,254900.7954713192
SY4,70560.3,132,143930.98718937236,253037.25538361148
SY4,71173.0,132,143748.26245235198,251242.58844060733
SY4,71791.0,132,143554.34084549823,249429.9956479815
SY4,72414.4,132,143373.17043513595,247665.3299344496
SY4,73043.1,132,143146.45573409475,245892.97767910696
SY4,73677.4,132,142962.30933978377,244123.17498464373
SY4,74317.1,132,142780.74493570108,242387.8004879468
SY4,74962.4,132,142597.20238755675,240645.87912863967
SY4,75613.3,132,142393.29310683598,238951.35490813458
SY4,76269.9,132,142195.98897092772,237249.06529406767
SY4,76932.1,132,141980.58807240383,235540.4745246949
SY4,77600.1,132,141964.2998882646,234019.91146327567
SY4,78273.9,132,141585.788041514,232238.12544843214
SY4,78953.6,132,141367.27115475992,230619.03847861712
SY4,79639.1,132,141189.68052215327,228996.0555998222
SY4,80330.6,132,140971.84594304618,227394.44058668244
SY4,81028.1,132,140790.85251643724,225788.33616210718
SY4,81731.7,132,140586.78050525725,224202.31722461924
SY4,82441.4,132,140364.72061061833,222642.81443412584
SY4,83157.2,132,140141.24981303824,221095.00593799131
SY4,83879.3,132,139957.66609089775,219546.5987822343
SY4,84607.6,132,139753.48089616717,218026.42475869317
SY4,85342.2,132,139537.05896693908,216518.3025069472
SY4,86083.2,132,139335.5513546546,215016.08396574104
SY4,86830.7,132,139151.61769512788,213518.4253368313
SY4,87584.7,132,138933.57568320102,212061.444018116
SY4,88345.2,132,138729.77767383627,210573.84019808582
SY4,89112.3,132,138524.66391357747,209130.08518810483
SY4,89886.0,132,138295.0932313965,207688.90592791283
SY4,90666.5,132,138093.89054694877,206284.52738381363
SY4,91453.7,132,137890.039046294,204858.9256764475
SY4,92247.8,132,137667.80410479743,203474.4554243217
SY4,93048.8,132,137478.5096709601,202063.54332491898
SY4,93856.8,132,137237.48681674717,200712.72279166002
SY4,94671.7,132,137034.7747533809,199322.73484892497
SY4,95493.8,132,136825.11903706784,197983.50406039716
SY4,96322.9,132,136636.08868183268,196636.03877438096
SY4,97159.3,132,136396.63924073658,195273.67748184793
SY4,98002.9,132,136209.81378663206,193983.22898371558
SY4,98853.9,132,135965.79587703795,192684.53726711834
SY4,99712.2,132,135766.37122373152,191384.02175232617
SY4,100578.0,132,135534.61047297117,190107.94996025218
SY4,101451.0,132,135327.29618317657,188810.0439065038
SY4,102332.0,132,135114.58886946284,187561.70525922888
SY4,103221.0,132,134875.0043003275,186315.66451663888
SY4,104117.0,132,134680.8775851693,185084.82001042084
SY4,105021.0,132,134448.65919020402,183823.95995141062
SY4,105933.0,132,134246.63655954058,182613.661630706
SY4,106853.0,132,134012.81929886085,181420.96716294257
SY4,107781.0,132,133802.2384697614,180237.1481685744
SY4,108716.0,132,133582.23542482327,179017.96845958626
SY4,109660.0,132,133353.32275354615,177839.97799943283
SY4,110613.0,132,133132.07441491212,176670.9468394728
SY4,111573.0,132,132895.06838110564,175492.66582344234
SY4,112542.0,132,132703.0458234719,174361.0984310394
SY4,113519.0,132,132460.99947677768,173231.7427643917
SY4,114505.0,132,132241.26129363122,172093.75931406507
SY4,115499.0,132,132019.94329317746,170977.22367154548
SY4,116502.0,132,131803.65190361274,169872.48749308547
SY4,117513.0,132,131568.15013864325,168752.5996696613
SY4,118534.0,132,131357.34723714364,167662.99397021535
SY4,119563.0,132,131141.83708957792,166568.98001197245
SY4,120601.0,132,130922.24672716606,165512.4572071116
SY4,121648.0,132,130685.24486387346,164444.04140784277
SY4,122705.0,132,130462.48595011629,163374.89311870318
SY4,123770.0,132,130224.0511620375,162331.8237885976
SY4,124845.0,132,129999.97693216534,161300.74756346297
SY4,125929.0,132,129786.77703127004,160260.7394303826
SY4,127022.0,132,129563.91840882153,159236.34398425563
SY4,128125.0,132,129337.30115269743,158236.68168761788
SY4,129238.0,132,129103.07315633642,157237.5469399977
SY4,130360.0,132,128886.58002145303,156231.3304853524
SY4,131492.0,132,128646.18805788636,155239.33833656082
SY4,132634.0,132,128420.96290794334,154267.52581314443
SY4,133785.0,132,128199.45147400166,153284.58875651626
SY4,134947.0,132,127963.25262791094,152329.96765454888
SY4,136119.0,132,127731.6027384581,151373.8079978019
SY4,137300.0,132,127505.6529166877,150421.87230077691
SY4,138493.0,132,127285.03280045971,149508.1179908843
SY4,139695.0,132,127071.88836979303,148555.6358500416
SY4,140908.0,132,126820.53788600309,147638.34406588314
SY4,142132.0,132,126606.30266124707,146707.94043459275
SY4,143366.0,132,126372.04086695469,145805.06581245278
SY4,144611.0,132,126143.24519314273,144893.99690493272
SY4,145866.0,132,125911.88819925686,144005.39134879503
SY4,147133.0,132,125698.19238592699,143133.65420926665
SY4,148410.0,132,125463.36379089342,142253.1842524894
SY4,149699.0,132,125239.09038522697,141377.4491359146
SY4,150999.0,132,125001.43564006862,140518.11286910324
SY4,152310.0,132,124761.3615409042,139666.4701550012
SY4,153633.0,132,124536.19289964889,138786.64668402338
SY4,154966.0,132,124316.42017394335,137953.5427152616
SY4,156312.0,132,124081.00994037697,137128.19215537223
SY4,157669.0,132,123857.36230154127,136290.8291483814
SY4,159038.0,132,123618.5956513042,135481.69965798166
SY4,160419.0,132,123393.13286682974,134655.25648592517
SY4,161812.0,132,123166.65113124032,133839.54729684704
SY4,163217.0,132,122941.39482067668,133036.8410813188
SY4,164634.0,132,122711.8609999456,132242.4100993793
SY4,166064.0,132,122482.42730761616,131452.53719306173
SY4,167506.0,132,122230.92460653238,130658.57546241017
SY4,168960.0,132,122026.14303578128,129891.02605701542
SY4,170427.0,132,121784.74808786824,129107.46326457454
SY4,171907.0,132,121549.07877920936,128348.20073664804
SY4,173400.0,132,121324.06472329551,127585.95509141115
SY4,174906.0,132,121092.07984542003,126830.79997900038
SY4,176424.0,132,120867.67584438829,126091.6191519065
SY4,177956.0,132,120630.77699961195,125356.98983025653
SY4,179501.0,132,120406.40057828854,124625.7001229625
SY4,181060.0,132,120166.101703565,123897.47500013279
SY4,182632.0,132,119933.7017188557,123163.54718475058
SY4,184218.0,132,119709.01357235879,122454.70079147947
SY4,185817.0,132,119480.00182284323,121729.84079919172
SY4,187431.0,132,119253.62948574564,121009.85200255552
SY4,189058.0,132,119021.67081858571,120334.26995079996
SY4,190700.0,132,118797.27760547628,119629.54761081857
SY4,192356.0,132,118551.70494777877,118952.54918755536
SY4,194026.0,132,118324.15359133159,118254.78502149317
SY4,195711.0,132,118103.48929038963,117597.08575283393
SY4,197410.0,132,117877.63835663193,116912.99442631558
SY4,199124.0,132,117648.80248910344,116249.37563998574
SY4,200853.0,132,117407.13347045513,115579.25831735598
SY4,202597.0,132,117176.85432885034,114926.07027114867
SY4,204356.0,132,116952.66995861595,114282.05750948354
SY4,206131.0,132,116722.70395615872,113638.74579181413
SY4,207921.0,132,116497.98376905735,113001.29650762618
SY4,209726.0,132,116263.96298384074,112358.75475573487
SY4,211547.0,132,116021.79895273985,111734.15655944672
SY4,213384.0,132,115810.6394765624,111106.9214010575
SY4,215237.0,132,115580.48993952479,110471.18611214752
SY4,217106.0,132,115349.17314229564,109866.64903434535
SY4,218991.0,132,115105.15701101488,109250.95317649566
SY4,220892.0,132,114894.78058449525,108642.99607531849
SY4,222810.0,132,114673.89947765057,108037.14566296047
SY4,224745.0,132,114443.49482693394,107450.05086098623
SY4,226696.0,132,114202.35165232338,106855.58604267963
SY4,228665.0,132,113989.85800787297,106259.70112926925
SY4,230650.0,132,113755.37232303253,105690.99722012228
SY4,232653.0,132,113517.58827193615,105105.19146172934
SY4,234673.0,132,113290.87876671234,104524.2426480822
SY4,236711.0,132,113074.08248632154,103953.27673942684
SY4,238766.0,132,112839.44327626882,103400.11108150434
SY4,240839.0,132,112623.51578160956,102832.55339354168
SY4,242930.0,132,112389.85677114307,102271.56255157862
SY4,245040.0,132,112166.21399538817,101718.24143355132
SY4,247167.0,132,111940.14276930295,101179.75443388223
SY4,249314.0,132,111708.60562909555,100631.96280179828
SY4,251478.0,132,111489.85176981703,100083.30709551825
SY4,253662.0,132,111256.73344035109,99563.43626349742
SY4,255864.0,132,111035.67918405705,99029.34432253249
SY4,258086.0,132,110800.17754604071,98488.56435459113
SY4,260327.0,132,110587.22114980358,97992.18858120524
SY4,262588.0,132,110360.53437765459,97451.42369866036
SY4,264868.0,132,110134.25745647095,96938.34958933815
SY4,267167.0,132,109910.01065899397,96423.79172558567
SY4,269487.0,132,109678.58468612273,95918.66607612261
SY4,271827.0,132,109459.54528003291,95427.44327302481
SY4,274187.0,132,109256.59562360849,94930.12294522369
SY4,276568.0,132,109015.24244859413,94424.6387505574
SY4,278970.0,132,108788.73985887009,93925.79195082937
SY4,281392.0,132,108561.35191840163,93429.59175580481
SY4,283835.0,132,108333.5959192234,92960.09513951819
SY4,286300.0,132,108111.38764488793,92472.33932128028
SY4,288786.0,132,107895.13322197882,91998.18789290037
SY4,291293.0,132,107671.03897582302,91520.26474435962
SY4,293823.0,132,107448.2528534103,91048.93872699937
SY4,296374.0,132,107235.91937398879,90586.4140401473
SY4,298947.0,132,107011.82640423677,90118.07114390169
SY4,301543.0,132,106783.01053378322,89662.89763133666
SY4,304161.0,132,106578.40232828938,89201.90920408635
SY4,306802.0,132,106340.45416404108,88749.93136130308
SY4,309466.0,132,106118.6165685438,88308.69234930382
SY4,312153.0,132,105902.19615980974,87856.46031442106
SY4,314864.0,132,105683.46098973234,87417.77825111206
SY4,317598.0,132,105467.35518488198,86968.40639926524
SY4,320355.0,132,105253.75157419295,86533.03819018374
SY4,323137.0,132,105021.67146975017,86100.75057266006
SY4,325943.0,132,104798.74436586877,85693.42479143252
SY4,328773.0,132,104589.59759867581,85239.81090652557
SY4,331628.0,132,104365.03845694276,84818.1906407303
SY4,334507.0,132,104147.71809328039,84399.47804813273
SY4,337412.0,132,103935.47295380193,83981.92737719533
SY4,340341.0,132,103712.74110938229,83563.16733865447
SY4,343297.0,132,103499.55876832291,83157.20700524638
SY4,346278.0,132,103280.81466453554,82746.7908140605
SY4,349284.0,132,103062.38726526094,82343.44427264071
SY4,352317.0,132,102849.9478673683,81938.99166007161
SY4,355376.0,132,102630.19850188521,81535.18841548252
SY4,358462.0,132,102415.53707558567,81138.34464527904
SY4,361574.0,132,102205.60906497866,80742.90754147245
SY4,364714.0,132,101988.82730048317,80361.39671383682
SY4,367881.0,132,101770.9227064088,79967.96261130169
SY4,371075.0,132,101561.21121124753,79583.79598627384
SY4,374297.0,132,101347.46101722732,79202.39607527957
SY4,377547.0,132,101130.96517453592,78821.04597041992
SY4,380825.0,132,100916.11600216184,78444.57442746533
SY4,384132.0,132,100704.3744907139,78070.69433765813
SY4,387468.0,132,100488.62879454486,77694.7376925947
SY4,390832.0,132,100274.23561122392,77338.44174575918
SY4,394225.0,132,100069.74716477665,76963.40757601007
SY4,397649.0,132,99862.30490955882,76598.24654469504
SY4,401101.0,132,99613.81475894495,76282.6255224596
SY4,404584.0,132,99439.5621189504,75884.6566259542
SY4,408097.0,132,99217.60403393369,75521.45690811252
SY4,411641.0,132,99021.09830509452,75168.45943575267
SY4,415215.0,132,98804.35926402465,74813.28948790714
SY4,418820.0,132,98593.65322850543,74476.29659385266
SY4,422457.0,132,98387.57814651841,74126.35908766511
SY4,426125.0,132,98187.22998316378,73785.660041066
SY4,429825.0,132,97973.73739083274,73438.63745918688
SY4,433557.0,132,97764.120629438,73099.38991731686
SY4,437322.0,132,97553.62535908283,72765.3620238883
SY4,441119.0,132,97350.81394186422,72433.10372118508
SY4,444949.0,132,97137.769851183,72097.74405741117
SY4,448813.0,132,96936.77658007358,71770.03216494914
SY4,452710.0,132,96731.50266737671,71443.86534229378
SY4,456641.0,132,96519.78471266225,71121.78607520332
SY4,460606.0,132,96322.0142932189,70795.16207291269
SY4,464605.0,132,96115.16888687886,70478.9426935816
SY4,468639.0,132,95911.39799080076,70165.17477269266
SY4,472708.0,132,95709.53048814299,69845.31325279451
SY4,476813.0,132,95497.68680742462,69536.5512358009
SY4,480953.0,132,95295.1136024567,69219.43653791932
SY4,485129.0,132,95099.82861610767,68901.52264504557
SY4,489341.0,132,94892.67040781942,68606.82258983259
SY4,493590.0,132,94684.89498493813,68301.21036144666
SY4,497876.0,132,94493.59138349279,67999.11367458885
SY4,502199.0,132,94289.23062650047,67695.5599164116
SY4,506560.0,132,94084.78738947614,67398.58540557095
SY4,510958.0,132,93887.43842117468,67101.37120716847
SY4,515395.0,132,93684.8306030135,66801.79950534558
SY4,519870.0,132,93476.24719737827,66516.08845930635
SY4,524384.0,132,93273.92056481587,66224.11179982983
SY4,528937.0,132,93078.46845765904,65935.91632064858
SY4,533530.0,132,92875.79234633889,65643.95418430502
SY4,538163.0,132,92670.11126642492,65361.399470342694
SY4,542836.0,132,92479.53728983663,65075.072346280525
SY4,547549.0,132,92270.84850442951,64799.24912575071
SY4,552303.0,132,92076.45599921593,64517.90364563995
SY4,557099.0,132,91879.56392877847,64240.887970206764
SY4,561936.0,132,91677.1595725324,63961.77099845839
SY4,566816.0,132,91482.28824934541,63696.285123726986
SY4,571737.0,132,91288.00703036548,63414.45123275942
SY4,576702.0,132,91093.20221516542,63146.51413502811
SY4,581709.0,132,90889.19479370293,62876.00751824839
SY4,586760.0,132,90693.81195813669,62613.607897082664
SY4,591855.0,132,90495.81770891552,62354.31627709953
SY4,596994.0,132,90302.21339126061,62082.25415110581
SY4,602178.0,132,90107.4441674738,61825.45050911831
SY4,607406.0,132,89918.4839579086,61568.470931836295
SY4,612680.0,132,89722.02793850584,61306.84243496914
SY4,618000.0,132,89523.3514578266,61053.351087399395
SY4,623366.0,132,89333.16523785035,60798.32000047807
SY4,628779.0,132,89137.75473055654,60542.48339702345
SY4,634239.0,132,88947.15943605907,60297.85653447413
SY4,639746.0,132,88755.01759031425,60047.16948560942
SY4,645301.0,132,88558.4361073271,59798.88311707896
SY4,650904.0,132,88367.6175347551,59556.02836022857
SY4,656556.0,132,88198.47585142663,59294.85081709657
SY4,662257.0,132,87990.7086976986,59068.69308180602
SY4,668007.0,132,87799.00331799567,58822.034699708
SY4,673807.0,132,87609.45825141434,58586.11170307141
SY4,679658.0,132,87416.90259797043,58356.27419078598
SY4,685559.0,132,87230.85191019908,58110.87978896771
SY4,691512.0,132,87040.17109962065,57872.2797504934
SY4,697516.0,132,86850.87197305661,57647.44460736044
SY4,703573.0,132,86670.9355995412,57419.335400243355
SY4,709682.0,132,86478.93151077519,57190.76478857612
SY4,715844.0,132,86298.13928099714,56957.8288922623
SY4,722060.0,132,86115.55670620938,56738.550162062864
SY4,728330.0,132,85932.30749890028,56509.042821863295
SY4,734654.0,132,85740.15424411665,56284.987362286425
SY4,741033.0,132,85550.76455455468,56059.65426777316
SY4,747467.0,132,85364.93113776349,55836.77805215685
SY4,753957.0,132,85187.27725736267,55618.94365449803
SY4,760504.0,132,84996.88752079927,55402.22104153936
SY4,767107.0,132,84814.24484404582,55191.46674214337
SY4,773768.0,132,84628.70144242149,54978.05306090393
SY4,780487.0,132,84449.15734783215,54764.84136767609
SY4,787264.0,132,84268.63387285804,54551.089401235586
SY4,794099.0,132,84084.86912552,54340.33498001539
SY4,800995.0,132,83903.83313890967,54124.36749613107
SY4,807950.0,132,83720.14594969414,53928.93217835015
SY4,814965.0,132,83530.75592120283,53716.422091833294
SY4,822041.0,132,83355.01178807899,53509.06317861436
SY4,829179.0,132,83179.61700943821,53302.013154624496
SY4,836379.0,132,82997.4823851315,53102.987695452444
SY4,843641.0,132,82821.14339460286,52902.80787787485
SY4,850966.0,132,82639.84238116114,52707.832095561265
SY4,858355.0,132,82463.14773685481,52508.114250201
SY4,865808.0,132,82284.20224546686,52303.99349022049
SY4,873326.0,132,82101.58583653066,52106.26585417009
SY4,880909.0,132,81935.26850610557,51917.09814632787
SY4,888558.0,132,81753.87385143408,51718.808655950466
SY4,896273.0,132,81578.27186320943,51531.595754398295
SY4,904056.0,132,81406.09897902956,51341.17803296034
SY4,911906.0,132,81225.84223393422,51144.50541104423
SY4,919824.0,132,81049.1888660925,50958.63466326698
SY4,927811.0,132,80877.03690687894,50776.56748861351
SY4,935867.0,132,80697.83602983896,50587.709339853085
SY4,943993.0,132,80529.2259955716,50403.14567790401
SY4,952190.0,132,80360.39084067331,50213.380216449004
SY4,960457.0,132,80179.23511447156,50038.525008862234
SY4,968797.0,132,80011.7010118238,49850.960875635166
SY4,977209.0,132,79838.46297516384,49668.58393375771
SY4,985694.0,132,79671.37838698506,49488.48746918795
SY4,994253.0,132,79495.782291253,49308.87599403776
SY4,10000.0,30,163001.15356299607,267064.9600023429
SY4,10086.8,30,162761.53116449097,265170.3266228527
SY4,10174.4,30,162530.48127420535,263287.7383885924
SY4,10262.8,30,162298.6936677681,261425.69251671786
SY4,10351.9,30,162057.29217078834,259568.61458574652
SY4,10441.8,30,161827.68587437703,257741.53999079988
SY4,10532.4,30,161594.29946206135,255934.25483151228
SY4,10623.9,30,161354.48211908783,254127.49309294502
SY4,10716.1,30,161122.14994460222,252348.00921349137
SY4,10809.2,30,160882.95675115223,250574.98523350232
SY4,10903.0,30,160649.12738690132,248832.04792225055
SY4,10997.7,30,160414.22507793296,247087.04787393814
SY4,11093.2,30,160168.51990563126,245362.75932278892
SY4,11189.5,30,159932.61054059502,243651.09548184252
SY4,11286.7,30,159692.89850398275,241955.36563450386
SY4,11384.7,30,159448.64771937887,240274.17319874078
SY4,11483.5,30,159209.968801678,238615.19280134846
SY4,11583.2,30,158970.1423895739,236961.8433456978
SY4,11683.8,30,158728.94513725705,235323.56673885818
SY4,11785.3,30,158485.97678031973,233699.54347149702
SY4,11887.6,30,158243.56407826292,232093.84149850596
SY4,11990.8,30,157999.5393007259,230493.5212996411
SY4,12094.9,30,157755.65494592165,228913.11483758056
SY4,12199.9,30,157508.4800922304,227344.78959020716
SY4,12305.9,30,157261.92263143137,225789.76953402226
SY4,12412.7,30,157023.5265404324,224244.5063700335
SY4,12520.5,30,156772.14711311157,222712.03166603815
SY4,12629.2,30,156530.24446443378,221204.0917345097
SY4,12738.9,30,156282.59324650382,219696.5193758703
SY4,12849.5,30,156036.42859661448,218205.14036555108
SY4,12961.1,30,155781.71686219555,216726.9407049945
SY4,13073.6,30,155539.74711371682,215261.02057094366
SY4,13187.1,30,155290.31176401768,213811.75089692982
SY4,13301.6,30,155040.37358776823,212366.51527326702
SY4,13417.1,30,154792.9035160555,210940.2106684252
SY4,13533.6,30,154541.75053896738,209521.9122449115
SY4,13651.1,30,154292.14107505797,208117.0518074151
SY4,13769.7,30,154041.6898000725,206720.0014769675
SY4,13889.2,30,153793.63952825835,205341.00512669544
SY4,14009.8,30,153538.697098974,203968.18712395418
SY4,14131.5,30,153288.2337483589,202612.805418972
SY4,14254.2,30,153039.96301753915,201267.24578281833
SY4,14378.0,30,152782.20771221787,199929.1674636566
SY4,14502.8,30,152538.48079727325,198603.9114406742
SY4,14628.7,30,152285.9606772345,197292.5044699664
SY4,14755.7,30,152035.62635244842,195993.2595511947
SY4,14883.9,30,151776.11756352958,194690.7638912947
SY4,15013.1,30,151528.91552213687,193416.00779077073
SY4,15143.5,30,151276.172381593,192148.6892875032
SY4,15275.0,30,151022.34496075546,190890.21712933577
SY4,15407.6,30,150769.57953301148,189636.39463466575
SY4,15541.4,30,150512.58183579776,188398.81634976354
SY4,15676.3,30,150261.72613651885,187172.7031995948
SY4,15812.4,30,150008.69029937265,185956.28274153254
SY4,15949.7,30,149755.24311291988,184744.35153210044
SY4,16088.2,30,149495.72703886108,183545.66400240368
SY4,16227.9,30,149244.49199259919,182358.02056441514
SY4,16368.8,30,148987.79619738727,181178.18161570877
SY4,16511.0,30,148733.24997811334,180007.5539159866
SY4,16654.3,30,148479.6568235337,178850.96244906538
SY4,16798.9,30,148223.1121572348,177704.15406570793
SY4,16944.8,30,147969.4359901341,176565.16349303717
SY4,17091.9,30,147713.7497944196,175430.63106832636
SY4,17240.3,30,147456.11367895416,174312.32698742
SY4,17390.0,30,147202.10534429902,173196.32275317056
SY4,17541.0,30,146942.631598622,172094.54335184486
SY4,17693.3,30,146692.03760466457,170996.27162681113
SY4,17847.0,30,146432.29420009063,169915.45468571695
SY4,18001.9,30,146179.0550661615,168839.4427870246
SY4,18158.2,30,145924.20661357068,167766.6297697267
SY4,18315.9,30,145667.29569815088,166715.28896212106
SY4,18474.9,30,145412.11472867074,165660.7826731136
SY4,18635.4,30,145155.49723493448,164616.47250191137
SY4,18797.2,30,144897.47356333028,163585.70002711038
SY4,18960.4,30,144644.55547590335,162561.28887447875
SY4,19125.0,30,144389.16691139896,161543.2581924718
SY4,19291.1,30,144126.60135278245,160535.872264666
SY4,19458.6,30,143875.85401037632,159534.8041501269
SY4,19627.5,30,143619.67468129916,158543.28713059778
SY4,19798.0,30,143364.22165705415,157558.53697845686
SY4,19969.9,30,143104.6256376739,156583.94549972125
SY4,20143.3,30,142850.9923339473,155614.54793606087
SY4,20318.2,30,142591.6462410643,154652.8524336366
SY4,20494.6,30,142334.79835226812,153705.44764196777
SY4,20672.6,30,142076.3594164108,152758.1168900243
SY4,20852.1,30,141823.11252877352,151818.7027307252
SY4,21033.1,30,141565.4841859021,150890.6672229999
SY4,21215.7,30,141311.2335038692,149972.6191456839
SY4,21400.0,30,141052.40211829366,149053.95545608312
SY4,21585.8,30,140798.03744915238,148147.34297244242
SY4,21773.2,30,140538.50460569913,147239.45877634417
SY4,21962.3,30,140285.919354897,146353.21650908905
SY4,22153.0,30,140031.04117432426,145460.41910450722
SY4,22345.3,30,139769.64122104258,144588.16327014114
SY4,22539.3,30,139514.88213886003,143715.51462234592
SY4,22735.0,30,139261.9158374057,142853.06283032201
SY4,22932.5,30,138997.61104102866,141998.17685109924
SY4,23131.6,30,138744.48096641852,141140.0980697015
SY4,23332.4,30,138495.90746818567,140294.33492187748
SY4,23535.0,30,138234.19783615856,139457.00944705142
SY4,23739.4,30,137983.36471853132,138626.4223805661
SY4,23945.5,30,137725.39746697084,137804.26342534405
SY4,24153.4,30,137474.7813972346,136980.91582519707
SY4,24363.1,30,137219.19170643974,136171.8262194364
SY4,24574.7,30,136965.33679080117,135366.38058137245
SY4,24788.1,30,136707.7982660546,134563.93359658885
SY4,25003.3,30,136456.4761724079,133770.89389322183
SY4,25220.4,30,136203.452228409,132985.4790604241
SY4,25439.4,30,135946.85730242525,132205.3120017201
SY4,25660.3,30,135695.2154315028,131430.7793728586
SY4,25883.1,30,135439.0770103676,130662.77550414264
SY4,26107.8,30,135187.26274030496,129902.87640570174
SY4,26334.5,30,134932.33135141703,129144.33520413368
SY4,26563.2,30,134678.154831785,128390.84473292813
SY4,26793.8,30,134428.5746789881,127648.68754431799
SY4,27026.5,30,134174.43645660582,126910.40654497931
SY4,27261.2,30,133918.76554552992,126177.03894229559
SY4,27497.9,30,133669.44793429528,125448.03647683939
SY4,27736.6,30,133416.25667669537,124725.17759039954
SY4,27977.5,30,133163.39942819934,124008.3924535645
SY4,28220.4,30,132914.71464935676,123300.3164074643
SY4,28465.4,30,132661.13393926976,122595.91514360445
SY4,28712.6,30,132412.08378734792,121893.57301388934
SY4,28961.9,30,132162.94295693233,121200.96270371723
SY4,29213.4,30,131908.80762373636,120510.10189755872
SY4,29467.1,30,131659.42594685795,119829.42624974923
SY4,29722.9,30,131408.77721839427,119149.18807599312
SY4,29981.0,30,131161.32497562093,118475.51745483516
SY4,30241.3,30,130909.74249183536,117809.61878658031
SY4,30503.9,30,130661.69466663804,117143.85888320557
SY4,30768.8,30,130410.49549516114,116487.4489660152
SY4,31035.9,30,130160.57287371672,115836.46690541606
SY4,31305.4,30,129914.60023150606,115186.34878562937
SY4,31577.2,30,129666.24298315393,114545.2288768013
SY4,31851.4,30,129418.19496072998,113906.13998305911
SY4,32128.0,30,129169.53526459992,113270.26702099516
SY4,32407.0,30,128921.25228444194,112643.21162316704
SY4,32688.3,30,128674.9873495909,112020.77110342006
SY4,32972.2,30,128428.08856823498,111403.7524770663
SY4,33258.5,30,128181.11218106748,110788.28012960247
SY4,33547.3,30,127932.49201319982,110178.84152494589
SY4,33838.6,30,127687.06609455633,109573.32710533359
SY4,34132.4,30,127441.27593202147,108970.98310799438
SY4,34428.7,30,127197.51120765322,108374.20584781785
SY4,34727.7,30,126951.20445957832,107783.64294838462
SY4,35029.2,30,126706.30525548024,107194.59261953372
SY4,35333.4,30,126462.72093610876,106612.64732002364
SY4,35640.2,30,126221.02294277125,106036.33343927312
SY4,35949.6,30,125974.14822828161,105460.43435567617
SY4,36261.8,30,125728.68058024994,104893.04761559534
SY4,36576.7,30,125488.93129676065,104324.6992848215
SY4,36894.3,30,125241.34449690524,103764.85643791998
SY4,37214.6,30,124999.69668286316,103207.52595112693
SY4,37537.7,30,124759.8026953793,102655.47708188544
SY4,37863.7,30,124516.4170095732,102103.99757816512
SY4,38192.4,30,124276.86740606996,101557.99278139857
SY4,38524.1,30,124033.4345712607,101017.97347010912
SY4,38858.6,30,123791.6225891552,100480.44775026068
SY4,39196.0,30,123550.82398792884,99945.62839123592
SY4,39536.3,30,123312.8857583156,99416.76572868173
SY4,39879.6,30,123071.97588227264,98891.59444082614
SY4,40225.9,30,122835.22629841203,98372.26750202509
SY4,40575.2,30,122594.01312237441,97851.50288462588
SY4,40927.5,30,122355.2523398751,97339.01236130831
SY4,41282.9,30,122116.04272146952,96830.67383932149
SY4,41641.3,30,121880.13282514841,96322.49942648159
SY4,42002.9,30,121638.91069449238,95818.73971619755
SY4,42367.6,30,121401.10412606111,95322.08136915338
SY4,42735.5,30,121165.39793187795,94822.56205517681
SY4,43106.5,30,120931.46219665471,94332.54643532707
SY4,43480.8,30,120691.6267846785,93843.93948540579
SY4,43858.4,30,120454.99170693102,93358.39210634839
SY4,44239.2,30,120222.67153394273,92877.08568184442
SY4,44623.3,30,119987.11116325187,92399.84605805374
SY4,45010.8,30,119748.48232804543,91924.10266380032
SY4,45401.6,30,119517.57252983421,91453.79923574827
SY4,45795.8,30,119284.65974521401,90987.74276101848
SY4,46193.5,30,119049.75855352994,90519.67000298912
SY4,46594.6,30,118818.16335010409,90060.81334022875
SY4,46999.2,30,118585.17666144908,89601.35218128862
SY4,47407.3,30,118352.11795292303,89145.53709938709
SY4,47818.9,30,118119.70969583157,88694.52392917198
SY4,48234.1,30,117889.7695492234,88243.52924102187
SY4,48652.9,30,117657.66916639454,87802.86661830153
SY4,49075.4,30,117429.17958060667,87360.47223548945
SY4,49501.5,30,117197.7592787494,86915.66048337032
SY4,49931.3,30,116971.7658190074,86485.06710624915
SY4,50364.9,30,116734.93938544442,86055.92908693175
SY4,50802.2,30,116518.05800856836,85621.70999537085
SY4,51243.3,30,116289.82808212187,85204.20528610614
SY4,51688.2,30,116055.0232167052,84780.59146413844
SY4,52137.0,30,115826.90201833441,84361.21534055093
SY4,52589.8,30,115594.53058308926,83950.43999246822
SY4,53046.4,30,115369.85722044882,83532.87624785067
SY4,53507.0,30,115137.36967333076,83122.80914640188
SY4,53971.6,30,114909.23480058587,82722.50760277816
SY4,54440.2,30,114671.95940843307,82312.79059377071
SY4,54912.9,30,114442.87249445484,81915.82990353253
SY4,55389.7,30,114218.91483420249,81519.09214924529
SY4,55870.7,30,113997.93392234022,81112.37405924521
SY4,56355.8,30,113779.24399395876,80725.17699864498
SY4,56845.1,30,113566.36394202322,80328.55387661184
SY4,57338.7,30,113336.40889638604,79930.49121221999
SY4,57836.6,30,113119.12537829584,79545.70345377228
SY4,58338.8,30,112899.26232729034,79161.02872286427
SY4,58845.3,30,112673.6620765158,78792.1242155586
SY4,59356.3,30,112443.99029269976,78487.24539893442
SY4,59871.7,30,112241.81376345918,78030.14086752439
SY4,60391.6,30,112012.63385492114,77656.70997917031
SY4,60915.9,30,111796.60070286057,77283.24475773713
SY4,61444.9,30,111583.35386618208,76914.70543892912
SY4,61978.4,30,111366.73349491692,76533.65330125623
SY4,62516.5,30,111137.57337039421,76175.86127173103
SY4,63059.4,30,110918.78249850901,75823.47880220127
SY4,63606.9,30,110694.74311566468,75470.35754489564
SY4,64159.2,30,110490.73473906911,75092.52681878247
SY4,64716.3,30,110282.8170436265,74732.22358896951
SY4,65278.2,30,110064.19387260506,74381.0251081591
SY4,65845.1,30,109841.025388141,74031.54049167882
SY4,66416.8,30,109616.28629684186,73686.30571581771
SY4,66993.5,30,109390.14708963568,73338.75207468691
SY4,67575.2,30,109179.00908749315,73001.25657699887
SY4,68161.9,30,108964.64007166587,72648.12735415241
SY4,68753.8,30,108733.49333306223,72320.62081000328
SY4,69350.8,30,108533.00452016803,71978.71343643224
SY4,69952.9,30,108310.05864753414,71641.84290250429
SY4,70560.3,30,108093.34971243392,71310.16750652538
SY4,71173.0,30,107884.37572101745,70972.76612618819
SY4,71791.0,30,107685.05666973797,70647.11055689883
SY4,72414.4,30,107459.64585712872,70316.13962984097
SY4,73043.1,30,107244.43800745875,69996.61728926573
SY4,73677.4,30,107030.79640415146,69683.09313871524
SY4,74317.1,30,106824.90920222906,69357.26885958624
SY4,74962.4,30,106614.80556090582,69032.14398557632
SY4,75613.3,30,106410.02005323049,68716.23758314915
SY4,76269.9,30,106204.03031174949,68405.7930544834
SY4,76932.1,30,106006.97858015039,68097.6044312621
SY4,77600.1,30,105820.26393313437,67829.30011242954
SY4,78273.9,30,105580.6510432823,67477.25339194437
SY4,78953.6,30,105361.64517520343,67174.4871522549
SY4,79639.1,30,105167.2450541109,66869.19891473558
SY4,80330.6,30,104962.22369060319,66564.03607283474
SY4,81028.1,30,104760.82546368516,66259.03834037491
SY4,81731.7,30,104548.6213704717,65961.95105410594
SY4,82441.4,30,104336.95567897064,65670.66830482084
SY4,83157.2,30,104137.18271387469,65374.023867400836
SY4,83879.3,30,103925.00585772056,65077.84297009101
SY4,84607.6,30,103729.02066313059,64785.372169092996
SY4,85342.2,30,103526.9146093885,64492.73757360382
SY4,86083.2,30,103325.83616706434,64209.37955347367
SY4,86830.7,30,103122.68288950919,63925.31769277872
SY4,87584.7,30,102916.55918973082,63639.263189461744
SY4,88345.2,30,102721.3956397612,63360.82019999581
SY4,89112.3,30,102516.27967842686,63081.01555761887
SY4,89886.0,30,102309.55556759628,62798.33681379593
SY4,90666.5,30,102118.5328278121,62519.248960721394
SY4,91453.7,30,101911.56808657301,62256.16985100105
SY4,92247.8,30,101712.20351136076,61970.92930952728
SY4,93048.8,30,101509.6307799592,61701.35256898415
SY4,93856.8,30,101304.1272264581,61435.121037971025
SY4,94671.7,30,101110.32804720268,61165.87101009171
SY4,95493.8,30,100918.73158976725,60900.89531441306
SY4,96322.9,30,100715.59683950739,60633.326222653675
SY4,97159.3,30,100520.14618446853,60369.708457283254
SY4,98002.9,30,100327.35391098217,60108.19947281889
SY4,98853.9,30,100125.78455968872,59844.562557806865
SY4,99712.2,30,99932.67726065603,59585.543395770525
SY4,100578.0,30,99732.03278344008,59332.43902276011
SY4,101451.0,30,99541.4128643148,59064.60053708413
SY4,102332.0,30,99336.5814494755,58817.482090139274
SY4,103221.0,30,99149.58988239468,58561.018285878505
SY4,104117.0,30,98960.3197719856,58303.94881035704
SY4,105021.0,30,98765.36450783726,58060.747076765874
SY4,105933.0,30,98571.69257019015,57810.39476463706
SY4,106853.0,30,98372.64534166911,57553.91075673039
SY4,107781.0,30,98182.09857341622,57307.49097585287
SY4,108716.0,30,97992.90917248822,57063.0043946779
SY4,109660.0,30,97798.08379564814,56819.80137794947
SY4,110613.0,30,97606.91741968157,56580.52340230575
SY4,111573.0,30,97412.06813063772,56334.77184640458
SY4,112542.0,30,97220.05967345156,56093.608672864066
SY4,113519.0,30,97041.62810943478,55845.81822874141
SY4,114505.0,30,96841.59614339138,55612.8668686651
SY4,115499.0,30,96657.32271353243,55383.50573367983
SY4,116502.0,30,96468.18858945962,55141.9199592058
SY4,117513.0,30,96286.79543932491,54910.99621145586
SY4,118534.0,30,96095.82817041675,54681.24331065628
SY4,119563.0,30,95907.73472570283,54449.3057038654
SY4,120601.0,30,95725.40304965303,54213.31686648223
SY4,121648.0,30,95535.12718374337,53988.45958601958
SY4,122705.0,30,95350.38292227269,53760.072746541904
SY4,123770.0,30,95165.93200479262,53533.34350571098
SY4,124845.0,30,94980.145325679,53308.65510855102
SY4,125929.0,30,94802.67769658075,53079.00992695501
SY4,127022.0,30,94618.27680866735,52856.09740520175
SY4,128125.0,30,94429.30174137765,52634.686538094466
SY4,129238.0,30,94252.81930383237,52411.33126328963
SY4,130360.0,30,94065.85837769177,52191.78926497006
SY4,131492.0,30,93884.34818556703,51980.12613210815
SY4,132634.0,30,93700.9894634477,51760.08392600071
SY4,133785.0,30,93520.29188219916,51539.11955710043
SY4,134947.0,30,93343.23355635014,51325.63633983787
SY4,136119.0,30,93163.04872611898,51121.15313820384
SY4,137300.0,30,92983.79746200598,50904.610983242856
SY4,138493.0,30,92802.94870025307,50683.78265237969
SY4,139695.0,30,92622.20837519011,50475.572613777294
SY4,140908.0,30,92447.48625337142,50268.035081398746
SY4,142132.0,30,92265.60279122225,50061.319792549795
SY4,143366.0,30,92092.23192783509,49848.72843541323
SY4,144611.0,30,91911.7388461858,49644.88258699486
SY4,145866.0,30,91742.04921953878,49436.4275974606
SY4,147133.0,30,91560.0448035751,49238.59432904231
SY4,148410.0,30,91383.52582858513,49031.66129254741
SY4,149699.0,30,91213.48571773157,48830.177044443095
SY4,150999.0,30,91038.39777226136,48626.72244191838
SY4,152310.0,30,90859.01411371336,48423.34273562292
SY4,153633.0,30,90691.16493526753,48220.73865892206
SY4,154966.0,30,90517.38453407132,48026.45596221122
SY4,156312.0,30,90345.13947354286,47824.58953400627
SY4,157669.0,30,90167.75659392605,47629.80099750187
SY4,159038.0,30,89995.9280181605,47443.04671582674
SY4,160419.0,30,89837.00344822071,47237.71012597226
SY4,161812.0,30,89657.81481810004,47047.25441424226
SY4,163217.0,30,89489.8156801293,46854.57016347976
SY4,164634.0,30,89315.56146007955,46659.90444362061
SY4,166064.0,30,89154.43760100397,46464.86749230612
SY4,167506.0,30,88978.3106857394,46282.27292029504
SY4,168960.0,30,88816.20108087311,46092.63211612725
SY4,170427.0,30,88644.46697236542,45905.94977895908
SY4,171907.0,30,88477.57113358556,45720.47221048421
SY4,173400.0,30,88314.09438551971,45530.19746194855
SY4,174906.0,30,88145.024383381,45338.1240797674
SY4,176424.0,30,87974.55991180181,45159.224239590585
SY4,177956.0,30,87812.10473869374,44972.4754343723
SY4,179501.0,30,87645.48113263519,44789.09330983589
SY4,181060.0,30,87483.4220801879,44606.5762686623
SY4,182632.0,30,87317.52566550727,44428.70718821046
SY4,184218.0,30,87153.84284113221,44250.866227624305
SY4,185817.0,30,86992.97952815902,44058.86506671352
SY4,187431.0,30,86827.611739053,43880.89817683424
SY4,189058.0,30,86667.4972226419,43708.29824165951
SY4,190700.0,30,86538.06479946879,43563.482077463
SY4,192356.0,30,86374.20684562359,43391.09105492713
SY4,194026.0,30,86213.6566492537,43219.45625401658
SY4,195711.0,30,86053.68715359102,43054.91216247709
SY4,197410.0,30,85888.16321557085,42863.6303023409
SY4,199124.0,30,85733.51312221793,42694.720697210476
SY4,200853.0,30,85571.50545421816,42516.418565545144
SY4,202597.0,30,85415.87273036137,42350.46356075322
SY4,204356.0,30,85258.19421882465,42172.40858010762
SY4,206131.0,30,85101.35054547152,42003.908944404284
SY4,207921.0,30,84934.55205835676,41831.10270397356
SY4,209726.0,30,84795.97385154697,41660.83798514857
SY4,211547.0,30,84632.75425381928,41499.263064903025
SY4,213384.0,30,84487.62372489295,41328.82310571624
SY4,215237.0,30,84320.97551032998,41169.81897932286
SY4,217106.0,30,84164.93421604524,40997.26079257609
SY4,218991.0,30,84009.6625367925,40838.9340332911
SY4,220892.0,30,83871.46959439403,40672.084305466604
SY4,222810.0,30,83705.33956792514,40506.745076227344
SY4,224745.0,30,83564.32111175392,40333.613977481924
SY4,226696.0,30,83415.6252829872,40185.94017012553
SY4,228665.0,30,83259.13284018112,40017.66758932608
SY4,230650.0,30,83107.52103487683,39853.9492939706
SY4,232653.0,30,82956.18922987668,39692.37504363564
SY4,234673.0,30,82803.34972525122,39536.69107213314
SY4,236711.0,30,82656.1827222443,39378.945234385465
SY4,238766.0,30,82506.19268145085,39215.827233607844
SY4,240839.0,30,82361.98994888365,39053.22451628144
SY4,242930.0,30,82205.08313311584,38904.69131494993
SY4,245040.0,30,82058.5420263258,38743.17239764497
SY4,247167.0,30,81920.47790869589,38595.139945292794
SY4,249314.0,30,81768.57267939001,38427.87595147006
SY4,251478.0,30,81632.30958237151,38284.89734576637
SY4,253662.0,30,81485.1289785863,38126.729406388135
SY4,255864.0,30,81338.88151541029,37973.716283597976
SY4,258086.0,30,81192.79663699266,37818.73594670266
SY4,260327.0,30,81055.31213457893,37663.6630365751
SY4,262588.0,30,80907.14001805671,37518.94876367321
SY4,264868.0,30,80777.17959701309,37362.28423793129
SY4,267167.0,30,80623.88776705293,37211.63863834956
SY4,269487.0,30,80485.70944922297,37062.357477523765
SY4,271827.0,30,80337.28985443588,36912.809207708866
SY4,274187.0,30,80190.47641577352,36762.665704890525
SY4,276568.0,30,80069.58999172706,36618.66537052077
SY4,278970.0,30,79926.73133306467,36475.93738005036
SY4,281392.0,30,79785.27346925614,36330.481628834386
SY4,283835.0,30,79650.40468138925,36179.14435151478
SY4,286300.0,30,79515.4384133146,36039.68607787693
SY4,288786.0,30,79378.76896873256,35888.767001671375
SY4,291293.0,30,79239.00230713714,35746.984752726385
SY4,293823.0,30,79100.07774629287,35612.89055212744
SY4,296374.0,30,78961.70356067418,35456.652763181504
SY4,298947.0,30,78824.65688139957,35320.91366114936
SY4,301543.0,30,78692.90968575816,35174.01140167116
SY4,304161.0,30,78560.29552715422,35036.78805312052
SY4,306802.0,30,78427.00334592065,34885.48168456287
SY4,309466.0,30,78288.17070798445,34752.5527373544
SY4,312153.0,30,78161.26834153898,34612.31806649486
SY4,314864.0,30,78024.97773025036,34467.94951401141
SY4,317598.0,30,77897.41852352113,34336.71905747789
SY4,320355.0,30,77761.85633786926,34198.21755828443
SY4,323137.0,30,77639.4721664253,34063.245881576055
SY4,325943.0,30,77501.3558756788,33934.60157123341
SY4,328773.0,30,77373.80999018643,33787.2233755077
SY4,331628.0,30,77250.0288152611,33653.57532049202
SY4,334507.0,30,77117.1651163666,33523.65596828103
SY4,337412.0,30,76990.32931035807,33383.717225202214
SY4,340341.0,30,76868.18266466974,33251.88741169291
SY4,343297.0,30,76736.02739407684,33113.02922697534
SY4,346278.0,30,76604.39731059805,32973.473820228304
SY4,349284.0,30,76486.24322914529,32840.21172334569
SY4,352317.0,30,76353.87659756535,32715.21825450963
SY4,355376.0,30,76239.58439861394,32582.96753429673
SY4,358462.0,30,76115.19273731858,32449.395668589015
SY4,361574.0,30,75989.67431852671,32321.776661972093
SY4,364714.0,30,75867.26421795304,32187.64830445942
SY4,367881.0,30,75743.26605723139,32062.373192871895
SY4,371075.0,30,75620.08178135574,31933.841649763188
SY4,374297.0,30,75502.73096864592,31801.3998138418
SY4,377547.0,30,75379.72463486291,31676.191965455015
SY4,380825.0,30,75263.66362907647,31551.40636957166
SY4,384132.0,30,75145.66819172876,31420.86185579962
SY4,387468.0,30,75023.78806310272,31298.237352084958
SY4,390832.0,30,74909.41274208495,31166.747290988762
SY4,394225.0,30,74784.06336059092,31051.988265464985
SY4,397649.0,30,74668.99933001446,30920.209712596497
SY4,401101.0,30,74547.75567757772,30830.076273473416
SY4,404584.0,30,74436.9050490198,30672.1673184532
SY4,408097.0,30,74324.2177823129,30552.466248646266
SY4,411641.0,30,74205.6474628903,30427.750944351243
SY4,415215.0,30,74088.86500898408,30306.026471655758
SY4,418820.0,30,73978.34584390464,30187.292604113052
SY4,422457.0,30,73871.79237770624,30065.634413649947
SY4,426125.0,30,73754.26414652079,29943.25293399498
SY4,429825.0,30,73643.73678568256,29824.445472152598
SY4,433557.0,30,73528.11547738427,29702.957982986783
SY4,437322.0,30,73419.12924273947,29589.197871930744
SY4,441119.0,30,73308.84890987538,29467.59033965785
SY4,444949.0,30,73200.19611541684,29346.330379502113
SY4,448813.0,30,73087.81841698296,29236.741036950883
SY4,452710.0,30,72981.89565882659,29112.24684497394
SY4,456641.0,30,72877.11029451963,29000.440479330096
SY4,460606.0,30,72769.1772431672,28883.66249097531
SY4,464605.0,30,72659.18111336885,28774.84641869872
SY4,468639.0,30,72550.00264604781,28655.758095114572
SY4,472708.0,30,72449.10155249895,28540.358949139012
SY4,476813.0,30,72335.6296663658,28426.843264288
SY4,480953.0,30,72237.88588883246,28314.66307108652
SY4,485129.0,30,72128.57082680028,28206.33737571396
SY4,489341.0,30,72029.73609851673,28091.910480218143
SY4,493590.0,30,71921.62431262345,27977.60552635383
SY4,497876.0,30,71822.91989585813,27867.21629547861
SY4,502199.0,30,71718.93959536635,27756.90273647275
SY4,506560.0,30,71608.34899819132,27641.988351689615
SY4,510958.0,30,71508.42569367697,27530.162661569797
SY4,515395.0,30,71406.7559387302,27420.781418626677
SY4,519870.0,30,71304.6396449939,27307.051447981856
SY4,524384.0,30,71206.38043346809,27194.775095475088
SY4,528937.0,30,71097.24860063446,27082.594332503057
SY4,533530.0,30,71000.11882729456,26982.752369870323
SY4,538163.0,30,70902.55775872857,26873.048487145403
SY4,542836.0,30,70805.91584499038,26755.74972082848
SY4,547549.0,30,70698.44233606997,26646.76968940486
SY4,552303.0,30,70598.52418508462,26540.459539705866
SY4,557099.0,30,70501.65337421483,26429.355063797328
SY4,561936.0,30,70401.44259924996,26322.7210546782
SY4,566816.0,30,70308.22512796827,26219.21548641181
SY4,571737.0,30,70209.16192616253,26112.5060892711
SY4,576702.0,30,70115.05551280193,26009.130317385658
SY4,581709.0,30,70019.03684016193,25902.07856461694
SY4,586760.0,30,69922.48630234251,25799.649279073197
SY4,591855.0,30,69830.20544889593,25696.525947435242
SY4,596994.0,30,69736.03382294705,25592.244947461957
SY4,602178.0,30,69646.00572496105,25487.50798879766
SY4,607406.0,30,69551.04361182847,25387.806230422928
SY4,612680.0,30,69459.68521174238,25283.454559083348
SY4,618000.0,30,69370.02263617588,25179.814757384167
SY4,623366.0,30,69275.70084993163,25082.103318386417
SY4,628779.0,30,69189.02468284959,24978.763434685996
SY4,634239.0,30,69097.85091057976,24883.023819794926
SY4,639746.0,30,69010.44178051286,24783.53526261734
SY4,645301.0,30,68920.58200094824,24683.38387330864
SY4,650904.0,30,68835.02118892332,24584.851798913038
SY4,656556.0,30,68748.19043193608,24479.72384863925
SY4,662257.0,30,68659.02515954147,24387.63401085073
SY4,668007.0,30,68577.20278120114,24289.983951652724
SY4,673807.0,30,68491.23726186677,24196.052152565197
SY4,679658.0,30,68412.2036794474,24097.37690437812
SY4,685559.0,30,68318.09470270498,24003.930612330958
SY4,691512.0,30,68232.87291258501,23916.071593854773
SY4,697516.0,30,68157.7647077574,23817.373473077918
SY4,703573.0,30,68074.04385341478,23726.940937604435
SY4,709682.0,30,67994.16100025567,23634.70194405847
SY4,715844.0,30,67909.23302548846,23540.37205422374
SY4,722060.0,30,67832.06926001715,23451.842346372105
SY4,728330.0,30,67752.85687670398,23361.45837687141
SY4,734654.0,30,67671.80694083036,23264.550535078157
SY4,741033.0,30,67592.56236609316,23177.962117043044
SY4,747467.0,30,67514.32485469608,23089.65170595074
SY4,753957.0,30,67442.14218722818,23000.823812790575
SY4,760504.0,30,67356.65601273255,22916.565015619795
SY4,767107.0,30,67284.48146862701,22827.038980616948
SY4,773768.0,30,67210.30987267863,22740.02165113636
SY4,780487.0,30,67139.28793850425,22655.67385709565
SY4,787264.0,30,67064.70017981839,22567.419671462332
SY4,794099.0,30,66993.05585898495,22481.23997016411
SY4,800995.0,30,66921.35308726381,22395.46786608843
SY4,807950.0,30,66845.65525574124,22313.84517717833
SY4,814965.0,30,66761.76857185848,22239.87798136346
SY4,822041.0,30,66703.00003769535,22153.711794278555
SY4,829179.0,30,66634.32605756016,22071.39163457268
SY4,836379.0,30,66565.49141560751,21986.98220851123
SY4,843641.0,30,66490.93120762131,21908.309523139014
SY4,850966.0,30,66421.37124515211,21828.216375228185
SY4,858355.0,30,66354.88290357991,21749.535424059868
SY4,865808.0,30,66291.96658015273,21674.0859185196
SY4,873326.0,30,66226.07151935731,21595.4939912635
SY4,880909.0,30,66159.32386809049,21518.044069122898
SY4,888558.0,30,66097.31030347233,21438.57229645829
SY4,896273.0,30,66030.0727693427,21365.70085161693
SY4,904056.0,30,65964.82841414804,21289.40478650193
SY4,911906.0,30,65903.47629985787,21215.513297203284
SY4,919824.0,30,65841.4103595018,21140.378311328954
SY4,927811.0,30,65777.30844395845,21072.82336340094
SY4,935867.0,30,65716.00089034897,20994.516633537994
SY4,943993.0,30,65659.487639418,20925.829724959607
SY4,952190.0,30,65594.86375285992,20856.690838110255
SY4,960457.0,30,65535.98070531006,20786.090405323535
SY4,968797.0,30,65478.661516329026,20716.478768493744
SY4,977209.0,30,65418.26662040071,20647.265184187
SY4,985694.0,30,65363.26026925883,20582.872107827417
SY4,994253.0,30,65305.30660120463,20518.152489356526
SY4,10000.0,51,170036.76494408576,385543.1787841792
SY4,10086.8,51,169859.0081866766,382583.7164761127
SY4,10174.4,51,169680.92582468677,379676.6371843994
SY4,10262.8,51,169493.4360882337,376786.42307825026
SY4,10351.9,51,169315.10282461383,373922.4732087976
SY4,10441.8,51,169121.0117420091,371076.4459298442
SY4,10532.4,51,168942.84156820714,368271.005197246
SY4,10623.9,51,168752.6359318368,365482.17247136997
SY4,10716.1,51,168570.47662153165,362717.94375447265
SY4,10809.2,51,168372.93429320902,359972.39717949415
SY4,10903.0,51,168188.42384469192,357253.49671630026
SY4,10997.7,51,167996.23759773196,354560.76230347314
SY4,11093.2,51,167804.80734087675,351898.6042691819
SY4,11189.5,51,167616.6131924144,349246.6793309361
SY4,11286.7,51,167414.3742756767,346626.6274847268
SY4,11384.7,51,167220.76431770108,344022.98345587205
SY4,11483.5,51,167027.93513122931,341450.1037422287
SY4,11583.2,51,166825.2558349528,338894.8177189836
SY4,11683.8,51,166632.5128411267,336368.6098857659
SY4,11785.3,51,166432.34532447,333861.25460722094
SY4,11887.6,51,166234.82448601705,331369.3498173673
SY4,11990.8,51,166031.2237478967,328908.4456012203
SY4,12094.9,51,165833.0575248093,326466.58490560367
SY4,12199.9,51,165629.35823351462,324043.2080982128
SY4,12305.9,51,165428.52533829267,321647.41236238304
SY4,12412.7,51,165224.741668166,319270.28742770304
SY4,12520.5,51,165014.36193698144,316903.2079453079
SY4,12629.2,51,164812.58561469405,314568.41126669565
SY4,12738.9,51,164603.1939886428,312246.6114394173
SY4,12849.5,51,164401.01881696554,309953.7851685947
SY4,12961.1,51,164186.53375566239,307678.8482292125
SY4,13073.6,51,163979.7792178909,305416.4093484115
SY4,13187.1,51,163774.26747796018,303181.2092756252
SY4,13301.6,51,163560.2653083931,300962.38892449817
SY4,13417.1,51,163343.38802648793,298761.18109573715
SY4,13533.6,51,163137.1622627751,296594.55680104165
SY4,13651.1,51,162926.20190134525,294424.5350539315
SY4,13769.7,51,162710.10810437566,292295.150051437
SY4,13889.2,51,162492.62722053833,290165.7186161933
SY4,14009.8,51,162277.10706098494,288067.1750164475
SY4,14131.5,51,162060.14887687902,285975.49142273556
SY4,14254.2,51,161839.20292624712,283907.0051305002
SY4,14378.0,51,161624.34355518964,281859.4253560882
SY4,14502.8,51,161410.40928485256,279830.3872585898
SY4,14628.7,51,161188.70174065637,277812.4838730959
SY4,14755.7,51,160969.72276622808,275815.7651851109
SY4,14883.9,51,160751.2058756394,273837.1853264895
SY4,15013.1,51,160523.94210215326,271879.332147171
SY4,15143.5,51,160298.49060255822,269927.2788782312
SY4,15275.0,51,160080.24080299784,268006.1333157048
SY4,15407.6,51,159855.83580177918,266094.2283285601
SY4,15541.4,51,159633.2786853489,264198.43351629196
SY4,15676.3,51,159408.81113440605,262317.5560337182
SY4,15812.4,51,159176.08281397948,260455.29896584558
SY4,15949.7,51,158955.16660341402,258607.45459700667
SY4,16088.2,51,158730.8009908854,256783.46927909058
SY4,16227.9,51,158505.14041732135,254964.4736605933
SY4,16368.8,51,158273.80770051442,253167.13567352272
SY4,16511.0,51,158041.8341032731,251382.4252110364
SY4,16654.3,51,157813.0277559297,249614.3039941283
SY4,16798.9,51,157580.85729281852,247864.74284036647
SY4,16944.8,51,157348.92731816604,246125.77611849623
SY4,17091.9,51,157120.86686090412,244399.23057731797
SY4,17240.3,51,156892.6543337749,242695.55130745517
SY4,17390.0,51,156652.08657213056,240997.3883555699
SY4,17541.0,51,156424.74416821817,239325.48800534414
SY4,17693.3,51,156188.6571751839,237655.17120978032
SY4,17847.0,51,155959.31616454263,236011.68713332957
SY4,18001.9,51,155721.74837636683,234375.63590563866
SY4,18158.2,51,155482.54436814648,232748.83136125552
SY4,18315.9,51,155247.0510782426,231143.51285485484
SY4,18474.9,51,155008.97010373228,229548.30198424877
SY4,18635.4,51,154778.79336908343,227968.2568308221
SY4,18797.2,51,154539.81961528157,226400.87849701187
SY4,18960.4,51,154298.89893371172,224845.7688551104
SY4,19125.0,51,154064.6523418221,223306.91320891675
SY4,19291.1,51,153823.29831645952,221782.4759275262
SY4,19458.6,51,153581.75578069536,220265.68526200348
SY4,19627.5,51,153346.37157760674,218763.93980017252
SY4,19798.0,51,153104.699499441,217269.10855800394
SY4,19969.9,51,152866.71482349187,215799.16352126212
SY4,20143.3,51,152625.65434040554,214337.85174457947
SY4,20318.2,51,152379.61753781905,212884.768991499
SY4,20494.6,51,152141.89093534413,211444.24896435873
SY4,20672.6,51,151899.81659482824,210014.17707294665
SY4,20852.1,51,151657.8797015984,208602.85007382484
SY4,21033.1,51,151412.87022646389,207201.00352318506
SY4,21215.7,51,151168.37930578238,205806.62057103208
SY4,21400.0,51,150922.77251286016,204429.3992775898
SY4,21585.8,51,150679.9727963526,203061.74148702912
SY4,21773.2,51,150435.3605342686,201701.79920744954
SY4,21962.3,51,150193.21882571658,200358.85456083858
SY4,22153.0,51,149942.9971953019,199020.82415802058
SY4,22345.3,51,149703.1804711691,197703.43160813
SY4,22539.3,51,149455.50638309988,196391.68326557078
SY4,22735.0,51,149210.2024684175,195091.79468423
SY4,22932.5,51,148972.135345167,193788.96623560466
SY4,23131.6,51,148714.76886677105,192526.21177228223
SY4,23332.4,51,148470.67392856412,191255.55659105373
SY4,23535.0,51,148223.92773711315,189996.01213902418
SY4,23739.4,51,147976.64302314067,188750.10154225596
SY4,23945.5,51,147724.14179707953,187515.0456565409
SY4,24153.4,51,147477.0118527683,186289.3265483721
SY4,24363.1,51,147226.29060595823,185078.2053716465
SY4,24574.7,51,146983.1553136467,183869.74100089207
SY4,24788.1,51,146729.96846494087,182673.44345939503
SY4,25003.3,51,146483.9194106988,181487.65359407832
SY4,25220.4,51,146236.25049330288,180314.37608680734
SY4,25439.4,51,145986.6775516074,179146.04379269617
SY4,25660.3,51,145734.04571259287,177995.7927675787
SY4,25883.1,51,145484.45097368158,176846.79502585
SY4,26107.8,51,145235.57404061576,175705.08393614492
SY4,26334.5,51,144989.92342568535,174581.6800579734
SY4,26563.2,51,144736.4412811216,173461.82374036903
SY4,26793.8,51,144486.76139777343,172353.22374939872
SY4,27026.5,51,144233.0547839265,171254.35146325134
SY4,27261.2,51,143981.39173318975,170161.38233970437
SY4,27497.9,51,143732.7838524213,169079.67037394198
SY4,27736.6,51,143482.42374417934,168009.39618016934
SY4,27977.5,51,143230.22675206786,166942.62245443778
SY4,28220.4,51,142980.0380920732,165888.48634537522
SY4,28465.4,51,142730.7745851757,164840.91854646636
SY4,28712.6,51,142476.8908096427,163803.88556389321
SY4,28961.9,51,142229.52031229174,162775.043169445
SY4,29213.4,51,141976.09438311605,161754.26766834166
SY4,29467.1,51,141719.2151106279,160741.5433130645
SY4,29722.9,51,141471.0405076587,159731.38234128806
SY4,29981.0,51,141222.63496238322,158742.28132282326
SY4,30241.3,51,140970.27567131026,157749.76934659423
SY4,30503.9,51,140720.75099674118,156769.77357989465
SY4,30768.8,51,140469.60430123826,155796.09729598902
SY4,31035.9,51,140217.81927094018,154835.1876844966
SY4,31305.4,51,139965.08303208573,153877.33748249206
SY4,31577.2,51,139708.69549847336,152928.16520628025
SY4,31851.4,51,139461.2966893968,151985.87195868138
SY4,32128.0,51,139209.25921103833,151056.82474207957
SY4,32407.0,51,138956.20311053813,150127.36182461373
SY4,32688.3,51,138703.16371903857,149208.05909251922
SY4,32972.2,51,138453.98172676467,148297.18764984387
SY4,33258.5,51,138200.98256743973,147393.1886338303
SY4,33547.3,51,137949.11867233375,146497.1247628775
SY4,33838.6,51,137691.91583794277,145604.60947095742
SY4,34132.4,51,137446.79239931313,144722.8096519836
SY4,34428.7,51,137191.64326476143,143853.6142916957
SY4,34727.7,51,136941.9690492627,142982.98895478097
SY4,35029.2,51,136696.41153522328,142122.544075528
SY4,35333.4,51,136445.22049353065,141269.4757208674
SY4,35640.2,51,136188.49357052764,140420.333215347
SY4,35949.6,51,135938.3277702568,139578.70994151745
SY4,36261.8,51,135689.21508217574,138744.25506715997
SY4,36576.7,51,135436.23490584624,137920.55047046006
SY4,36894.3,51,135184.32201922013,137098.5528722509
SY4,37214.6,51,134932.05924888395,136286.36907641994
SY4,37537.7,51,134683.73255942707,135479.19459702825
SY4,37863.7,51,134433.2335865951,134673.70992346134
SY4,38192.4,51,134178.53314553862,133882.38109177366
SY4,38524.1,51,133926.61854280683,133089.62366156158
SY4,38858.6,51,133679.2692282996,132312.98692774258
SY4,39196.0,51,133434.1233701237,131532.02084087074
SY4,39536.3,51,133179.9428187194,130760.47334995867
SY4,39879.6,51,132929.24276722688,129996.34415904402
SY4,40225.9,51,132679.8879949652,129241.99831342245
SY4,40575.2,51,132432.4308779826,128485.73655522555
SY4,40927.5,51,132179.37142825403,127744.48588706329
SY4,41282.9,51,131932.32319187993,127001.23298417917
SY4,41641.3,51,131680.97247111268,126265.16007469331
SY4,42002.9,51,131436.07965124186,125537.6676632059
SY4,42367.6,51,131185.0341605677,124816.71638719946
SY4,42735.5,51,130934.95075398347,124098.97005809622
SY4,43106.5,51,130688.44056801496,123384.72482612748
SY4,43480.8,51,130439.3916002657,122679.38225223198
SY4,43858.4,51,130191.80313446987,121978.8861743627
SY4,44239.2,51,129940.4502035108,121282.5657552827
SY4,44623.3,51,129693.50811669102,120592.9068845434
SY4,45010.8,51,129444.34443223529,119909.58866272154
SY4,45401.6,51,129198.43935463947,119225.06357537555
SY4,45795.8,51,128951.338599815,118553.16052896158
SY4,46193.5,51,128706.56333131569,117884.95068861272
SY4,46594.6,51,128458.20975946926,117222.83671938133
SY4,46999.2,51,128213.59165783913,116563.16891060819
SY4,47407.3,51,127964.30655569567,115910.54200754863
SY4,47818.9,51,127721.33800718702,115257.78109780335
SY4,48234.1,51,127481.24295912997,114615.52831023002
SY4,48652.9,51,127231.14936842104,113978.9351940738
SY4,49075.4,51,126985.68688745247,113343.43899526073
SY4,49501.5,51,126740.7942467742,112711.79687678603
SY4,49931.3,51,126497.01565360687,112090.3741860872
SY4,50364.9,51,126258.40755736377,111459.4933703848
SY4,50802.2,51,126021.01420407761,110851.36674809476
SY4,51243.3,51,125774.76145974768,110247.53665170299
SY4,51688.2,51,125519.42026318485,109660.86278746977
SY4,52137.0,51,125277.76702920497,109072.47316690502
SY4,52589.8,51,125010.6996095341,108476.84688635812
SY4,53046.4,51,124787.58893425035,107867.77936655376
SY4,53507.0,51,124537.18609038477,107285.76139275698
SY4,53971.6,51,124279.83892939195,106706.71318549314
SY4,54440.2,51,124042.29119466094,106144.84849193593
SY4,54912.9,51,123795.05586605264,105560.68780843438
SY4,55389.7,51,123564.19539701531,104987.83201741023
SY4,55870.7,51,123317.13513363096,104435.94036332292
SY4,56355.8,51,123091.4269112108,103871.63358818523
SY4,56845.1,51,122858.40653383532,103316.83453242652
SY4,57338.7,51,122612.94424166402,102774.02882603026
SY4,57836.6,51,122375.34325220349,102212.84512445706
SY4,58338.8,51,122140.31176394575,101672.13268240668
SY4,58845.3,51,121902.15396976918,101136.13141683691
SY4,59356.3,51,121743.430771563,100590.4379345281
SY4,59871.7,51,121424.01543630402,100068.60942055353
SY4,60391.6,51,121203.48331363722,99530.74210808937
SY4,60915.9,51,120950.49258687686,99016.57373699504
SY4,61444.9,51,120716.14493113432,98489.47566366958
SY4,61978.4,51,120498.02664556722,97962.41273128364
SY4,62516.5,51,120240.20018778669,97456.88426677846
SY4,63059.4,51,120009.03319921749,96959.99000622907
SY4,63606.9,51,119775.00637800433,96455.52487479728
SY4,64159.2,51,119541.78447605402,95926.3038487961
SY4,64716.3,51,119307.58287132374,95430.67162959254
SY4,65278.2,51,119070.41160834783,94939.74940151843
SY4,65845.1,51,118833.48337248742,94445.54512922277
SY4,66416.8,51,118587.88409708881,93964.30508896882
SY4,66993.5,51,118356.07673073017,93470.99089005179
SY4,67575.2,51,118120.49551168627,92990.72777487626
SY4,68161.9,51,117887.74772029641,92515.90090752493
SY4,68753.8,51,117643.29649851224,92040.38718672539
SY4,69350.8,51,117407.26340116134,91569.32437546627
SY4,69952.9,51,117169.61054815029,91108.34421369311
SY4,70560.3,51,116940.27716361462,90641.834241569
SY4,71173.0,51,116703.92124036945,90187.97881051195
SY4,71791.0,51,116471.77574652787,89722.54783356642
SY4,72414.4,51,116246.92460085626,89263.88947281384
SY4,73043.1,51,116016.05558081676,88819.10275419735
SY4,73677.4,51,115783.5608261859,88376.97144215512
SY4,74317.1,51,115554.1812382808,87926.43023784031
SY4,74962.4,51,115326.08551424983,87499.1995071535
SY4,75613.3,51,115090.38857904018,87052.59793918989
SY4,76269.9,51,114866.56458808311,86608.46695599343
SY4,76932.1,51,114645.96781543396,86186.62510504396
SY4,77600.1,51,114340.59784258703,85735.18943096371
SY4,78273.9,51,114185.11232317165,85324.12983891735
SY4,78953.6,51,113959.1185250596,84906.31477402772
SY4,79639.1,51,113731.83542992373,84494.28513136836
SY4,80330.6,51,113504.67898164252,84072.76819237291
SY4,81028.1,51,113277.94944850188,83658.61399849066
SY4,81731.7,51,113059.54157380268,83247.82212513426
SY4,82441.4,51,112819.12869326779,82844.18336804133
SY4,83157.2,51,112600.65777256637,82437.78458524596
SY4,83879.3,51,112378.60802874784,82038.05510862585
SY4,84607.6,51,112162.46454487857,81625.76974425235
SY4,85342.2,51,111928.85787270585,81232.16417573656
SY4,86083.2,51,111710.27283468015,80845.43921586077
SY4,86830.7,51,111484.89053086843,80446.85680803613
SY4,87584.7,51,111250.24542159865,80072.2092246768
SY4,88345.2,51,111039.50117500826,79676.59739665929
SY4,89112.3,51,110813.53097720501,79300.76668877035
SY4,89886.0,51,110597.78462237955,78920.38261627195
SY4,90666.5,51,110375.2737181639,78555.94521765574
SY4,91453.7,51,110157.08939878475,78170.61650796837
SY4,92247.8,51,109926.67559187,77792.39404186369
SY4,93048.8,51,109708.4356449567,77428.64661731767
SY4,93856.8,51,109481.95712248083,77057.45045807159
SY4,94671.7,51,109263.1431317999,76696.87636493496
SY4,95493.8,51,109044.88026469595,76333.06037256327
SY4,96322.9,51,108828.13295687587,75972.93873854638
SY4,97159.3,51,108604.58615215169,75618.01106720051
SY4,98002.9,51,108387.57110338705,75265.13310677481
SY4,98853.9,51,108175.80047362976,74911.73816236049
SY4,99712.2,51,107954.22698460666,74558.59227065249
SY4,100578.0,51,107725.19318562934,74219.49239020489
SY4,101451.0,51,107511.22460489228,73875.77578991711
SY4,102332.0,51,107295.92653069393,73527.30890522839
SY4,103221.0,51,107077.0913080336,73183.33533531615
SY4,104117.0,51,106865.83927328819,72844.011112806
SY4,105021.0,51,106646.3525385993,72506.44902356922
SY4,105933.0,51,106431.34019518377,72177.61173303054
SY4,106853.0,51,106213.00527998082,71844.58289369932
SY4,107781.0,51,106010.95000856758,71508.51913927376
SY4,108716.0,51,105788.30810818468,71175.53767276835
SY4,109660.0,51,105575.28749130305,70856.22074150525
SY4,110613.0,51,105356.76283396933,70534.19972246188
SY4,111573.0,51,105154.8114514475,70215.75109552387
SY4,112542.0,51,104937.77870776562,69892.22197848419
SY4,113519.0,51,104725.99524538376,69568.9833073353
SY4,114505.0,51,104515.57363665967,69242.95014283586
SY4,115499.0,51,104305.81531704072,68941.1646397761
SY4,116502.0,51,104094.30803723738,68628.1660229167
SY4,117513.0,51,103880.270596998,68316.80874718777
SY4,118534.0,51,103675.91823927862,68006.29150784534
SY4,119563.0,51,103456.87646149856,67703.63551933241
SY4,120601.0,51,103258.37838927966,67390.10134271628
SY4,121648.0,51,103043.62366700235,67092.34015910656
SY4,122705.0,51,102839.48851380966,66792.40051990369
SY4,123770.0,51,102625.9079950204,66498.6955284505
SY4,124845.0,51,102421.0615205831,66202.11699880956
SY4,125929.0,51,102205.63758914833,65898.09669701937
SY4,127022.0,51,102011.40607567935,65610.4038654469
SY4,128125.0,51,101809.71049237828,65315.51476661931
SY4,129238.0,51,101593.970417552,65034.78101584314
SY4,130360.0,51,101394.34611913835,64744.447044031534
SY4,131492.0,51,101186.38611176694,64451.91362158838
SY4,132634.0,51,100977.76002299887,64165.284048479254
SY4,133785.0,51,100776.9102849141,63885.66338513009
SY4,134947.0,51,100572.17657397347,63603.90740095123
SY4,136119.0,51,100373.90764958182,63327.055611973294
SY4,137300.0,51,100175.0167402524,63048.419423689746
SY4,138493.0,51,99963.15942465956,62764.16348382428
SY4,139695.0,51,99757.74508180704,62500.060858948775
SY4,140908.0,51,99559.68874135583,62225.08768106082
SY4,142132.0,51,99355.98750731308,61950.0492117911
SY4,143366.0,51,99152.12719237944,61682.91465403882
SY4,144611.0,51,98948.87293597369,61414.277337093255
SY4,145866.0,51,98756.74206267705,61155.202288937486
SY4,147133.0,51,98547.20418813833,60888.70748429443
SY4,148410.0,51,98361.43149581047,60621.03106717982
SY4,149699.0,51,98149.31142507191,60358.24810708655
SY4,150999.0,51,97956.06733514303,60097.18686973402
SY4,152310.0,51,97761.33015572366,59836.894584878086
SY4,153633.0,51,97557.09152949393,59589.542298714354
SY4,154966.0,51,97362.55170874664,59322.649623001744
SY4,156312.0,51,97167.75864076063,59072.18728395558
SY4,157669.0,51,96968.66350133078,58822.11702529142
SY4,159038.0,51,96771.94791511739,58564.937993526786
SY4,160419.0,51,96578.34121534636,58317.04020075933
SY4,161812.0,51,96374.57881950558,58068.977178209105
SY4,163217.0,51,96191.2312009963,57823.5745668145
SY4,164634.0,51,96018.26096804674,57614.930252713646
SY4,166064.0,51,95810.25776881588,57367.83226617169
SY4,167506.0,51,95655.85262799216,57116.0521209777
SY4,168960.0,51,95447.88088045057,56877.360317956445
SY4,170427.0,51,95256.12938217062,56641.05764064145
SY4,171907.0,51,95063.19012419433,56410.062481247805
SY4,173400.0,51,94873.09975748554,56162.11853152895
SY4,174906.0,51,94686.31728117504,55929.54345221739
SY4,176424.0,51,94489.8144334282,55688.302602861404
SY4,177956.0,51,94294.56952124742,55463.085508038355
SY4,179501.0,51,94102.28734841807,55210.14638937671
SY4,181060.0,51,93916.08410462426,54993.869592099334
SY4,182632.0,51,93720.2834968817,54764.614716020005
SY4,184218.0,51,93536.02292946052,54532.627070285154
SY4,185817.0,51,93349.73624521734,54304.891269652115
SY4,187431.0,51,93160.748120886,54078.36842031389
SY4,189058.0,51,92982.6092230961,53850.9269688698
SY4,190700.0,51,92787.36532105955,53633.87930142225
SY4,192356.0,51,92596.58526890991,53405.51425193359
SY4,194026.0,51,92414.22900537815,53189.699144047794
SY4,195711.0,51,92231.85014387258,52970.99667850632
SY4,197410.0,51,92052.85214721451,52743.06433006549
SY4,199124.0,51,91860.37946312806,52517.847817180256
SY4,200853.0,51,91683.58492124098,52314.27026443689
SY4,202597.0,51,91495.78230013011,52095.40140328902
SY4,204356.0,51,91313.16415013165,51875.6265788199
SY4,206131.0,51,91128.93117896002,51668.13530879801
SY4,207921.0,51,90945.96342452917,51442.80727547272
SY4,209726.0,51,90774.64868974914,51236.59021816892
SY4,211547.0,51,90588.39906503417,51031.85855683917
SY4,213384.0,51,90401.54792559815,50821.68507740498
SY4,215237.0,51,90226.39578047844,50615.299770163234
SY4,217106.0,51,90043.52373746061,50400.168265626366
SY4,218991.0,51,89860.8554941051,50199.9252739828
SY4,220892.0,51,89693.75099059238,49992.228377165906
SY4,222810.0,51,89507.09398953752,49785.66238127266
SY4,224745.0,51,89329.68287916019,49594.34160511617
SY4,226696.0,51,89164.1415919059,49372.22053663537
SY4,228665.0,51,88972.89394240313,49182.963798368684
SY4,230650.0,51,88799.927405321,48978.54556007683
SY4,232653.0,51,88632.53373096313,48783.172413958106
SY4,234673.0,51,88449.49928515322,48585.1245103877
SY4,236711.0,51,88280.58476636336,48375.674267285125
SY4,238766.0,51,88103.233364996,48187.35576395804
SY4,240839.0,51,87932.26831942127,47991.217095265616
SY4,242930.0,51,87764.86586357722,47797.71679093106
SY4,245040.0,51,87589.70026691184,47607.21976804233
SY4,247167.0,51,87411.90187371158,47407.86355886697
SY4,249314.0,51,87240.90124779535,47208.96463509303
SY4,251478.0,51,87067.00448853517,47030.02781657816
SY4,253662.0,51,86897.71120323261,46840.08309678927
SY4,255864.0,51,86726.26181242394,46644.96681782781
SY4,258086.0,51,86557.59397376693,46446.40240060966
SY4,260327.0,51,86382.54836130003,46268.42928125861
SY4,262588.0,51,86217.7020935006,46074.64882395906
SY4,264868.0,51,86052.22002111626,45898.40081968314
SY4,267167.0,51,85874.1424029239,45710.858310825846
SY4,269487.0,51,85712.99607446257,45532.96831718116
SY4,271827.0,51,85544.51090066464,45344.15663293075
SY4,274187.0,51,85364.6098465007,45147.505359236886
SY4,276568.0,51,85210.57724301862,44976.819593379296
SY4,278970.0,51,85050.03763304428,44797.98556165921
SY4,281392.0,51,84880.76176919215,44620.861876537616
SY4,283835.0,51,84728.40765449719,44437.20209553812
SY4,286300.0,51,84559.36106464447,44257.50446900025
SY4,288786.0,51,84394.58171593754,44078.980152247444
SY4,291293.0,51,84229.1593439783,43897.572578275096
SY4,293823.0,51,84067.4693029457,43725.650427789005
SY4,296374.0,51,83908.59699265964,43552.256420930484
SY4,298947.0,51,83746.2660882828,43373.04574560702
SY4,301543.0,51,83582.4832275502,43202.5979468273
SY4,304161.0,51,83424.89024754692,43027.63906617029
SY4,306802.0,51,83260.72383984466,42855.617568163914
SY4,309466.0,51,83103.12565135921,42675.107588289626
SY4,312153.0,51,82943.51102836363,42509.025339712425
SY4,314864.0,51,82793.74005837002,42339.255874024195
SY4,317598.0,51,82635.00554772593,42176.0590431449
SY4,320355.0,51,82480.81545592721,41999.78517679583
SY4,323137.0,51,82318.1747890187,41829.79876938686
SY4,325943.0,51,82171.67625587812,41666.433444265276
SY4,328773.0,51,82000.60079028006,41495.16160896853
SY4,331628.0,51,81845.73074497114,41334.289071909305
SY4,334507.0,51,81700.18676855571,41169.55554499478
SY4,337412.0,51,81545.05197380319,41001.119718980066
SY4,340341.0,51,81390.02067165535,40836.5376125827
SY4,343297.0,51,81242.0864215953,40677.50863582008
SY4,346278.0,51,81082.71256404344,40509.60651325825
SY4,349284.0,51,80938.38075920354,40347.333074889444
SY4,352317.0,51,80783.69154520442,40190.334952572965
SY4,355376.0,51,80633.17440360562,40026.12915364234
SY4,358462.0,51,80483.02166906434,39867.064155779335
SY4,361574.0,51,80330.20934139352,39704.279066935494
SY4,364714.0,51,80179.76015184284,39544.45740413753
SY4,367881.0,51,80035.3535987535,39393.72862005889
SY4,371075.0,51,79886.58709687715,39230.99684938905
SY4,374297.0,51,79739.59969559674,39076.62540192111
SY4,377547.0,51,79591.83477529808,38920.69430637253
SY4,380825.0,51,79451.42789177621,38760.49210672459
SY4,384132.0,51,79301.3005312552,38608.1207896521
SY4,387468.0,51,79161.37897912684,38461.75273973869
SY4,390832.0,51,79015.46632357797,38295.7853358715
SY4,394225.0,51,78874.4475866319,38156.57463613504
SY4,397649.0,51,78731.16287333787,37992.34444213337
SY4,401101.0,51,78601.45613602144,37817.85124359174
SY4,404584.0,51,78441.55101510526,37696.24667068814
SY4,408097.0,51,78299.44830878632,37541.193879373415
SY4,411641.0,51,78157.20206352658,37394.50834671879
SY4,415215.0,51,78018.60817017239,37240.71746080419
SY4,418820.0,51,77885.99841337377,37090.99697702054
SY4,422457.0,51,77743.81899695485,36946.24626652448
SY4,426125.0,51,77605.10387677995,36801.15660024761
SY4,429825.0,51,77468.34016369075,36653.52969685135
SY4,433557.0,51,77330.9426852154,36503.818489658275
SY4,437322.0,51,77195.67708205651,36352.52070214378
SY4,441119.0,51,77061.44894433324,36215.39242281896
SY4,444949.0,51,76926.3348329714,36069.6436757461
SY4,448813.0,51,76789.8471918943,35929.653053541995
SY4,452710.0,51,76652.70890155909,35786.59038160969
SY4,456641.0,51,76529.54656894287,35642.9054164456
SY4,460606.0,51,76389.1554208069,35498.86216284145
SY4,464605.0,51,76256.72618529275,35356.759383673314
SY4,468639.0,51,76122.5443688064,35217.73891739055
SY4,472708.0,51,75997.88569242507,35079.09994450486
SY4,476813.0,51,75867.81665371271,34934.12770775977
SY4,480953.0,51,75734.66692348577,34798.9891369235
SY4,485129.0,51,75606.8215976864,34659.72986491527
SY4,489341.0,51,75477.23603942238,34524.47193783118
SY4,493590.0,51,75350.46405037095,34384.777875919186
SY4,497876.0,51,75219.8659834913,34246.85357940693
SY4,502199.0,51,75093.38284754449,34110.18320812455
SY4,506560.0,51,74963.38661826508,33970.5149780455
SY4,510958.0,51,74830.06762469525,33833.464382362035
SY4,515395.0,51,74705.8112259511,33696.75405141259
SY4,519870.0,51,74575.60341282684,33557.69848521895
SY4,524384.0,51,74447.10488123355,33423.0338471487
SY4,528937.0,51,74320.76387087477,33292.93056329638
SY4,533530.0,51,74196.84632475383,33153.80468966937
SY4,538163.0,51,74066.90845721481,33032.49058410453
SY4,542836.0,51,73948.36786192957,32890.07234931914
SY4,547549.0,51,73820.75053640113,32757.565168757363
SY4,552303.0,51,73698.98578706486,32622.122656583957
SY4,557099.0,51,73572.17747602075,32487.857516233147
SY4,561936.0,51,73454.93785082863,32356.76033633411
SY4,566816.0,51,73331.3493356486,32226.54907693203
SY4,571737.0,51,73211.95489760558,32095.595131973107
SY4,576702.0,51,73093.65395067453,31966.956826540634
SY4,581709.0,51,72968.1078507445,31836.374681046327
SY4,586760.0,51,72851.3793655436,31704.201441775876
SY4,591855.0,51,72729.37177540235,31578.662233455143
SY4,596994.0,51,72615.22460884906,31452.007237503683
SY4,602178.0,51,72498.07482066464,31321.203623314173
SY4,607406.0,51,72380.02901557657,31195.729283354558
SY4,612680.0,51,72262.4634120827,31070.75991715143
SY4,618000.0,51,72153.79310497887,30946.622993720914
SY4,623366.0,51,72035.3379838613,30820.675434505236
SY4,628779.0,51,71921.02398174541,30693.237681550374
SY4,634239.0,51,71804.90425330351,30568.303343645577
SY4,639746.0,51,71699.27218429212,30445.317059366873
SY4,645301.0,51,71586.97777296306,30323.778526161906
SY4,650904.0,51,71474.09460730191,30201.83645848694
SY4,656556.0,51,71368.31617569676,30077.164080183393
SY4,662257.0,51,71252.98187726,29959.312604749703
SY4,668007.0,51,71147.87118250139,29839.742984552006
SY4,673807.0,51,71035.73257614103,29719.552336452714
SY4,679658.0,51,70930.83306756544,29592.638041886115
SY4,685559.0,51,70830.74333077113,29483.267551298162
SY4,691512.0,51,70717.96613178274,29362.352901834834
SY4,697516.0,51,70610.361982102,29237.51893253002
SY4,703573.0,51,70507.6145112111,29131.13297694376
SY4,709682.0,51,70402.27356753731,29010.392228699875
SY4,715844.0,51,70299.13311702131,28895.292480777494
SY4,722060.0,51,70198.52415493193,28782.49809826571
SY4,728330.0,51,70095.15050810011,28666.25823312495
SY4,734654.0,51,69993.8801730341,28552.288491204097
SY4,741033.0,51,69892.15611456742,28436.548243516147
SY4,747467.0,51,69794.87381625874,28326.286584160323
SY4,753957.0,51,69696.62198921165,28214.180287939183
SY4,760504.0,51,69597.54187917989,28104.82069601508
SY4,767107.0,51,69500.1717087522,27993.575191379736
SY4,773768.0,51,69401.65960132153,27883.10869333738
SY4,780487.0,51,69305.1973232812,27772.17022215643
SY4,787264.0,51,69216.80418459611,27663.30855048211
SY4,794099.0,51,69116.81919840917,27556.07901482863
SY4,800995.0,51,69022.01432424205,27452.265442670094
SY4,807950.0,51,68930.5713658096,27349.035707437186
SY4,814965.0,51,68850.16464788938,27235.246980980784
SY4,822041.0,51,68748.03463197102,27131.03621833391
SY4,829179.0,51,68656.36477939803,27027.021753183883
SY4,836379.0,51,68563.90680605551,26926.79194459138
SY4,843641.0,51,68475.88730273844,26819.966753012945
SY4,850966.0,51,68387.2460268597,26719.326970464674
SY4,858355.0,51,68299.06071985755,26620.589221405626
SY4,865808.0,51,68211.56062188298,26514.51319384461
SY4,873326.0,51,68120.91425206565,26419.488955743633
SY4,880909.0,51,68042.81516221675,26318.864893976606
SY4,888558.0,51,67956.85490362727,26223.866881450307
SY4,896273.0,51,67868.4319617139,26124.850457319444
SY4,904056.0,51,67781.58429407695,26022.848783148307
SY4,911906.0,51,67703.97455623066,25931.78775869681
SY4,919824.0,51,67620.83646143292,25835.275191919263
SY4,927811.0,51,67535.30878792492,25733.867486185463
SY4,935867.0,51,67459.80926379426,25644.845721797297
SY4,943993.0,51,67376.83599178272,25550.200882758327
SY4,952190.0,51,67294.84135994788,25457.19484692755
SY4,960457.0,51,67220.74260741696,25363.8722864119
SY4,968797.0,51,67136.3250185674,25276.35021561331
SY4,977209.0,51,67063.9355862799,25190.44508480817
SY4,985694.0,51,66985.24730062547,25099.673268569866
SY4,994253.0,51,66908.5679251985,25011.03073141867
SY4,10000.0,70,173135.8496027539,564862.9041183206
SY4,10086.8,70,173009.3725429202,560315.1298548622
SY4,10174.4,70,172876.29944474067,555807.1360388153
SY4,10262.8,70,172765.4249353316,551342.3515181871
SY4,10351.9,70,172633.61753561912,546911.399941605
SY4,10441.8,70,172514.36521223528,542542.7271043167
SY4,10532.4,70,172387.7503799536,538199.466841576
SY4,10623.9,70,172259.7652304258,533880.7839497438
SY4,10716.1,70,172120.58960893474,529613.1850928168
SY4,10809.2,70,171999.53418617044,525376.0850978504
SY4,10903.0,70,171863.1950235002,521179.3046316023
SY4,10997.7,70,171732.4183255465,517032.9374548786
SY4,11093.2,70,171601.55177557076,512916.52731292095
SY4,11189.5,70,171472.42248360266,508829.53120472276
SY4,11286.7,70,171337.35868126916,504781.2097366025
SY4,11384.7,70,171203.92779344338,500758.6333833343
SY4,11483.5,70,171063.57230744665,496787.78737569513
SY4,11583.2,70,170924.5453690957,492849.39272255206
SY4,11683.8,70,170788.3119209817,488939.2401541748
SY4,11785.3,70,170648.4524007595,485063.47955788457
SY4,11887.6,70,170512.48170150744,481224.1001826951
SY4,11990.8,70,170363.51301597324,477426.1944655593
SY4,12094.9,70,170225.38916975705,473672.432019241
SY4,12199.9,70,170082.60952343923,469927.4614354498
SY4,12305.9,70,169934.6325545806,466228.11002564355
SY4,12412.7,70,169788.37132289918,462554.66561937967
SY4,12520.5,70,169639.40247851264,458922.25797871494
SY4,12629.2,70,169489.76707003158,455316.10544063133
SY4,12738.9,70,169349.65630596093,451739.25540685584
SY4,12849.5,70,169194.84633562513,448194.04671289824
SY4,12961.1,70,169035.0390175114,444690.9289652204
SY4,13073.6,70,168891.38811395233,441214.97135230666
SY4,13187.1,70,168734.14597542537,437748.7561653862
SY4,13301.6,70,168583.05717798753,434345.2393857806
SY4,13417.1,70,168429.96979094777,430957.8687433054
SY4,13533.6,70,168274.03775695557,427597.74089315045
SY4,13651.1,70,168107.44456710666,424275.038870968
SY4,13769.7,70,167954.35462192568,420976.6452079143
SY4,13889.2,70,167791.30773421953,417712.05652988155
SY4,14009.8,70,167627.80268986104,414470.5191189096
SY4,14131.5,70,167474.49161952725,411261.6200376295
SY4,14254.2,70,167304.94077492945,408085.77305528405
SY4,14378.0,70,167146.23076585034,404925.2399540117
SY4,14502.8,70,166982.70643906415,401810.23269957845
SY4,14628.7,70,166807.8084365442,398706.3069408618
SY4,14755.7,70,166649.85399829032,395632.26071915735
SY4,14883.9,70,166476.69581570162,392584.99418601353
SY4,15013.1,70,166304.82623304904,389573.9862157591
SY4,15143.5,70,166130.88931872346,386577.797177543
SY4,15275.0,70,165970.1465618063,383609.690334733
SY4,15407.6,70,165799.11711915533,380683.033309347
SY4,15541.4,70,165622.5559404517,377769.7644451333
SY4,15676.3,70,165446.97547834448,374889.8857421173
SY4,15812.4,70,165279.37867434564,372034.1094256692
SY4,15949.7,70,165102.64654092336,369197.03779303504
SY4,16088.2,70,164924.45702200502,366388.4900496758
SY4,16227.9,70,164744.42910095156,363605.4557688527
SY4,16368.8,70,164562.82289298123,360841.4385356075
SY4,16511.0,70,164382.98380174377,358108.51131916203
SY4,16654.3,70,164209.03543423567,355393.9453369404
SY4,16798.9,70,164014.94472306507,352707.8756164077
SY4,16944.8,70,163836.1188829743,350050.02812335006
SY4,17091.9,70,163654.52406639076,347402.62185421796
SY4,17240.3,70,163468.2439436303,344789.6650523906
SY4,17390.0,70,163279.2769792856,342197.6153592242
SY4,17541.0,70,163096.09573723655,339622.5480529424
SY4,17693.3,70,162905.96189573166,337083.2525237169
SY4,17847.0,70,162719.5134568646,334547.20742164284
SY4,18001.9,70,162534.7389011445,332057.75090610737
SY4,18158.2,70,162334.90849877134,329565.3560062368
SY4,18315.9,70,162148.36734156578,327100.0502968962
SY4,18474.9,70,161950.2632347338,324670.1225493378
SY4,18635.4,70,161759.9048938567,322255.448911959
SY4,18797.2,70,161564.53698888398,319854.51676893036
SY4,18960.4,70,161376.57676243724,317480.61467142793
SY4,19125.0,70,161170.07926085222,315131.60057711246
SY4,19291.1,70,160982.7630558683,312804.7042579811
SY4,19458.6,70,160780.28081531223,310482.9194369045
SY4,19627.5,70,160583.76819228413,308201.38053091045
SY4,19798.0,70,160380.72888803546,305919.9241823635
SY4,19969.9,70,160182.062425916,303673.55418025533
SY4,20143.3,70,159980.3049575204,301439.9550071882
SY4,20318.2,70,159780.92217856046,299225.478591651
SY4,20494.6,70,159578.3162765324,297033.20621325343
SY4,20672.6,70,159367.87847083804,294857.87858101446
SY4,20852.1,70,159162.87233316666,292700.38362790603
SY4,21033.1,70,158961.55059058848,290570.7030412229
SY4,21215.7,70,158755.98833923542,288450.42617727397
SY4,21400.0,70,158548.67714777606,286354.61033759377
SY4,21585.8,70,158337.4888629706,284273.1309362802
SY4,21773.2,70,158129.800564142,282206.2409105048
SY4,21962.3,70,157924.17263767667,280165.0596666217
SY4,22153.0,70,157703.75127616827,278134.14800613327
SY4,22345.3,70,157493.1582116439,276129.4571163505
SY4,22539.3,70,157284.7391581311,274132.9439435301
SY4,22735.0,70,157070.19519068673,272164.3444910382
SY4,22932.5,70,156842.18976299887,270214.6845137764
SY4,23131.6,70,156643.32900219885,268259.5866952185
SY4,23332.4,70,156434.43710826957,266340.94025288365
SY4,23535.0,70,156215.01581781803,264440.02289098565
SY4,23739.4,70,155996.8115105709,262535.4374664173
SY4,23945.5,70,155782.5676410848,260668.34148680445
SY4,24153.4,70,155559.06542908092,258812.92178764183
SY4,24363.1,70,155350.4705383578,256972.41681016595
SY4,24574.7,70,155125.12139074196,255147.03787558718
SY4,24788.1,70,154907.32660723256,253341.2521568068
SY4,25003.3,70,154687.60034837725,251540.44925923832
SY4,25220.4,70,154471.45918180814,249769.2051133963
SY4,25439.4,70,154250.4301255101,248006.60435286243
SY4,25660.3,70,154019.52052320086,246258.90233209747
SY4,25883.1,70,153798.31562676176,244522.77387977034
SY4,26107.8,70,153572.3361572535,242804.48644709273
SY4,26334.5,70,153351.45141676615,241102.46794911238
SY4,26563.2,70,153124.35668985327,239418.23242231415
SY4,26793.8,70,152900.5364684094,237744.2503286306
SY4,27026.5,70,152676.51588116834,236083.26673172854
SY4,27261.2,70,152452.39047444015,234442.43856187997
SY4,27497.9,70,152221.21544483944,232809.02117192064
SY4,27736.6,70,151991.013358451,231192.46119274743
SY4,27977.5,70,151766.06896998998,229587.67375341692
SY4,28220.4,70,151535.05937891628,228001.75505534036
SY4,28465.4,70,151309.9745991841,226425.71416893232
SY4,28712.6,70,151069.25164364214,224861.38718224867
SY4,28961.9,70,150843.5586013251,223318.51077108315
SY4,29213.4,70,150619.1510147367,221779.19099128208
SY4,29467.1,70,150384.33696584337,220260.25332314032
SY4,29722.9,70,150156.78764052998,218750.91978216596
SY4,29981.0,70,149920.66006385218,217254.2182801493
SY4,30241.3,70,149688.08755059176,215768.85781899918
SY4,30503.9,70,149455.02169400666,214302.5098332019
SY4,30768.8,70,149222.07158322496,212846.22586388246
SY4,31035.9,70,148983.8959436833,211396.24845376427
SY4,31305.4,70,148751.4336388097,209963.27995527518
SY4,31577.2,70,148512.82412930933,208548.18564174225
SY4,31851.4,70,148280.17416462212,207141.52416211466
SY4,32128.0,70,148042.51251181675,205745.4866777356
SY4,32407.0,70,147806.80475849909,204355.24652367993
SY4,32688.3,70,147569.51278430023,202986.0742255906
SY4,32972.2,70,147335.93423636165,201625.61237613315
SY4,33258.5,70,147096.2528321711,200271.457562451
SY4,33547.3,70,146860.59331766723,198932.86927139616
SY4,33838.6,70,146617.6725507239,197606.69819518717
SY4,34132.4,70,146384.27401491796,196292.31433057014
SY4,34428.7,70,146141.8354188843,194986.1865871076
SY4,34727.7,70,145901.1186088245,193693.2764666691
SY4,35029.2,70,145664.4084428023,192410.8492706569
SY4,35333.4,70,145424.7344360194,191133.8176236052
SY4,35640.2,70,145184.79540429974,189878.7188044706
SY4,35949.6,70,144941.45176427558,188624.71223518203
SY4,36261.8,70,144700.3871525899,187380.5624713833
SY4,36576.7,70,144458.7926269866,186155.30549494864
SY4,36894.3,70,144217.99976473377,184936.33932222077
SY4,37214.6,70,143977.44306821623,183724.23712476296
SY4,37537.7,70,143735.70301882963,182528.29175065423
SY4,37863.7,70,143494.1725307935,181335.0287614336
SY4,38192.4,70,143249.24723733327,180156.0979096654
SY4,38524.1,70,143006.0032857054,178987.98712879673
SY4,38858.6,70,142763.3145698841,177824.71830309439
SY4,39196.0,70,142522.5499971432,176674.9262394407
SY4,39536.3,70,142273.9450734865,175534.52242853725
SY4,39879.6,70,142033.25686057901,174406.50220844222
SY4,40225.9,70,141794.7040195512,173278.7618382164
SY4,40575.2,70,141545.22752966525,172172.2774716424
SY4,40927.5,70,141297.51755334088,171069.70631940244
SY4,41282.9,70,141060.71821701303,169973.63714928372
SY4,41641.3,70,140806.60272929468,168885.0236943687
SY4,42002.9,70,140574.0021033907,167811.91071736545
SY4,42367.6,70,140321.5034238765,166749.34103757807
SY4,42735.5,70,140073.95864176797,165687.67870123292
SY4,43106.5,70,139830.98221718855,164637.64260859965
SY4,43480.8,70,139586.57764287895,163600.7542759444
SY4,43858.4,70,139341.2960533367,162561.94360721152
SY4,44239.2,70,139096.03844738507,161541.1848988559
SY4,44623.3,70,138851.17637139294,160525.5855959129
SY4,45010.8,70,138602.06786934636,159515.96099817433
SY4,45401.6,70,138359.9440357514,158520.06894476648
SY4,45795.8,70,138113.0791889581,157532.14877113578
SY4,46193.5,70,137868.8629132295,156548.3430198952
SY4,46594.6,70,137622.84384361462,155569.64649144502
SY4,46999.2,70,137378.14205245746,154606.0440517254
SY4,47407.3,70,137124.49518150883,153649.05117928222
SY4,47818.9,70,136882.75998926384,152697.13547251638
SY4,48234.1,70,136638.5966444174,151754.66599492225
SY4,48652.9,70,136390.56033307183,150817.25916132037
SY4,49075.4,70,136144.04885212425,149890.7932210356
SY4,49501.5,70,135897.64779652134,148972.01055860313
SY4,49931.3,70,135649.494059704,148058.79021152458
SY4,50364.9,70,135414.47212202498,147146.11520010253
SY4,50802.2,70,135172.71930897885,146272.0399070362
SY4,51243.3,70,134928.59129754725,145369.2882221763
SY4,51688.2,70,134680.9903699003,144488.8445937259
SY4,52137.0,70,134411.75808803906,143634.53186734588
SY4,52589.8,70,134161.1612558318,142759.23696243728
SY4,53046.4,70,133922.79665929748,141898.42760731297
SY4,53507.0,70,133667.8639408287,141037.84846339113
SY4,53971.6,70,133406.44301892564,140200.27978722387
SY4,54440.2,70,133162.4604695908,139356.78069083058
SY4,54912.9,70,132914.3695357559,138538.40314995497
SY4,55389.7,70,132661.88507587824,137702.08470528177
SY4,55870.7,70,132429.7526115125,136888.09809719428
SY4,56355.8,70,132187.74022906224,136061.28633595144
SY4,56845.1,70,131950.6078003484,135257.31007166964
SY4,57338.7,70,131703.8201449862,134469.4452609146
SY4,57836.6,70,131466.7302484216,133665.27090752916
SY4,58338.8,70,131213.82011364494,132884.28222187047
SY4,58845.3,70,130973.7572257289,132097.75446394365
SY4,59356.3,70,130766.05289621271,131223.31106113494
SY4,59871.7,70,130491.49709583113,130547.53578107107
SY4,60391.6,70,130233.91326760256,129790.06957725632
SY4,60915.9,70,130005.13211632731,129042.10628031309
SY4,61444.9,70,129752.10742033934,128283.02938748612
SY4,61978.4,70,129491.84163862307,127544.82134746025
SY4,62516.5,70,129271.7091690036,126798.78342816366
SY4,63059.4,70,129022.40086441828,126054.60798645345
SY4,63606.9,70,128795.6757249898,125305.19243791817
SY4,64159.2,70,128534.40025875268,124601.57206951463
SY4,64716.3,70,128306.38216490048,123872.44464734582
SY4,65278.2,70,128059.2805046018,123163.18871710714
SY4,65845.1,70,127811.94683620901,122458.10179947247
SY4,66416.8,70,127547.96193727326,121758.92103619101
SY4,66993.5,70,127316.38525788183,121043.60854197417
SY4,67575.2,70,127059.67649748597,120370.04315873048
SY4,68161.9,70,126819.13663142777,119680.181124845
SY4,68753.8,70,126566.31790710124,119011.74731715707
SY4,69350.8,70,126332.73968642659,118331.80146728276
SY4,69952.9,70,126072.75083617207,117663.10030309997
SY4,70560.3,70,125830.09106791158,116994.44383439914
SY4,71173.0,70,125575.65886859536,116345.41623377823
SY4,71791.0,70,125347.12998431297,115694.14433050883
SY4,72414.4,70,125105.99941218595,115029.98366049658
SY4,73043.1,70,124873.34457085599,114393.26689729792
SY4,73677.4,70,124628.09464414412,113758.81438874954
SY4,74317.1,70,124381.85459569044,113126.80561446841
SY4,74962.4,70,124144.92597648517,112493.54086934257
SY4,75613.3,70,123899.61051967533,111872.96186283196
SY4,76269.9,70,123662.68974079844,111250.2830892423
SY4,76932.1,70,123423.22455381748,110650.76043897404
SY4,77600.1,70,123143.34860239431,110117.17122443009
SY4,78273.9,70,122941.98229347802,109426.50665185518
SY4,78953.6,70,122703.4532003205,108824.8553112648
SY4,79639.1,70,122463.87580871493,108236.81283680575
SY4,80330.6,70,122222.50280815359,107642.59859141956
SY4,81028.1,70,121981.82541154572,107047.90203504177
SY4,81731.7,70,121750.10711646221,106471.6094581815
SY4,82441.4,70,121508.43880802437,105895.53542984616
SY4,83157.2,70,121264.639644375,105326.82424396192
SY4,83879.3,70,121041.53766236214,104757.42984424529
SY4,84607.6,70,120796.21011557184,104192.35740640633
SY4,85342.2,70,120563.29216411013,103633.4471802508
SY4,86083.2,70,120319.53539633135,103080.42532459593
SY4,86830.7,70,120072.63069908155,102539.7549597842
SY4,87584.7,70,119836.44947938733,101987.73072207726
SY4,88345.2,70,119605.67955981013,101434.42824626056
SY4,89112.3,70,119370.96191843248,100898.42777266166
SY4,89886.0,70,119116.48960103125,100369.01654499822
SY4,90666.5,70,118888.92868588465,99836.76538319292
SY4,91453.7,70,118641.36051440223,99309.04451857561
SY4,92247.8,70,118419.33295559147,98798.85382522682
SY4,93048.8,70,118189.15218620203,98272.10636570751
SY4,93856.8,70,117957.71025319885,97740.98932540113
SY4,94671.7,70,117716.77390162951,97245.4391902754
SY4,95493.8,70,117481.36780764605,96739.52126372715
SY4,96322.9,70,117244.00325876151,96231.65318005027
SY4,97159.3,70,117012.88593696909,95741.54276006247
SY4,98002.9,70,116777.51730154164,95242.43726471023
SY4,98853.9,70,116553.5827537312,94747.2145551605
SY4,99712.2,70,116310.11818251462,94258.02727340051
SY4,100578.0,70,116073.25739670741,93775.10055277521
SY4,101451.0,70,115840.49429757775,93305.70499997388
SY4,102332.0,70,115597.36025191894,92826.45789540466
SY4,103221.0,70,115372.21616538092,92344.3178988441
SY4,104117.0,70,115136.50195475439,91876.40529001123
SY4,105021.0,70,114911.63967767448,91406.15527317299
SY4,105933.0,70,114677.24474552662,90940.63081278965
SY4,106853.0,70,114438.09791117079,90483.53547466657
SY4,107781.0,70,114213.0704629896,90021.19514259404
SY4,108716.0,70,113989.07164293475,89565.33063120683
SY4,109660.0,70,113752.5372213386,89114.22148530307
SY4,110613.0,70,113513.5519956663,88668.3220656853
SY4,111573.0,70,113290.60855820286,88221.96341631576
SY4,112542.0,70,113038.9829397583,87791.72503164709
SY4,113519.0,70,112828.34764154584,87334.27052806642
SY4,114505.0,70,112597.47243589071,86899.09207714011
SY4,115499.0,70,112363.06167100016,86468.11556524258
SY4,116502.0,70,112150.08401370577,86039.61591675515
SY4,117513.0,70,111921.95294312842,85616.30374809426
SY4,118534.0,70,111691.51001358515,85188.45298174392
SY4,119563.0,70,111464.67536425265,84772.60486409799
SY4,120601.0,70,111242.50708451978,84352.3117553596
SY4,121648.0,70,111011.81273249057,83938.38795431498
SY4,122705.0,70,110776.9477759499,83525.53524998894
SY4,123770.0,70,110554.27524107424,83118.79532123095
SY4,124845.0,70,110323.68352251325,82712.08597937773
SY4,125929.0,70,110098.51084796253,82302.18830293149
SY4,127022.0,70,109881.01801479238,81900.69838307705
SY4,128125.0,70,109654.81159819638,81509.32677816489
SY4,129238.0,70,109433.84610812146,81108.98596244157
SY4,130360.0,70,109204.17745480956,80719.86126866564
SY4,131492.0,70,108984.84283341684,80333.52800942965
SY4,132634.0,70,108755.33723060529,79939.8903496855
SY4,133785.0,70,108531.8952909625,79558.20026810071
SY4,134947.0,70,108314.35050264557,79182.71058156216
SY4,136119.0,70,108088.22884628124,78794.15504947813
SY4,137300.0,70,107867.29428275097,78427.71961537331
SY4,138493.0,70,107630.73214657545,78048.01034189796
SY4,139695.0,70,107459.26788252687,77702.67767264413
SY4,140908.0,70,107235.5830252453,77324.80993876052
SY4,142132.0,70,107017.13955910072,76962.22560030747
SY4,143366.0,70,106800.2804551827,76602.5505083386
SY4,144611.0,70,106583.08822301155,76232.86427041623
SY4,145866.0,70,106347.52253589766,75862.83177738056
SY4,147133.0,70,106131.60852531652,75518.91451285273
SY4,148410.0,70,105923.89153743167,75171.06599929815
SY4,149699.0,70,105699.49707264693,74821.69128044472
SY4,150999.0,70,105479.52058198879,74468.28858539707
SY4,152310.0,70,105266.89649217199,74124.25826074823
SY4,153633.0,70,105045.29310310112,73779.96803669515
SY4,154966.0,70,104812.28375951757,73450.88964287074
SY4,156312.0,70,104611.80278429894,73092.80988570936
SY4,157669.0,70,104400.28788435948,72749.6834308726
SY4,159038.0,70,104170.94494457834,72434.13284962034
SY4,160419.0,70,103964.65735664024,72090.60050600424
SY4,161812.0,70,103737.52054511696,71765.92471820513
SY4,163217.0,70,103527.32968757479,71428.32180607201
SY4,164634.0,70,103311.55035507501,71097.01990078577
SY4,166064.0,70,103095.66073342862,70770.14544023233
SY4,167506.0,70,102881.84252741482,70454.42689244339
SY4,168960.0,70,102685.67420033866,70126.75670198826
SY4,170427.0,70,102455.13124712915,69815.49927929946
SY4,171907.0,70,102243.10541064446,69490.86450292495
SY4,173400.0,70,102035.42924745992,69183.47662746705
SY4,174906.0,70,101821.15392130984,68874.88364135826
SY4,176424.0,70,101617.98516888173,68557.9384838795
SY4,177956.0,70,101398.84759709457,68259.54419040724
SY4,179501.0,70,101196.22928259578,67938.76306596004
SY4,181060.0,70,100975.86641798844,67641.6122010176
SY4,182632.0,70,100766.4942247193,67335.36118864563
SY4,184218.0,70,100563.68534530755,67032.14522289569
SY4,185817.0,70,100336.42018346676,66736.58534833633
SY4,187431.0,70,100142.32662381869,66438.2064574411
SY4,189058.0,70,99937.48865706495,66135.89365944802
SY4,190700.0,70,99720.92583251942,65846.77019457618
SY4,192356.0,70,99511.96884854532,65555.26740792705
SY4,194026.0,70,99325.74747652718,65264.67550994691
SY4,195711.0,70,99099.87039277189,64973.21669924381
SY4,197410.0,70,98896.31860592047,64689.80959543445
SY4,199124.0,70,98692.97193666942,64403.18589421017
SY4,200853.0,70,98491.08741092494,64114.938669450225
SY4,202597.0,70,98283.33262886501,63836.429802852566
SY4,204356.0,70,98074.74333434082,63557.68982233461
SY4,206131.0,70,97881.23834637801,63280.78204320632
SY4,207921.0,70,97677.52641450288,63003.65556361331
SY4,209726.0,70,97468.11795449659,62731.12407747507
SY4,211547.0,70,97259.84610328679,62453.37598922287
SY4,213384.0,70,97058.42744554664,62178.91487647289
SY4,215237.0,70,96867.32568823738,61904.940986782094
SY4,217106.0,70,96668.23432487698,61644.009443811134
SY4,218991.0,70,96469.01224792948,61372.35919824507
SY4,220892.0,70,96263.16126928633,61106.25124158158
SY4,222810.0,70,96065.44619353974,60842.99150811456
SY4,224745.0,70,95855.32670310995,60578.25688726509
SY4,226696.0,70,95653.84245326566,60321.10766603287
SY4,228665.0,70,95465.8329931874,60068.49115622766
SY4,230650.0,70,95266.47837431484,59795.078128825735
SY4,232653.0,70,95063.04239075215,59548.115905967956
SY4,234673.0,70,94863.029446279,59295.418527750866
SY4,236711.0,70,94674.8156423315,59035.39429576354
SY4,238766.0,70,94477.22547260091,58782.64570347769
SY4,240839.0,70,94279.89658934211,58539.42316725264
SY4,242930.0,70,94086.21169701844,58288.874036939684
SY4,245040.0,70,93886.01189780157,58023.89856325461
SY4,247167.0,70,93697.52136735093,57792.66396480924
SY4,249314.0,70,93499.18394907263,57547.17910818357
SY4,251478.0,70,93304.19545087617,57294.55032753821
SY4,253662.0,70,93117.84519489271,57057.994437113506
SY4,255864.0,70,92923.60778611738,56819.47525940911
SY4,258086.0,70,92729.70975860875,56573.13749679648
SY4,260327.0,70,92529.98299229727,56331.2463956482
SY4,262588.0,70,92344.88698711687,56097.79622759915
SY4,264868.0,70,92160.51129054438,55868.485945505134
SY4,267167.0,70,91958.3262890502,55631.85352885018
SY4,269487.0,70,91778.18794801665,55398.01144410883
SY4,271827.0,70,91582.36565813312,55167.56215237315
SY4,274187.0,70,91370.63591817312,54917.29662818777
SY4,276568.0,70,91201.75798417996,54704.91408669818
SY4,278970.0,70,91014.85424613036,54473.639829401865
SY4,281392.0,70,90831.49874490961,54245.11108868785
SY4,283835.0,70,90643.86538740419,54021.29511165573
SY4,286300.0,70,90453.72870027703,53797.85609403361
SY4,288786.0,70,90275.8837146763,53572.70545774459
SY4,291293.0,70,90088.59388084007,53351.2780174987
SY4,293823.0,70,89903.04233770448,53126.16173689352
SY4,296374.0,70,89715.64347533225,52900.56080625757
SY4,298947.0,70,89530.71380734583,52686.06642803817
SY4,301543.0,70,89343.13276920933,52469.09078569697
SY4,304161.0,70,89160.63209231921,52248.124805519416
SY4,306802.0,70,88974.4492274293,52030.18241205568
SY4,309466.0,70,88795.22103893451,51815.623117062176
SY4,312153.0,70,88610.25858295127,51602.63458307734
SY4,314864.0,70,88436.17368198711,51387.42946854023
SY4,317598.0,70,88256.47092702043,51176.74604209761
SY4,320355.0,70,88072.26092371561,50958.868354892096
SY4,323137.0,70,87889.86589508134,50760.21506103666
SY4,325943.0,70,87721.41215305978,50559.259820273204
SY4,328773.0,70,87526.28072450541,50338.584809111526
SY4,331628.0,70,87351.57016434969,50129.82153323128
SY4,334507.0,70,87181.3955228935,49930.872543383346
SY4,337412.0,70,86999.29992664528,49718.15333099595
SY4,340341.0,70,86821.57561738598,49514.1194327471
SY4,343297.0,70,86649.0714352213,49314.18032339452
SY4,346278.0,70,86465.22319939933,49113.29459500572
SY4,349284.0,70,86292.0718593283,48912.207896902684
SY4,352317.0,70,86120.74618079729,48711.281980978456
SY4,355376.0,70,85948.69943812591,48509.28230249787
SY4,358462.0,70,85776.43152684842,48310.44672751502
SY4,361574.0,70,85599.35986762357,48122.791119733
SY4,364714.0,70,85427.31081516236,47922.12387015246
SY4,367881.0,70,85256.79938482124,47724.211573060886
SY4,371075.0,70,85080.2905618335,47533.593906537106
SY4,374297.0,70,84911.20034302493,47333.202523356915
SY4,377547.0,70,84738.6101417061,47144.37372529855
SY4,380825.0,70,84577.10151158794,46951.92594001797
SY4,384132.0,70,84398.81116766091,46764.540531228624
SY4,387468.0,70,84229.03963536405,46564.27460406523
SY4,390832.0,70,84070.19820230729,46384.74090171503
SY4,394225.0,70,83896.76664939077,46195.31429896723
SY4,397649.0,70,83732.70294618225,46001.807904084955
SY4,401101.0,70,83558.49362079175,45840.621000108775
SY4,404584.0,70,83401.65299581256,45635.15503949007
SY4,408097.0,70,83237.436040843,45446.621215816966
SY4,411641.0,70,83071.5060886266,45263.470441817786
SY4,415215.0,70,82913.53295645179,45076.47783539145
SY4,418820.0,70,82741.34585644203,44900.39354954732
SY4,422457.0,70,82584.93548973989,44716.862639983585
SY4,426125.0,70,82420.42780300704,44530.35826883367
SY4,429825.0,70,82257.36988043787,44353.2735820906
SY4,433557.0,70,82098.05463132288,44181.59243416041
SY4,437322.0,70,81936.89022357519,44000.84985643919
SY4,441119.0,70,81773.59644547889,43825.67185387502
SY4,444949.0,70,81617.9797313994,43645.68428698566
SY4,448813.0,70,81456.33989803313,43467.69488856334
SY4,452710.0,70,81296.90637891222,43295.335777720145
SY4,456641.0,70,81148.06191090854,43121.03274644034
SY4,460606.0,70,80988.18739993247,42947.11703227189
SY4,464605.0,70,80839.64941520049,42770.06086603489
SY4,468639.0,70,80675.4957940521,42601.60644718031
SY4,472708.0,70,80522.6818017752,42435.57802102016
SY4,476813.0,70,80364.17773116038,42265.70180044682
SY4,480953.0,70,80212.16940902831,42092.33095888394
SY4,485129.0,70,80062.39528561871,41920.39528475806
SY4,489341.0,70,79912.03526451989,41756.40399279047
SY4,493590.0,70,79754.36283058411,41587.40145062057
SY4,497876.0,70,79604.42552946588,41424.96201991241
SY4,502199.0,70,79448.89580696447,41254.19863392455
SY4,506560.0,70,79296.16061946102,41087.424336463555
SY4,510958.0,70,79143.4195272341,40916.511087102466
SY4,515395.0,70,78991.56175654988,40759.23728815747
SY4,519870.0,70,78836.78623565145,40590.034557396284
SY4,524384.0,70,78691.67682357163,40424.84183766632
SY4,528937.0,70,78535.14110506682,40261.82630558913
SY4,533530.0,70,78392.55559523228,40101.68647218823
SY4,538163.0,70,78241.36609998424,39935.82825746009
SY4,542836.0,70,78090.14417538879,39775.52594373546
SY4,547549.0,70,77945.3135584273,39619.89266573573
SY4,552303.0,70,77797.48792367034,39457.65076114166
SY4,557099.0,70,77649.64140700875,39292.06272132044
SY4,561936.0,70,77503.18664964597,39139.99946329749
SY4,566816.0,70,77354.48435721426,38973.786862945744
SY4,571737.0,70,77212.10948221025,38821.32021644728
SY4,576702.0,70,77065.78510348871,38665.38523264535
SY4,581709.0,70,76924.87319048772,38514.222281988245
SY4,586760.0,70,76778.93688085536,38357.39449489048
SY4,591855.0,70,76638.92076944729,38200.569242730555
SY4,596994.0,70,76496.5369836653,38044.9607736845
SY4,602178.0,70,76357.29079522299,37893.79016478315
SY4,607406.0,70,76216.37449077626,37740.33904220514
SY4,612680.0,70,76079.46196370164,37586.108816072774
SY4,618000.0,70,75938.79853051102,37436.67891367276
SY4,623366.0,70,75798.71978935157,37289.04951053762
SY4,628779.0,70,75663.67463206538,37130.48070469174
SY4,634239.0,70,75527.34950136907,36981.997928336044
SY4,639746.0,70,75389.68626878636,36833.388323344654
SY4,645301.0,70,75255.93664990074,36686.56427827431
SY4,650904.0,70,75117.91046686187,36537.20838030104
SY4,656556.0,70,74984.0011929691,36404.614331054436
SY4,662257.0,70,74849.45836964808,36245.06593632056
SY4,668007.0,70,74719.2911056635,36092.40493949482
SY4,673807.0,70,74590.81285580371,35958.28000061352
SY4,679658.0,70,74451.7963898954,35819.38762653267
SY4,685559.0,70,74331.48026390302,35665.215009999236
SY4,691512.0,70,74196.0007273648,35524.09081494788
SY4,697516.0,70,74064.50179027698,35387.27112759158
SY4,703573.0,70,73941.12804127943,35243.24156630066
SY4,709682.0,70,73813.16445316382,35101.49629068196
SY4,715844.0,70,73687.80634495316,34963.06870614549
SY4,722060.0,70,73561.48666231424,34821.37598874629
SY4,728330.0,70,73436.9285398419,34686.03917705684
SY4,734654.0,70,73311.13315782468,34546.84306814091
SY4,741033.0,70,73192.40232859449,34410.529020567155
SY4,747467.0,70,73063.46167069188,34273.64408670517
SY4,753957.0,70,72945.52063074033,34133.85708438218
SY4,760504.0,70,72823.696174591,34004.52532839055
SY4,767107.0,70,72699.52667360195,33872.08135982309
SY4,773768.0,70,72584.65632834792,33736.41619940207
SY4,780487.0,70,72467.31583816581,33604.239475785165
SY4,787264.0,70,72342.44715325299,33477.01916087145
SY4,794099.0,70,72225.71809667745,33338.55469281237
SY4,800995.0,70,72111.98767122113,33208.98840470902
SY4,807950.0,70,71994.56333093779,33084.27003728972
SY4,814965.0,70,71887.81667459587,32946.81422376663
SY4,822041.0,70,71762.60882419636,32829.281087123054
SY4,829179.0,70,71652.50507801535,32701.665289853885
SY4,836379.0,70,71533.9414439625,32574.71836324691
SY4,843641.0,70,71424.85618154352,32451.773670217168
SY4,850966.0,70,71310.2807067485,32319.869014526434
SY4,858355.0,70,71198.39406150184,32202.525386261754
SY4,865808.0,70,71092.25546310355,32078.77263201027
SY4,873326.0,70,70987.19858725634,31952.962362343285
SY4,880909.0,70,70872.20141177412,31830.417474836242
SY4,888558.0,70,70768.65070810635,31712.246244557664
SY4,896273.0,70,70659.6190403719,31591.740266194385
SY4,904056.0,70,70549.14999195858,31469.834793893857
SY4,911906.0,70,70448.49529239339,31354.936521046417
SY4,919824.0,70,70340.4808482345,31238.49129311427
SY4,927811.0,70,70236.24031768892,31121.191137590853
SY4,935867.0,70,70125.90274847654,31006.87314158627
SY4,943993.0,70,70034.18594929973,30892.406758483976
SY4,952190.0,70,69927.72065683028,30772.138423161847
SY4,960457.0,70,69825.01023829335,30668.625632526935
SY4,968797.0,70,69726.69408701823,30546.79194828287
SY4,977209.0,70,69628.98498330948,30436.22098224322
SY4,985694.0,70,69528.38528218707,30327.227624150208
SY4,994253.0,70,69430.21099050783,30223.70255285906
SY4,10000.0,91,172288.6109129228,810623.7547832474
SY4,10086.8,91,172203.97395081253,803882.680531843
SY4,10174.4,91,172133.65650390266,797234.201379346
SY4,10262.8,91,172069.54837416077,790600.7978323778
SY4,10351.9,91,171982.01585543333,784052.3503121183
SY4,10441.8,91,171913.2920857009,777563.4376366489
SY4,10532.4,91,171850.33568788835,771121.3613192171
SY4,10623.9,91,171753.71251087118,764719.7814730245
SY4,10716.1,91,171675.32439691134,758400.5956072285
SY4,10809.2,91,171581.89399098125,752133.1938969188
SY4,10903.0,91,171514.43491544918,745915.4474693914
SY4,10997.7,91,171424.70945788716,739758.8044429314
SY4,11093.2,91,171355.54573251784,733653.0663158095
SY4,11189.5,91,171286.18713368033,727602.8822520466
SY4,11286.7,91,171178.28802863794,721603.1700404491
SY4,11384.7,91,171106.69110461226,715664.9096231023
SY4,11483.5,91,171021.1500983033,709777.9701060698
SY4,11583.2,91,170921.7847666569,703957.331750298
SY4,11683.8,91,170835.02211184974,698160.945774558
SY4,11785.3,91,170755.66771597465,692390.5093205858
SY4,11887.6,91,170672.86377159142,686711.2823023834
SY4,11990.8,91,170575.26131652526,681070.4366173516
SY4,12094.9,91,170485.81759508964,675483.2733837154
SY4,12199.9,91,170396.73491690602,669958.4444697686
SY4,12305.9,91,170306.49310861962,664469.8105830897
SY4,12412.7,91,170201.304259213,659025.8337720151
SY4,12520.5,91,170111.1098536747,653627.7867943263
SY4,12629.2,91,170013.24876868186,648287.0512094735
SY4,12738.9,91,169912.90219654219,642990.0105777527
SY4,12849.5,91,169821.0177536782,637732.59395426
SY4,12961.1,91,169712.34233602553,632535.9821801254
SY4,13073.6,91,169628.69729486248,627361.307500713
SY4,13187.1,91,169528.08716747022,622266.8926412506
SY4,13301.6,91,169419.52055340898,617185.3097193245
SY4,13417.1,91,169311.87623456673,612153.239511573
SY4,13533.6,91,169216.55484228648,607186.5030672532
SY4,13651.1,91,169109.2059926503,602234.3778123255
SY4,13769.7,91,168997.52176706717,597359.8797229909
SY4,13889.2,91,168905.71960879228,592508.5231882259
SY4,14009.8,91,168798.0807419897,587712.5227850586
SY4,14131.5,91,168694.86968183256,582959.8457484442
SY4,14254.2,91,168573.52142080304,578236.8511079779
SY4,14378.0,91,168461.54306775134,573562.0256383064
SY4,14502.8,91,168356.40152465337,568915.8731067876
SY4,14628.7,91,168245.66576746685,564322.0969210466
SY4,14755.7,91,168137.15556270865,559784.2275656399
SY4,14883.9,91,168012.0850555287,555249.806712132
SY4,15013.1,91,167897.61600745106,550790.7837346136
SY4,15143.5,91,167780.2558739411,546355.2734471445
SY4,15275.0,91,167671.3613953829,541973.4027194921
SY4,15407.6,91,167555.78650257646,537602.7603067218
SY4,15541.4,91,167438.4506904474,533308.2335379884
SY4,15676.3,91,167315.4989172151,529030.6351886238
SY4,15812.4,91,167195.66004766655,524775.3603086662
SY4,15949.7,91,167075.96868639215,520583.6118600036
SY4,16088.2,91,166954.71037194532,516427.1072741384
SY4,16227.9,91,166823.56250260322,512285.9853302025
SY4,16368.8,91,166703.3208990122,508187.6349965272
SY4,16511.0,91,166577.59878864998,504132.7157178114
SY4,16654.3,91,166445.11459556007,500122.23072911357
SY4,16798.9,91,166325.84420729303,496139.96105516836
SY4,16944.8,91,166202.03676083847,492193.5584946283
SY4,17091.9,91,166071.37596814625,488275.57663811144
SY4,17240.3,91,165931.68007107353,484398.47537500825
SY4,17390.0,91,165799.07111040343,480558.90893029777
SY4,17541.0,91,165666.1880252943,476743.6550609848
SY4,17693.3,91,165542.5726714201,472969.4128501279
SY4,17847.0,91,165410.12418166318,469223.87381433113
SY4,18001.9,91,165268.04475356426,465514.46892126277
SY4,18158.2,91,165134.0932085664,461849.209777558
SY4,18315.9,91,164988.09438966162,458209.3297067144
SY4,18474.9,91,164850.44321500047,454598.3935580048
SY4,18635.4,91,164718.09830375292,451000.95906143775
SY4,18797.2,91,164576.87413477153,447465.8966973829
SY4,18960.4,91,164426.05440365936,443946.46502508497
SY4,19125.0,91,164286.27040359747,440467.2562173693
SY4,19291.1,91,164132.02031887686,437004.2466075672
SY4,19458.6,91,163995.5331128503,433585.0048095447
SY4,19627.5,91,163850.66779210189,430186.0462782186
SY4,19798.0,91,163705.6310571593,426844.0224370694
SY4,19969.9,91,163543.77255958834,423492.4462597297
SY4,20143.3,91,163406.49550932777,420194.7639545769
SY4,20318.2,91,163247.723325248,416927.47036486794
SY4,20494.6,91,163102.50294788613,413676.5446438569
SY4,20672.6,91,162947.3348899881,410452.4867131517
SY4,20852.1,91,162786.68953429002,407267.84837963793
SY4,21033.1,91,162638.1779227936,404114.502443927
SY4,21215.7,91,162487.3552011176,400989.05568059854
SY4,21400.0,91,162325.92150515292,397878.6860454634
SY4,21585.8,91,162173.6056726227,394811.52101553965
SY4,21773.2,91,162006.67456131862,391752.8806111749
SY4,21962.3,91,161841.01488060562,388733.04581409995
SY4,22153.0,91,161692.05471306082,385746.5793558837
SY4,22345.3,91,161528.1094439732,382770.7324223646
SY4,22539.3,91,161366.57927974523,379835.08244139975
SY4,22735.0,91,161198.93915950094,376908.0531862435
SY4,22932.5,91,161000.482364966,374038.38568921515
SY4,23131.6,91,160870.42163871793,371161.1764358718
SY4,23332.4,91,160701.62940569216,368327.286569118
SY4,23535.0,91,160535.37567600637,365520.8434136789
SY4,23739.4,91,160366.15679864166,362720.54426273576
SY4,23945.5,91,160203.37774378664,359959.6224637491
SY4,24153.4,91,160026.4166184731,357219.8624521378
SY4,24363.1,91,159853.44941717677,354509.5080933619
SY4,24574.7,91,159684.39960416872,351805.21013136965
SY4,24788.1,91,159507.3091989183,349147.3734682138
SY4,25003.3,91,159336.1196930675,346507.5896293597
SY4,25220.4,91,159163.18685771286,343880.4668070863
SY4,25439.4,91,158979.8231798499,341281.61634720507
SY4,25660.3,91,158802.75311609733,338707.4433919214
SY4,25883.1,91,158622.76045653175,336159.56240892794
SY4,26107.8,91,158441.87466490615,333635.7328799776
SY4,26334.5,91,158264.673753798,331127.3434185659
SY4,26563.2,91,158088.43751878315,328647.90017913934
SY4,26793.8,91,157902.66136679996,326183.93178552645
SY4,27026.5,91,157719.51532720236,323735.6659501338
SY4,27261.2,91,157541.73846683008,321315.7947942093
SY4,27497.9,91,157344.49008882686,318915.7145903935
SY4,27736.6,91,157161.35499972262,316549.55499664776
SY4,27977.5,91,156979.3186109589,314186.8748598172
SY4,28220.4,91,156788.02183181958,311852.17234651133
SY4,28465.4,91,156600.92370023008,309541.7708594596
SY4,28712.6,91,156410.17115713886,307238.65109301644
SY4,28961.9,91,156223.99031261122,304964.18501114735
SY4,29213.4,91,156028.3782914249,302702.47402239015
SY4,29467.1,91,155834.0515628807,300476.46520782646
SY4,29722.9,91,155648.16761115848,298257.2543865993
SY4,29981.0,91,155442.06136123746,296063.4534292002
SY4,30241.3,91,155252.00839606972,293886.9892061507
SY4,30503.9,91,155060.39690753978,291728.13488608896
SY4,30768.8,91,154863.73267194725,289591.05475548067
SY4,31035.9,91,154668.32938021183,287474.992277711
SY4,31305.4,91,154464.25020024454,285379.1523711387
SY4,31577.2,91,154272.25732275756,283294.06020881
SY4,31851.4,91,154069.24866511297,281233.7609637783
SY4,32128.0,91,153871.62048330868,279183.4894037045
SY4,32407.0,91,153665.18812766566,277155.4493274834
SY4,32688.3,91,153463.66278176036,275148.81055762264
SY4,32972.2,91,153256.8873096401,273145.2413429237
SY4,33258.5,91,153052.95907502028,271176.8733547618
SY4,33547.3,91,152855.51242505468,269214.3819793673
SY4,33838.6,91,152648.17290126145,267280.2756996282
SY4,34132.4,91,152442.6513210845,265346.9719587438
SY4,34428.7,91,152235.10128033927,263439.9623026306
SY4,34727.7,91,152025.56375591588,261555.6151501225
SY4,35029.2,91,151816.49647824134,259684.16950790212
SY4,35333.4,91,151612.80882405775,257822.54544191933
SY4,35640.2,91,151398.87067968294,255983.1549822498
SY4,35949.6,91,151191.45504098397,254156.23448555853
SY4,36261.8,91,150981.0653379931,252338.93597586922
SY4,36576.7,91,150765.20968830152,250546.8294548808
SY4,36894.3,91,150553.29675615247,248769.38445065255
SY4,37214.6,91,150342.44585764315,247010.50496003963
SY4,37537.7,91,150129.02948866432,245264.9537330805
SY4,37863.7,91,149912.92404642506,243530.43119441177
SY4,38192.4,91,149699.6883406163,241809.18329337033
SY4,38524.1,91,149484.26658469974,240105.13897821758
SY4,38858.6,91,149265.82434409045,238427.76606803414
SY4,39196.0,91,149055.24333856135,236752.5213421417
SY4,39536.3,91,148834.28521696545,235088.12136841522
SY4,39879.6,91,148616.0999343282,233445.05358296016
SY4,40225.9,91,148397.75534812434,231816.6231228313
SY4,40575.2,91,148169.6107731399,230188.5347094195
SY4,40927.5,91,147951.91920202243,228592.1046616442
SY4,41282.9,91,147734.71484088255,227003.7320056512
SY4,41641.3,91,147510.5283800741,225430.87864842947
SY4,42002.9,91,147289.9745274474,223869.7611402822
SY4,42367.6,91,147064.98738953416,222323.2974865616
SY4,42735.5,91,146848.1300123336,220785.86193381745
SY4,43106.5,91,146626.53584188982,219266.4445137981
SY4,43480.8,91,146399.76573299873,217753.34579904258
SY4,43858.4,91,146180.0259960393,216270.2474158514
SY4,44239.2,91,145954.9090011972,214779.83435295013
SY4,44623.3,91,145722.93916737149,213310.60043112238
SY4,45010.8,91,145497.40470010994,211851.29628496116
SY4,45401.6,91,145269.58944506344,210405.00945832534
SY4,45795.8,91,145048.05476709406,208970.62943016214
SY4,46193.5,91,144821.46644095445,207554.24178222712
SY4,46594.6,91,144588.75915078906,206140.17404298257
SY4,46999.2,91,144366.64583167544,204743.79076941404
SY4,47407.3,91,144137.8230828581,203360.09008574035
SY4,47818.9,91,143912.40868539648,201990.3259944097
SY4,48234.1,91,143675.06037815075,200624.752429925
SY4,48652.9,91,143450.22391030958,199277.40069369294
SY4,49075.4,91,143217.63670631655,197937.5788004331
SY4,49501.5,91,142987.4433328839,196614.03518267503
SY4,49931.3,91,142761.51298823362,195293.35224399422
SY4,50364.9,91,142560.02404161973,193982.53174166437
SY4,50802.2,91,142301.1680239547,192718.0922422903
SY4,51243.3,91,142078.2494223127,191422.27183563364
SY4,51688.2,91,141828.94501223398,190156.19508638527
SY4,52137.0,91,141617.4070819375,188899.42340556026
SY4,52589.8,91,141349.60609758084,187663.11338961878
SY4,53046.4,91,141128.7998794357,186414.94625658187
SY4,53507.0,91,140877.3072025335,185201.3357227972
SY4,53971.6,91,140619.60579207412,183978.70407433403
SY4,54440.2,91,140397.5076528751,182789.19464587318
SY4,54912.9,91,140152.2260084994,181581.28727365506
SY4,55389.7,91,139926.19261097026,180404.11316393368
SY4,55870.7,91,139689.93721931547,179217.53702822505
SY4,56355.8,91,139462.5148971356,178062.1026668657
SY4,56845.1,91,139246.159087105,176900.10962187315
SY4,57338.7,91,139003.77666742756,175734.83470798968
SY4,57836.6,91,138768.29339559516,174611.36037108078
SY4,58338.8,91,138551.38411581068,173476.4732397253
SY4,58845.3,91,138314.93967918053,172369.5041603531
SY4,59356.3,91,138003.94681974777,171146.8776105365
SY4,59871.7,91,137844.19426049263,170166.92048599405
SY4,60391.6,91,137601.9903464581,169083.92802015692
SY4,60915.9,91,137365.0649112528,167993.55047811882
SY4,61444.9,91,137123.32381621734,166912.90726900284
SY4,61978.4,91,136891.98805092234,165839.0434874351
SY4,62516.5,91,136664.28906792976,164800.12441440969
SY4,63059.4,91,136412.384377718,163738.26958120996
SY4,63606.9,91,136212.8203011089,162704.31849852382
SY4,64159.2,91,135962.1212692383,161665.11919743693
SY4,64716.3,91,135720.90477041088,160646.08351785864
SY4,65278.2,91,135484.16370108578,159642.17986519512
SY4,65845.1,91,135229.5097682599,158629.74960592474
SY4,66416.8,91,134986.85710344592,157623.7750244483
SY4,66993.5,91,134764.94784521562,156622.85148690487
SY4,67575.2,91,134507.9800248408,155649.3143621141
SY4,68161.9,91,134272.27411576454,154675.0937626369
SY4,68753.8,91,133998.75640927494,153718.81486550448
SY4,69350.8,91,133775.6055637945,152755.76438833147
SY4,69952.9,91,133528.51538858938,151813.21060761297
SY4,70560.3,91,133290.3421719457,150867.8379437418
SY4,71173.0,91,133048.99116542022,149925.18740480626
SY4,71791.0,91,132823.48923829,149006.06784936046
SY4,72414.4,91,132564.20592055426,148093.76651921673
SY4,73043.1,91,132337.29179981843,147172.14310142773
SY4,73677.4,91,132091.29712413708,146280.69275062968
SY4,74317.1,91,131847.52982258287,145399.91645009004
SY4,74962.4,91,131607.87710215946,144488.1846229759
SY4,75613.3,91,131385.1556421308,143612.5446000606
SY4,76269.9,91,131132.93246747163,142740.9379106044
SY4,76932.1,91,130903.05342125383,141870.70032194196
SY4,77600.1,91,130551.32574968998,140959.4112009057
SY4,78273.9,91,130417.22759127297,140162.06509015756
SY4,78953.6,91,130172.26898253598,139313.0802261507
SY4,79639.1,91,129945.7312232321,138464.32686736024
SY4,80330.6,91,129701.10564558463,137637.3951377163
SY4,81028.1,91,129459.1331746671,136820.24758044776
SY4,81731.7,91,129216.14190613932,136010.33246495688
SY4,82441.4,91,128982.99853036048,135191.54766083282
SY4,83157.2,91,128743.81636508949,134380.92253257488
SY4,83879.3,91,128494.1687133217,133590.04833157014
SY4,84607.6,91,128266.25294253098,132796.22453612782
SY4,85342.2,91,128038.86629839236,132001.33379628274
SY4,86083.2,91,127778.861929672,131224.56172079378
SY4,86830.7,91,127538.6961822622,130455.3130725458
SY4,87584.7,91,127297.06247690314,129687.75970918659
SY4,88345.2,91,127048.74327646162,128935.51593516947
SY4,89112.3,91,126809.34243523856,128185.8974715324
SY4,89886.0,91,126588.83621470834,127426.75343977666
SY4,90666.5,91,126342.5819609357,126687.4880058786
SY4,91453.7,91,126092.14530672188,125958.41228598358
SY4,92247.8,91,125853.23303753114,125219.15053701501
SY4,93048.8,91,125607.9153953452,124488.71943067464
SY4,93856.8,91,125369.98868925827,123786.20869655717
SY4,94671.7,91,125126.28679121254,123068.62590417576
SY4,95493.8,91,124891.23844779388,122362.33237461772
SY4,96322.9,91,124658.03890009428,121644.43732528937
SY4,97159.3,91,124415.87901760577,120951.13676195456
SY4,98002.9,91,124174.15047404422,120274.30231995379
SY4,98853.9,91,123930.39682208833,119579.58184604793
SY4,99712.2,91,123690.63866386247,118894.26919855207
SY4,100578.0,91,123442.4182140701,118220.37685025664
SY4,101451.0,91,123211.53128343815,117552.74274162395
SY4,102332.0,91,122968.35316946264,116891.41430545913
SY4,103221.0,91,122727.37790500108,116239.42245096098
SY4,104117.0,91,122495.54538524793,115559.56217678882
SY4,105021.0,91,122252.97244176547,114934.95567783287
SY4,105933.0,91,122022.2409826851,114275.90621915074
SY4,106853.0,91,121768.78010838677,113635.09126493493
SY4,107781.0,91,121534.06432009216,113017.48207260747
SY4,108716.0,91,121301.55627456916,112374.06555810133
SY4,109660.0,91,121064.27373502911,111754.80733246212
SY4,110613.0,91,120809.80088110367,111130.39499824568
SY4,111573.0,91,120585.8076606751,110512.79731400752
SY4,112542.0,91,120368.64057238761,109908.9760173819
SY4,113519.0,91,120122.44609208374,109337.89586418026
SY4,114505.0,91,119890.48108589742,108725.68375393197
SY4,115499.0,91,119659.4244979489,108132.34745222385
SY4,116502.0,91,119428.16921557924,107523.4163681786
SY4,117513.0,91,119173.51533984182,106954.56393588512
SY4,118534.0,91,118956.86511559594,106355.60325003519
SY4,119563.0,91,118714.36932767213,105769.90150820428
SY4,120601.0,91,118464.46630164278,105213.91494077958
SY4,121648.0,91,118232.02985555312,104651.06526388027
SY4,122705.0,91,117991.19338856691,104075.21255460501
SY4,123770.0,91,117758.36568187666,103516.26723615335
SY4,124845.0,91,117535.63829780213,102961.36491332858
SY4,125929.0,91,117299.09028115815,102398.64484443811
SY4,127022.0,91,117059.95938074411,101843.35269903608
SY4,128125.0,91,116839.4795802087,101308.80233906185
SY4,129238.0,91,116588.89947404932,100754.7900514044
SY4,130360.0,91,116361.18631143747,100216.15719941293
SY4,131492.0,91,116119.19475985832,99703.85408762297
SY4,132634.0,91,115883.6985822166,99162.01704530815
SY4,133785.0,91,115664.08438322485,98644.80015638264
SY4,134947.0,91,115437.62309581072,98120.11750395005
SY4,136119.0,91,115183.66490129236,97600.9687033758
SY4,137300.0,91,114952.7581188686,97087.59999635257
SY4,138493.0,91,114728.92103096556,96573.0832179348
SY4,139695.0,91,114490.96403539626,96066.26106958356
SY4,140908.0,91,114253.83385064102,95580.51167322198
SY4,142132.0,91,114029.10547710808,95076.63383405894
SY4,143366.0,91,113816.68666549347,94573.6695643653
SY4,144611.0,91,113565.88952434763,94099.2064835714
SY4,145866.0,91,113335.00255936534,93593.06277944452
SY4,147133.0,91,113093.17555433493,93110.84813934988
SY4,148410.0,91,112857.27598960299,92638.36364916395
SY4,149699.0,91,112643.20263210313,92156.69023209775
SY4,150999.0,91,112400.12653175351,91691.88806089132
SY4,152310.0,91,112189.97641124754,91227.32897639404
SY4,153633.0,91,111948.69902561688,90742.94581363605
SY4,154966.0,91,111725.50626911334,90293.83521114972
SY4,156312.0,91,111501.54232949083,89833.60559397245
SY4,157669.0,91,111258.14114826456,89375.53987506762
SY4,159038.0,91,111037.57230215074,88917.14959899492
SY4,160419.0,91,110811.30992789964,88468.37312104065
SY4,161812.0,91,110577.28211430364,88034.36862396318
SY4,163217.0,91,110339.97142704735,87581.75979042861
SY4,164634.0,91,110114.88305440824,87142.75615743692
SY4,166064.0,91,109910.78765280332,86705.17066451826
SY4,167506.0,91,109670.45380197954,86278.89388613049
SY4,168960.0,91,109447.73739602389,85847.9133099453
SY4,170427.0,91,109214.11355487404,85417.70166508824
SY4,171907.0,91,108999.36738494757,84995.85398865593
SY4,173400.0,91,108762.03409310456,84575.98802847826
SY4,174906.0,91,108532.51508325356,84157.62913414299
SY4,176424.0,91,108315.38319527975,83731.94934310732
SY4,177956.0,91,108092.60876649387,83318.57800116201
SY4,179501.0,91,107871.38105829083,82910.90248638723
SY4,181060.0,91,107640.31701801928,82505.8114149114
SY4,182632.0,91,107412.7375823088,82100.36794133
SY4,184218.0,91,107187.00674424345,81693.05769807275
SY4,185817.0,91,106972.11776686192,81308.13509750731
SY4,187431.0,91,106742.63505227189,80904.09051859677
SY4,189058.0,91,106535.40666312442,80512.19136612411
SY4,190700.0,91,106291.10461130146,80128.38202775555
SY4,192356.0,91,106083.22814487267,79735.85295274848
SY4,194026.0,91,105855.40050941338,79353.7471256968
SY4,195711.0,91,105639.12730235871,78968.08044856843
SY4,197410.0,91,105423.29541332666,78587.83099482015
SY4,199124.0,91,105198.44941354667,78207.05713584572
SY4,200853.0,91,104976.58250557363,77841.17289390271
SY4,202597.0,91,104761.10153231089,77457.47010980126
SY4,204356.0,91,104535.40378491548,77094.93192983473
SY4,206131.0,91,104325.7914491536,76726.33975280209
SY4,207921.0,91,104095.59224051937,76355.38260139593
SY4,209726.0,91,103882.42693222023,75997.03671104043
SY4,211547.0,91,103659.14457539761,75641.93726316391
SY4,213384.0,91,103449.90344826369,75279.99217720481
SY4,215237.0,91,103230.0571672331,74914.62445095865
SY4,217106.0,91,103013.85244316413,74568.4969766556
SY4,218991.0,91,102796.57774265001,74230.63596546193
SY4,220892.0,91,102586.2182261511,73870.81179178135
SY4,222810.0,91,102375.07871774628,73532.53248944483
SY4,224745.0,91,102146.44512206325,73185.23575369158
SY4,226696.0,91,101935.06278773172,72841.18402591064
SY4,228665.0,91,101719.34979842264,72507.23522988276
SY4,230650.0,91,101511.42991133149,72168.42012065255
SY4,232653.0,91,101289.13844186394,71838.59889695529
SY4,234673.0,91,101079.06871910779,71506.8053897226
SY4,236711.0,91,100870.65923154567,71167.23322974017
SY4,238766.0,91,100657.65867716717,70852.62537330674
SY4,240839.0,91,100446.66169458743,70519.17015811424
SY4,242930.0,91,100238.66786928159,70195.69291586815
SY4,245040.0,91,100026.96167888686,69872.99094824366
SY4,247167.0,91,99805.19245482663,69551.02827629827
SY4,249314.0,91,99602.15104399346,69241.54167718995
SY4,251478.0,91,99391.92997576893,68919.2912922462
SY4,253662.0,91,99182.45790614231,68601.92197771707
SY4,255864.0,91,98974.35014042103,68292.61892287814
SY4,258086.0,91,98762.4024881063,67989.24706719835
SY4,260327.0,91,98551.07279775191,67693.0291634527
SY4,262588.0,91,98347.31134385087,67369.81639919236
SY4,264868.0,91,98143.81875343648,67064.19551739846
SY4,267167.0,91,97932.41550259959,66766.40047139168
SY4,269487.0,91,97723.8483314596,66461.44076401331
SY4,271827.0,91,97525.18227498258,66159.6703171372
SY4,274187.0,91,97304.54570698505,65887.56080400327
SY4,276568.0,91,97107.31696622854,65577.41798694301
SY4,278970.0,91,96908.33484182211,65280.38548514349
SY4,281392.0,91,96697.39392533101,64993.87674937494
SY4,283835.0,91,96502.95109834752,64700.70516583725
SY4,286300.0,91,96289.03043501705,64408.30573494259
SY4,288786.0,91,96090.15806004437,64132.15611853464
SY4,291293.0,91,95886.78764916613,63846.31136887298
SY4,293823.0,91,95683.74965434769,63567.557746079336
SY4,296374.0,91,95480.75525185696,63285.08281136591
SY4,298947.0,91,95280.26544866149,62997.692113696416
SY4,301543.0,91,95081.04532759101,62730.11892950953
SY4,304161.0,91,94878.64313480128,62442.92275967546
SY4,306802.0,91,94681.1048143038,62167.13412727304
SY4,309466.0,91,94476.58738177421,61903.84834038067
SY4,312153.0,91,94275.48017567713,61626.60114002689
SY4,314864.0,91,94084.29701005104,61354.545022867664
SY4,317598.0,91,93888.05731245595,61089.102682119694
SY4,320355.0,91,93676.59175476825,60830.106013401266
SY4,323137.0,91,93485.33726992937,60561.96413498609
SY4,325943.0,91,93271.43514127571,60306.98128388226
SY4,328773.0,91,93089.80157580959,60042.88503062928
SY4,331628.0,91,92898.34887114332,59770.7310960626
SY4,334507.0,91,92696.82543135248,59509.3904053137
SY4,337412.0,91,92501.6719877745,59258.792228670274
SY4,340341.0,91,92302.47747159417,59004.704648910934
SY4,343297.0,91,92112.68847617337,58750.30795336588
SY4,346278.0,91,91924.69600231232,58491.46530912068
SY4,349284.0,91,91729.2943018095,58246.19834533757
SY4,352317.0,91,91536.25576881354,57992.7885650048
SY4,355376.0,91,91338.10808410334,57753.38129245106
SY4,358462.0,91,91145.38467109503,57502.005299891076
SY4,361574.0,91,90958.64327357039,57257.10293046739
SY4,364714.0,91,90764.00859373446,57006.59887184459
SY4,367881.0,91,90574.45544124731,56765.49437237653
SY4,371075.0,91,90383.11481736126,56524.1498434329
SY4,374297.0,91,90196.14517338056,56277.663319748164
SY4,377547.0,91,90013.17912195456,56041.348522346925
SY4,380825.0,91,89821.57343339956,55807.26423269965
SY4,384132.0,91,89635.89222432429,55569.893873529225
SY4,387468.0,91,89445.72947863762,55334.074492716485
SY4,390832.0,91,89267.0101735917,55098.85898641449
SY4,394225.0,91,89076.81576393444,54864.521797110305
SY4,397649.0,91,88888.22320124727,54636.0801077839
SY4,401101.0,91,88682.90976122931,54428.02458295142
SY4,404584.0,91,88516.50025133968,54180.524155164465
SY4,408097.0,91,88338.81042863365,53950.390503990486
SY4,411641.0,91,88153.6873788984,53725.2253369784
SY4,415215.0,91,87961.05562454429,53499.876256872434
SY4,418820.0,91,87788.54119161352,53272.023440413235
SY4,422457.0,91,87602.8949252289,53048.55683879401
SY4,426125.0,91,87423.93907684335,52825.56072396333
SY4,429825.0,91,87242.19065199619,52613.525474645096
SY4,433557.0,91,87056.54070821487,52393.67085011424
SY4,437322.0,91,86881.8112500531,52170.63674944654
SY4,441119.0,91,86707.05364781016,51952.31376674261
SY4,444949.0,91,86522.11716905802,51734.23237345339
SY4,448813.0,91,86347.35571697057,51524.22824628008
SY4,452710.0,91,86167.77648443943,51308.63590430161
SY4,456641.0,91,86003.31421778628,51102.39442609638
SY4,460606.0,91,85819.14940280707,50884.599466164545
SY4,464605.0,91,85638.49254253472,50678.54584869909
SY4,468639.0,91,85466.31649096108,50466.34950771077
SY4,472708.0,91,85296.07302950732,50255.058352049644
SY4,476813.0,91,85120.33870155422,50054.901398716465
SY4,480953.0,91,84948.55685694484,49847.19381969277
SY4,485129.0,91,84770.96260964978,49640.80333766103
SY4,489341.0,91,84605.88812779635,49437.31219437924
SY4,493590.0,91,84428.41817839924,49236.60581051347
SY4,497876.0,91,84260.23924315159,49035.70849247202
SY4,502199.0,91,84084.29911488059,48840.439821404245
SY4,506560.0,91,83916.52033662383,48625.13963607102
SY4,510958.0,91,83746.92612478875,48426.95645248687
SY4,515395.0,91,83572.51998466124,48238.55977395234
SY4,519870.0,91,83399.08152993728,48033.911561011635
SY4,524384.0,91,83227.45726601304,47836.45774654719
SY4,528937.0,91,83058.02877576032,47644.62391083311
SY4,533530.0,91,82889.42294057096,47447.20816056512
SY4,538163.0,91,82718.65597268846,47248.30689179864
SY4,542836.0,91,82550.34202491818,47064.69040931514
SY4,547549.0,91,82387.52155069195,46866.36353543626
SY4,552303.0,91,82216.90997006989,46675.15184309385
SY4,557099.0,91,82046.40562307747,46485.997324589065
SY4,561936.0,91,81884.25511307926,46300.90766102035
SY4,566816.0,91,81720.44475886415,46107.067436648256
SY4,571737.0,91,81551.72032152198,45920.158739034654
SY4,576702.0,91,81393.82484438797,45732.32633932369
SY4,581709.0,91,81224.46079985701,45543.02214614843
SY4,586760.0,91,81063.56532916953,45364.329716741624
SY4,591855.0,91,80903.06447061755,45177.76983779837
SY4,596994.0,91,80738.22539516097,44995.36889401626
SY4,602178.0,91,80581.88568907777,44808.20634848571
SY4,607406.0,91,80418.49489976498,44626.620023598414
SY4,612680.0,91,80256.68823492384,44450.21009264926
SY4,618000.0,91,80097.1875015442,44269.29790372448
SY4,623366.0,91,79945.5844184444,44094.656419527586
SY4,628779.0,91,79784.49703468189,43913.411836155
SY4,634239.0,91,79623.33519828753,43738.01648771025
SY4,639746.0,91,79472.93591591189,43557.58761794954
SY4,645301.0,91,79310.17988725784,43376.62716258928
SY4,650904.0,91,79163.71085909246,43205.55930736107
SY4,656556.0,91,79014.73654509884,43027.11422342603
SY4,662257.0,91,78850.41795456063,42867.3608207583
SY4,668007.0,91,78695.78534017906,42689.20832658997
SY4,673807.0,91,78547.51604901787,42522.940621545815
SY4,679658.0,91,78399.9498245869,42360.99071739525
SY4,685559.0,91,78243.8661350837,42181.784664300976
SY4,691512.0,91,78094.17945926823,42015.632564395135
SY4,697516.0,91,77943.54383494772,41841.315011486506
SY4,703573.0,91,77792.09815891854,41689.73381448097
SY4,709682.0,91,77645.47128722847,41515.08903567807
SY4,715844.0,91,77497.28084619004,41348.933082150674
SY4,722060.0,91,77349.60424741833,41187.27593493658
SY4,728330.0,91,77204.46232091743,41025.109231629365
SY4,734654.0,91,77064.06948924105,40865.167875931475
SY4,741033.0,91,76916.30171137312,40698.79172336421
SY4,747467.0,91,76765.00652093014,40547.42350732479
SY4,753957.0,91,76630.01077851467,40381.74193969689
SY4,760504.0,91,76482.77164228554,40222.490520599495
SY4,767107.0,91,76344.13906372178,40069.33183029633
SY4,773768.0,91,76204.71966694476,39907.64739418624
SY4,780487.0,91,76065.47279535784,39749.67243468356
SY4,787264.0,91,75918.80254624959,39604.39635499294
SY4,794099.0,91,75788.05924181755,39445.705680950516
SY4,800995.0,91,75641.72907447236,39289.04391627378
SY4,807950.0,91,75510.40115349753,39140.87426457812
SY4,814965.0,91,75355.29909329815,38984.58803557403
SY4,822041.0,91,75236.14151562427,38838.587648801426
SY4,829179.0,91,75099.95289117494,38691.45642005086
SY4,836379.0,91,74968.33247290962,38543.87328403281
SY4,843641.0,91,74832.04855221885,38394.57637489585
SY4,850966.0,91,74697.51589850764,38242.74810347915
SY4,858355.0,91,74565.44346191327,38100.42657888958
SY4,865808.0,91,74435.11568131948,37958.66510353103
SY4,873326.0,91,74297.2061428063,37815.818382188736
SY4,880909.0,91,74163.46535569678,37671.670365538084
SY4,888558.0,91,74034.24863820175,37528.528791323515
SY4,896273.0,91,73907.579806038,37392.03411494086
SY4,904056.0,91,73772.05252304013,37248.62400664336
SY4,911906.0,91,73655.95741671692,37105.025770580796
SY4,919824.0,91,73518.71754017903,36966.25619956226
SY4,927811.0,91,73387.50562403949,36826.97641074611
SY4,935867.0,91,73269.13012032624,36694.60595226387
SY4,943993.0,91,73149.02198928838,36559.9081257394
SY4,952190.0,91,73018.64731979347,36425.1694794468
SY4,960457.0,91,72895.83834037307,36287.19606292104
SY4,968797.0,91,72767.8723561487,36158.06831238456
SY4,977209.0,91,72644.28007043793,36023.804072328065
SY4,985694.0,91,72524.29419614848,35897.46116640238
SY4,994253.0,91,72406.3641406682,35758.884164994204
M35,10000.0,112,141164.92894429204,1002161.1992985178
M35,10086.8,112,141272.57272546596,993821.536083156
M35,10174.4,112,141842.52361794488,988371.7898924802
M35,10262.8,112,141360.14617122523,977582.2748598589
M35,10351.9,112,141944.23614315267,972544.3794711038
M35,10441.8,112,141214.9995946779,961095.8991235641
M35,10532.4,112,140954.53765474385,952622.012245643
M35,10623.9,112,140911.999512624,944555.7119025058
M35,10716.1,112,141909.49834130806,940013.8534677168
M35,10809.2,112,141603.3640421861,931633.1008064635
M35,10903.0,112,141157.79407203954,922303.4427981458
M35,10997.7,112,140766.43851302264,913198.2301577118
M35,11093.2,112,140769.70860678903,905709.4060910343
M35,11189.5,112,141310.46719211445,899785.0255178978
M35,11286.7,112,141648.94044723242,893726.4314347338
M35,11384.7,112,140578.38829318737,883066.6917635425
M35,11483.5,112,141395.25099810617,878604.032728789
M35,11583.2,112,141697.10688003522,872246.2656006297
M35,11683.8,112,142248.34940471323,866732.2926637862
M35,11785.3,112,140400.73354386547,853690.0674367645
M35,11887.6,112,140362.23114751623,846540.8913137696
M35,11990.8,112,140431.2333039023,839708.8339557387
M35,12094.9,112,141242.5372552606,835757.294104016
M35,12199.9,112,140426.51972808383,826177.5771375939
M35,12305.9,112,140288.81447644273,818794.0763852595
M35,12412.7,112,140091.00463221173,811742.3300143285
M35,12520.5,112,140497.10017266282,806232.4973983916
M35,12629.2,112,141509.11596619047,802746.9924180356
M35,12738.9,112,140133.59333689598,792053.0387829882
M35,12849.5,112,140530.51678771764,786984.5185332301
M35,12961.1,112,139850.21858124077,778478.7193176973
M35,13073.6,112,140541.5279597796,774317.9803746556
M35,13187.1,112,141724.92950320808,770849.5656752128
M35,13301.6,112,140495.4567092679,761546.3126689208
M35,13417.1,112,139789.0007181347,753390.0132012602
M35,13533.6,112,139653.76734922628,746737.8580664684
M35,13651.1,112,139978.37430693326,741013.1041522139
M35,13769.7,112,139563.48148309978,734402.543651687
M35,13889.2,112,139443.84682386293,728186.4896296312
M35,14009.8,112,139578.59252732963,722579.7905764307
M35,14131.5,112,139510.29822073766,716456.4043728069
M35,14254.2,112,139427.47948813858,710470.8907122909
M35,14378.0,112,139136.6390246421,704291.1869706239
M35,14502.8,112,139112.821572981,698456.2849159925
M35,14628.7,112,139268.67633404513,692961.2434220538
M35,14755.7,112,139326.84372876043,687922.4639414093
M35,14883.9,112,140090.20420476908,684114.9187589044
M35,15013.1,112,138848.02762706438,675618.597862209
M35,15143.5,112,139778.44473170067,672393.3776101866
M35,15275.0,112,139586.37681067956,666552.2969664804
M35,15407.6,112,139464.1858065546,660953.076227379
M35,15541.4,112,138731.00394714155,653760.8357185158
M35,15676.3,112,138771.0337252861,648640.0656228587
M35,15812.4,112,138469.83019718362,642887.0108144241
M35,15949.7,112,138390.30845084053,637596.4220034779
M35,16088.2,112,139168.07869698448,634212.9134283373
M35,16227.9,112,139161.89926933043,629194.5188661668
M35,16368.8,112,138171.86929193322,622025.0069170436
M35,16511.0,112,138120.62802812352,616899.5287257808
M35,16654.3,112,138034.9166063988,611841.9893447297
M35,16798.9,112,138105.76354343386,606977.3751678815
M35,16944.8,112,137938.00519802992,602013.0528825432
M35,17091.9,112,137815.76793181757,596936.1673272125
M35,17240.3,112,137856.0274535777,592180.9294772175
M35,17390.0,112,137810.92347542447,587504.5230291211
M35,17541.0,112,137597.57986187647,582423.7907120666
M35,17693.3,112,137719.5542553814,577893.7945603011
M35,17847.0,112,137445.43809881408,572959.5925575941
M35,18001.9,112,137346.2968299194,568268.309324354
M35,18158.2,112,137896.20892107152,565034.3519485936
M35,18315.9,112,137280.071652704,559144.4600170874
M35,18474.9,112,137679.89024063686,555743.7861080158
M35,18635.4,112,137633.8165598335,551334.4488792816
M35,18797.2,112,137880.4039119801,547287.3019312124
M35,18960.4,112,136877.72788853498,541130.1087968928
M35,19125.0,112,136786.20132696436,536735.4073407606
M35,19291.1,112,136879.37101737896,532801.0984218699
M35,19458.6,112,136788.44350034412,528221.8134449667
M35,19627.5,112,136519.83625983025,523819.1211899921
M35,19798.0,112,136586.6189496543,519820.26515320723
M35,19969.9,112,136375.47035328855,515402.76270639367
M35,20143.3,112,136911.4041946973,512369.40038198757
M35,20318.2,112,136172.52583400666,507101.6110036457
M35,20494.6,112,136266.6156467439,503189.36908361735
M35,20672.6,112,135986.83952001683,498972.3983927194
M35,20852.1,112,136748.77622017986,496334.7228327552
M35,21033.1,112,135973.16228420424,491142.1147222018
M35,21215.7,112,135708.47475168115,487034.25940367894
M35,21400.0,112,135877.71166175778,483345.30278468557
M35,21585.8,112,136436.11857496502,480748.7640702943
M35,21773.2,112,136431.1548288551,477032.9386830118
M35,21962.3,112,136270.74862714918,473156.1277524615
M35,22153.0,112,135212.2106527746,467822.336814258
M35,22345.3,112,136247.32728607638,465923.4853982996
M35,22539.3,112,136226.03079400625,462224.83865357266
M35,22735.0,112,135941.6560545357,458337.893749498
M35,22932.5,112,134839.9537986274,453082.7156123389
M35,23131.6,112,134697.70195465785,449463.8449874654
M35,23332.4,112,134800.19078185744,446052.0728229289
M35,23535.0,112,135210.57296379705,443613.1649201444
M35,23739.4,112,135104.7760979881,440063.9007527402
M35,23945.5,112,135402.38629082404,437155.1289398718
M35,24153.4,112,135205.06519603633,433448.5929105127
M35,24363.1,112,134311.76838709993,428906.7754250035
M35,24574.7,112,133960.66910594757,425125.08235121483
M35,24788.1,112,134647.9956599408,423049.6999054946
M35,25003.3,112,134377.20389143494,419468.9731144796
M35,25220.4,112,134292.66144434013,416227.60126204876
M35,25439.4,112,133510.09902682275,411865.3148382997
M35,25660.3,112,133385.94203754107,408633.31204192206
M35,25883.1,112,133273.10539188044,405423.9962328853
M35,26107.8,112,134012.79430175573,403555.6324637174
M35,26334.5,112,133036.26140543917,399100.63031267823
M35,26563.2,112,133024.88861287647,396036.721220576
M35,26793.8,112,132798.12272295824,392865.67269978556
M35,27026.5,112,132691.16634089095,389811.191751671
M35,27261.2,112,132708.35497364833,386853.5241881368
M35,27497.9,112,133509.40578905123,385128.2017837109
M35,27736.6,112,133367.94718413724,382097.82690334413
M35,27977.5,112,133247.07536529284,379144.21911565756
M35,28220.4,112,132996.57851342869,376209.1685574942
M35,28465.4,112,131934.1530798229,371943.2661946051
M35,28712.6,112,131809.2139487895,369076.45681632386
M35,28961.9,112,132605.44088907182,367335.76672126126
M35,29213.4,112,132437.1428120261,364626.254503023
M35,29467.1,112,131653.88686549428,360701.09514690633
M35,29722.9,112,131299.35778943758,357807.1053526203
M35,29981.0,112,131374.04662992552,355165.43629272317
M35,30241.3,112,131049.32889381271,352320.7962512364
M35,30503.9,112,132689.47662502035,351899.01118555985
M35,30768.8,112,132101.21487253258,348522.7996123602
M35,31035.9,112,130631.74511959939,344272.362541671
M35,31305.4,112,131256.8221125033,342482.3087110316
M35,31577.2,112,130384.1870721179,339032.63594946684
M35,31851.4,112,130240.13050280054,336445.992488824
M35,32128.0,112,130589.0113087726,334386.37874738994
M35,32407.0,112,129953.34465394092,331336.27171522076
M35,32688.3,112,131257.92576019405,330460.9783457933
M35,32972.2,112,130603.52538694453,327325.4640296722
M35,33258.5,112,130307.83339237723,324805.9663765085
M35,33547.3,112,130479.93426178962,322560.09655928577
M35,33838.6,112,130909.92688453835,320820.195907256
M35,34132.4,112,129229.330654228,316614.6798561044
M35,34428.7,112,129178.17603420836,314240.70815457025
M35,34727.7,112,128981.05591231059,311962.0842661982
M35,35029.2,112,129553.11436358087,310372.928862703
M35,35333.4,112,128668.31173712556,307189.3265657805
M35,35640.2,112,128357.2099106755,304822.4033466516
M35,35949.6,112,128914.48461790667,303300.14117264986
M35,36261.8,112,128429.08889563543,300583.0347988017
M35,36576.7,112,128100.9512230514,298241.97239465493
M35,36894.3,112,127989.0769275076,295901.32045582344
M35,37214.6,112,128659.71981138863,294575.9458504745
M35,37537.7,112,127589.24293440957,291464.6094774164
M35,37863.7,112,127424.30699477735,289301.97115589876
M35,38192.4,112,128033.40753102477,287894.93283423054
M35,38524.1,112,128156.79065748431,286062.6536847047
M35,38858.6,112,128347.4779062985,284326.9534897394
M35,39196.0,112,126670.0163617072,280787.2960149827
M35,39536.3,112,127292.00496511142,279517.1737246098
M35,39879.6,112,126567.09112141395,276877.92526283534
M35,40225.9,112,126210.04984880239,274635.13754948095
M35,40575.2,112,127130.12387139675,273507.07752120966
M35,40927.5,112,125910.76101031549,270619.26368272887
M35,41282.9,112,126887.0494979834,269537.57874008454
M35,41641.3,112,125694.99965410892,266682.8246879176
M35,42002.9,112,126343.5073656656,265521.25081363926
M35,42367.6,112,125916.9224285309,263493.06726261665
M35,42735.5,112,125062.09477135034,260879.8208170545
M35,43106.5,112,124954.47754831104,259020.47316603322
M35,43480.8,112,124732.32634739639,257111.30882248102
M35,43858.4,112,125561.21253549874,256056.81176159927
M35,44239.2,112,124925.92899235665,253768.9599546074
M35,44623.3,112,124687.4812927277,251851.99826269565
M35,45010.8,112,124266.75740868604,249801.50469974015
M35,45401.6,112,124307.64611819846,248058.18150620314
M35,45795.8,112,123721.91211505147,246180.93163653451
M35,46193.5,112,123521.13652616221,244425.336330599
M35,46594.6,112,123610.35224489486,242722.54113207283
M35,46999.2,112,123496.93278524304,241131.76434956616
M35,47407.3,112,123222.27144693826,239259.03095838125
M35,47818.9,112,123866.57221667263,238253.01331377923
M35,48234.1,112,122660.38977671109,235834.3954680554
M35,48652.9,112,122491.07777706427,234151.5095067762
M35,49075.4,112,122907.69878454275,233004.78053261281
M35,49501.5,112,122416.26325816422,231092.8902261395
M35,49931.3,112,123186.08343175182,230254.180053423
M35,50364.9,112,122506.43384330922,228242.00066088326
M35,50802.2,112,122652.91192202506,226712.2298373441
M35,51243.3,112,122378.8142048079,225082.61365265126
M35,51688.2,112,122159.29248100822,223576.67277631615
M35,52137.0,112,121789.62198143566,221731.54822976462
M35,52589.8,112,121822.14206518643,220353.08127409947
M35,53046.4,112,121705.09554034882,218855.91558181142
M35,53507.0,112,121444.64057366211,217391.35599904627
M35,53971.6,112,120520.96477159776,215167.78809243714
M35,54440.2,112,120438.12756581847,213844.46179681557
M35,54912.9,112,120197.01946832932,212180.43465385918
M35,55389.7,112,120281.80505219815,211166.66311219335
M35,55870.7,112,119610.83274391257,209287.4229846246
M35,56355.8,112,119588.95399244112,207816.2594007163
M35,56845.1,112,119193.16367659786,206376.2395394118
M35,57338.7,112,120011.02831261723,205546.34717683488
M35,57836.6,112,119315.81189749646,203967.9160437822
M35,58338.8,112,118642.53189486773,202173.59799199484
M35,58845.3,112,118418.35118292898,200794.7800177851
M35,59356.3,112,119002.8146431228,200032.89850976653
M35,59871.7,112,119053.8739903739,198689.93809322908
M35,60391.6,112,117832.57962663793,196706.21389956705
M35,60915.9,112,118075.09779864036,195715.24572766153
M35,61444.9,112,117517.17074179104,194096.6611545035
M35,61978.4,112,118192.11641876833,193260.955816616
M35,62516.5,112,117799.51033491254,191815.52207116009
M35,63059.4,112,117008.07226171313,190144.82561501497
M35,63606.9,112,118064.4662042613,189797.35548177178
M35,64159.2,112,116665.19443379912,187600.48113902914
M35,64716.3,112,117035.58563914332,186844.42782863925
M35,65278.2,112,116399.52024809745,185059.12979296007
M35,65845.1,112,116879.2627250526,184551.50230646116
M35,66416.8,112,116486.6746089892,183142.16283980935
M35,66993.5,112,117267.88937616574,182356.02154903262
M35,67575.2,112,115997.72336369602,180686.41064465084
M35,68161.9,112,116080.27323054463,179484.98184995545
M35,68753.8,112,115470.60943845846,178217.4497822074
M35,69350.8,112,114681.37117790795,176652.54378662538
M35,69952.9,112,115294.5353816742,175912.97843893757
M35,70560.3,112,114746.39983839264,174313.1824545686
M35,71173.0,112,114556.80676111513,173503.14095847253
M35,71791.0,112,113847.41295794852,172070.57412981355
M35,72414.4,112,114453.54461804128,171273.7145682901
M35,73043.1,112,113472.53714545732,169815.95357938355
M35,73677.4,112,113362.23810668878,168688.08771375837
M35,74317.1,112,113276.24466399486,167579.71415305568
M35,74962.4,112,113152.95977096232,166681.5610905086
M35,75613.3,112,112765.70193369723,165500.6164601462
M35,76269.9,112,112447.39403494034,164384.0169298817
M35,76932.1,112,113040.83863479533,163725.65526610555
M35,77600.1,112,112694.8373256494,162588.86356662365
M35,78273.9,112,111829.26558861087,161216.2397015956
M35,78953.6,112,112802.29486880422,160577.67375858233
M35,79639.1,112,111700.0539176054,159281.49890685146
M35,80330.6,112,111219.55874071617,158148.48633665394
M35,81028.1,112,111720.13051257702,157538.9190795405
M35,81731.7,112,110817.6629391137,156143.28003045663
M35,82441.4,112,110850.78745930009,155075.92431044753
M35,83157.2,112,110878.99824967278,154378.92593309586
M35,83879.3,112,111290.51176580244,153541.4362987915
M35,84607.6,112,109969.6429497612,152209.419723319
M35,85342.2,112,110259.43710751434,151525.94711981516
M35,86083.2,112,110493.88665536986,150629.58220391432
M35,86830.7,112,109487.85656652538,149337.89886993013
M35,87584.7,112,109146.41965251896,148419.18831455318
M35,88345.2,112,109166.44899353854,147435.25073325727
M35,89112.3,112,108729.93956308631,146572.20091643577
M35,89886.0,112,109531.10660277517,145979.35033730385
M35,90666.5,112,109504.39832792821,145162.73498652506
M35,91453.7,112,108704.42899348853,144106.45368912307
M35,92247.8,112,108805.5123882408,143380.7812930588
M35,93048.8,112,108364.85888753876,142394.02872289054
M35,93856.8,112,107673.71086077996,141276.97558453053
M35,94671.7,112,108291.83166983769,140617.27099338575
M35,95493.8,112,107152.78802631002,139422.91360898927
M35,96322.9,112,107001.61324376408,138555.32910974757
M35,97159.3,112,107271.56417117619,138062.653573379
M35,98002.9,112,107220.21592151011,137295.866957014
M35,98853.9,112,106871.54002173939,136354.68172054918
M35,99712.2,112,106215.72615070952,135175.0388944039
M35,100578.0,112,106936.3384071062,134966.0458912922
M35,101451.0,112,106370.87832394973,133850.67190497508
M35,102332.0,112,105416.96786744145,132814.43719638977
M35,103221.0,112,106311.61645980357,132336.09596210349
M35,104117.0,112,105635.92225424672,131521.3217886465
M35,105021.0,112,104723.62463393707,130429.29447673843
M35,105933.0,112,105001.71103854972,129818.19808833058
M35,106853.0,112,105323.82967501618,129106.18600927356
M35,107781.0,112,104100.6387346423,128084.38806084049
M35,108716.0,112,103877.71390637173,127342.60888971998
M35,109660.0,112,103767.28812420329,126520.48791449623
M35,110613.0,112,103526.51171630724,125864.95036071145
M35,111573.0,112,104168.37910502696,125310.24120050685
M35,112542.0,112,103540.54032468922,124323.50701053727
M35,113519.0,112,102798.06481529716,123602.11593617991
M35,114505.0,112,102595.79819734309,122875.67691877739
M35,115499.0,112,102586.59856811592,122061.82721729603
M35,116502.0,112,103342.09336671668,121857.67611223305
M35,117513.0,112,102234.53723726342,120834.43147457505
M35,118534.0,112,102774.95668499699,120196.31359944423
M35,119563.0,112,101759.68081591712,119195.39880052867
M35,120601.0,112,101314.58882020105,118613.24275508785
M35,121648.0,112,101837.09259650517,118111.03958558572
M35,122705.0,112,101019.53597397014,117169.45022922223
M35,123770.0,112,100668.19505193213,116561.87312213155
M35,124845.0,112,100491.5680640653,115882.25162269194
M35,125929.0,112,100602.76501661204,115158.69119933009
M35,127022.0,112,100185.21956543124,114594.31927243191
M35,128125.0,112,99824.46892769454,113904.16480984534
M35,129238.0,112,99606.75251333477,113243.9879143637
M35,130360.0,112,100547.09795857451,112786.1784810664
M35,131492.0,112,99743.04518770131,111920.4269010071
M35,132634.0,112,98964.9319225632,111320.05022603486
M35,133785.0,112,99744.25235492087,110784.60271232328
M35,134947.0,112,98808.95265291077,109900.3624150167
M35,136119.0,112,99228.53309179656,109741.74611800686
M35,137300.0,112,99106.07373909015,109150.14063365801
M35,138493.0,112,97904.39614436345,108184.67110500974
M35,139695.0,112,97874.3889396399,107622.15484990895
M35,140908.0,112,97959.06812382198,107131.20275033262
M35,142132.0,112,98259.3341104433,106580.3675681357
M35,143366.0,112,97897.65683029858,106039.78908839221
M35,144611.0,112,97959.89571662706,105292.40245918781
M35,145866.0,112,96794.8634575178,104506.62341568655
M35,147133.0,112,96663.33360046621,103867.52359405824
M35,148410.0,112,97238.2078399174,103539.12036804983
M35,149699.0,112,96983.1841893801,102998.50220000748
M35,150999.0,112,96523.47145841652,102548.28206238356
M35,152310.0,112,96197.62687198815,101931.56464835226
M35,153633.0,112,95785.38006178782,101294.09485745289
M35,154966.0,112,96377.83027388887,100713.48174462523
M35,156312.0,112,96075.2626697176,100127.57160172066
M35,157669.0,112,95003.91971261786,99327.03423446836
M35,159038.0,112,95578.09160142604,99051.82422327106
M35,160419.0,112,95052.60325991399,98652.20298079228
M35,161812.0,112,95435.53568344536,97833.31344478388
M35,163217.0,112,94431.39371998445,97528.37235347091
M35,164634.0,112,93691.64535036264,96815.06893991948
M35,166064.0,112,93715.96242922233,96134.6300026997
M35,167506.0,112,94428.46309943649,95829.46103852207
M35,168960.0,112,93931.91960967865,95294.93929348492
M35,170427.0,112,93273.42692026503,94577.68306144142
M35,171907.0,112,92929.72801067628,94027.74804915917
M35,173400.0,112,93917.53840410407,94185.76147649682
M35,174906.0,112,92444.00325521972,93173.2482123874
M35,176424.0,112,92023.87405274529,92723.25968061393
M35,177956.0,112,92928.95703442112,92266.98349163169
M35,179501.0,112,93086.03898751251,92126.6035027602
M35,181060.0,112,91412.90825026641,91240.44268114388
M35,182632.0,112,92180.50585713696,90787.83721723755
M35,184218.0,112,91000.596247408,90285.2044219472
M35,185817.0,112,91082.37238975422,89574.85774907301
M35,187431.0,112,91390.80994801917,89527.12050487055
M35,189058.0,112,92275.95952623799,88870.20224326347
M35,190700.0,112,90172.98791086015,88393.36705204113
M35,192356.0,112,90465.65440971873,87897.23565526652
M35,194026.0,112,90851.87529089312,87471.17486671382
M35,195711.0,112,90836.98511026542,87008.55319092606
M35,197410.0,112,90496.65528722573,86532.77528817636
M35,199124.0,112,89374.09322511403,85901.81910719267
M35,200853.0,112,89708.78725496925,85871.78039147948
M35,202597.0,112,89811.29749179422,85206.58994366215
M35,204356.0,112,89674.78380941285,84767.43580467401
M35,206131.0,112,88673.72123754752,84048.85716545433
M35,207921.0,112,88939.57203320449,83828.82660610648
M35,209726.0,112,87945.301428087,83464.55990030631
M35,211547.0,112,87818.16506905472,82959.32284697906
M35,213384.0,112,87870.79729773123,82319.84993868654
M35,215237.0,112,87627.67798868209,81923.68415188011
M35,217106.0,112,88293.11134379962,81750.87211679836
M35,218991.0,112,87027.73762376887,81340.31130130656
M35,220892.0,112,87951.16567474167,80871.55983002365
M35,222810.0,112,86552.07365568816,80518.43367099948
M35,224745.0,112,86701.9587229716,80017.19239003844
M35,226696.0,112,86205.2433873799,79621.76215852231
M35,228665.0,112,85966.80877909045,79276.78763987578
M35,230650.0,112,85861.27004821123,78833.26125357229
M35,232653.0,112,87237.77915916315,78117.19177261987
M35,234673.0,112,87081.0464575804,78325.87917827227
M35,236711.0,112,86206.64315882137,77999.78451583629
M35,238766.0,112,85793.82518577145,77534.81444203932
M35,240839.0,112,85082.68880958119,76633.80735696437
M35,242930.0,112,85181.74026559271,76714.13702947179
M35,245040.0,112,85001.35238129244,75560.90249494046
M35,247167.0,112,85918.53355978259,75996.65517955489
M35,249314.0,112,85389.16359720877,75772.61275932471
M35,251478.0,112,84861.97727264823,75203.72668271315
M35,253662.0,112,83610.47766369353,74663.22864136589
M35,255864.0,112,83420.44524187082,74295.92026317248
M35,258086.0,112,83515.20995293728,74046.93746964402
M35,260327.0,112,83052.48728432726,73560.85013556233
M35,262588.0,112,83475.94942755028,73402.03966436234
M35,264868.0,112,83577.31441120147,73026.87037482484
M35,267167.0,112,82658.92258273925,72312.22998503545
M35,269487.0,112,82990.13384308612,71381.26438969439
M35,271827.0,112,83006.89313107067,72021.58621928745
M35,274187.0,112,82440.98653983549,71582.2917787453
M35,276568.0,112,81712.9808181062,71070.57886933985
M35,278970.0,112,81739.11977599462,70515.49230268468
M35,281392.0,112,81343.00191233795,70404.38397829495
M35,283835.0,112,81170.74169497528,70057.28835335103
M35,286300.0,112,81817.68339234265,69966.37451253014
M35,288786.0,112,81153.9139011138,69015.3893586603
M35,291293.0,112,81532.65399412077,68884.09332408068
M35,293823.0,112,81251.48643649912,68949.6797021318
M35,296374.0,112,81334.94929448832,68436.30115819236
M35,298947.0,112,80055.45678743116,68043.1995738619
M35,301543.0,112,80133.94632439,67811.74709161553
M35,304161.0,112,79759.37792144535,67368.26190663867
M35,306802.0,112,79705.01103066893,67121.18016141855
M35,309466.0,112,79339.27098934744,66796.3811024005
M35,312153.0,112,79169.67700736903,66474.81980437973
M35,314864.0,112,80134.91893121279,65994.73048251863
M35,317598.0,112,78811.53991847062,65849.94606361334
M35,320355.0,112,78941.30783040865,65183.72071745568
M35,323137.0,112,78481.81560956826,65218.431861334975
M35,325943.0,112,78270.54566676317,64928.63109463062
M35,328773.0,112,78116.54913999204,64611.22966484638
M35,331628.0,112,77927.69537697808,64311.538061878564
M35,334507.0,112,77883.01133490523,63891.23412405425
M35,337412.0,112,77911.07219750562,63343.93591798076
M35,340341.0,112,77979.46531553072,63590.341782914846
M35,343297.0,112,77240.11127810954,63151.66627131708
M35,346278.0,112,77076.52487526782,62838.78666946639
M35,349284.0,112,77377.76597280438,62085.57150709657
M35,352317.0,112,77092.83307946286,61923.10957142685
M35,355376.0,112,77762.8433139027,61980.43634124368
M35,358462.0,112,76378.07283191368,61719.18706007047
M35,361574.0,112,77163.61898513867,61203.876377252025
M35,364714.0,112,77572.17850306269,61084.949401742604
M35,367881.0,112,76647.34330373112,61095.92741960541
M35,371075.0,112,76087.81811976977,60167.985897162136
M35,374297.0,112,75957.39852075987,59876.33049673977
M35,377547.0,112,75745.12991095344,59634.0155128531
M35,380825.0,112,76815.11215876162,59112.25549861004
M35,384132.0,112,75044.79430279991,59545.482526773405
M35,387468.0,112,74883.64505210871,59278.87727456022
M35,390832.0,112,75581.24303435326,59288.40464381309
M35,394225.0,112,75298.48534472974,59004.63681203966
M35,397649.0,112,75540.4936388061,58421.82411813863
M35,401101.0,112,75130.11700232505,58552.30105671562
M35,404584.0,112,76521.45394615919,58111.78890074361
M35,408097.0,112,74294.01291355585,57290.14686198301
M35,411641.0,112,73748.84354610993,57495.67668164938
M35,415215.0,112,73867.25490842352,57276.66969366552
M35,418820.0,112,73443.96544708243,56952.3509674516
M35,422457.0,112,74185.17686147819,56854.78885846833
M35,426125.0,112,73822.65323274687,56095.59450437476
M35,429825.0,112,74087.77692249796,56413.40484495523
M35,433557.0,112,73666.46530352684,56322.87675008828
M35,437322.0,112,72733.01017022664,55719.7004804906
M35,441119.0,112,73463.4119923278,55890.6046468448
M35,444949.0,112,73005.4756732888,55548.84782360766
M35,448813.0,112,72412.4145155776,54962.61981813585
M35,452710.0,112,72114.17227125533,54887.95909927078
M35,456641.0,112,72747.43801701607,54934.872582309974
M35,460606.0,112,73168.62190190732,54143.908409675125
M35,464605.0,112,72862.24409043272,54594.84450379948
M35,468639.0,112,71833.53065532664,54102.933850783134
M35,472708.0,112,71393.08699545967,53725.52101698388
M35,476813.0,112,71171.77861512755,53532.3291878757
M35,480953.0,112,71892.06051434291,53117.94934499639
M35,485129.0,112,71934.11218681061,53385.01088279042
M35,489341.0,112,71193.83807012926,52322.71253417723
M35,493590.0,112,71754.27261864049,52370.360426170155
M35,497876.0,112,71261.49656880759,52741.70550537449
M35,502199.0,112,71254.98570698831,51925.93865607299
M35,506560.0,112,70980.67994267467,52375.46489860228
M35,510958.0,112,70974.04957887086,51549.958374546404
M35,515395.0,112,71465.29952326199,51271.93204642293
M35,519870.0,112,69789.19643365394,51375.98836932711
M35,524384.0,112,70724.34126622132,50975.36061789946
M35,528937.0,112,69925.45182383087,51161.952974491775
M35,533530.0,112,69897.14193484238,50738.89887661977
M35,538163.0,112,70445.67403465393,50377.82148675241
M35,542836.0,112,69016.88045397296,50455.02932189637
M35,547549.0,112,69585.26047342061,49544.95057001096
M35,552303.0,112,68729.09736883307,50072.19916823609
M35,557099.0,112,70912.15886296904,49863.79015698044
M35,561936.0,112,69305.766249762,49170.25747778229
M35,566816.0,112,68764.44145165029,49092.30909536062
M35,571737.0,112,69085.782001351,48304.33750202033
M35,576702.0,112,68441.5890223902,48743.61432958681
M35,581709.0,112,67969.75100579769,48900.787006478415
M35,586760.0,112,67786.60711264379,48800.81133602276
M35,591855.0,112,67717.41584299218,48648.789065284116
M35,596994.0,112,67567.12469270642,48406.67332728789
M35,602178.0,112,68282.08968082574,48658.765328755486
M35,607406.0,112,67799.95656645944,48290.03705249144
M35,612680.0,112,67170.87217628586,47936.400717958786
M35,618000.0,112,67143.82102030596,47849.20957730068
M35,623366.0,112,68493.02872688897,47207.13853866628
M35,628779.0,112,67039.67714255003,47520.159179984556
M35,634239.0,112,67242.60995031238,47585.05405844598
M35,639746.0,112,66570.37024962173,47169.69398089308
M35,645301.0,112,66758.97413366596,47168.00008581423
M35,650904.0,112,66225.42992259104,46834.01678224833
M35,656556.0,112,66141.9503038646,46650.06115235181
M35,662257.0,112,66318.35471156803,46159.43601777336
M35,668007.0,112,66254.00231820505,45947.82162328274
M35,673807.0,112,66770.71000003112,46474.11499976575
M35,679658.0,112,65585.94028162533,46110.134542486085
M35,685559.0,112,65481.26638253335,45948.4791760649
M35,691512.0,112,65353.1513691792,45810.933391228726
M35,697516.0,112,65234.10865088766,45698.28803875659
M35,703573.0,112,65888.84340526229,45926.5795443886
M35,709682.0,112,65311.45742103576,45566.47946436286
M35,715844.0,112,64880.25487371743,45309.08782279145
M35,722060.0,112,65441.82039322482,44409.2940303753
M35,728330.0,112,65402.92097248095,44270.952208758696
M35,734654.0,112,65914.86138424523,44636.776830265895
M35,741033.0,112,66133.83783283494,44302.337897326375
M35,747467.0,112,64246.3853693795,44671.860444930724
M35,753957.0,112,64844.69435162601,44911.81440186747
M35,760504.0,112,64065.80577638937,44394.360587695315
M35,767107.0,112,64475.00679398614,43744.168586335814
M35,773768.0,112,64178.391918638765,44406.75232984141
M35,780487.0,112,63711.692125805595,44108.17098696554
M35,787264.0,112,63728.26027619078,43790.37705685234
M35,794099.0,112,63708.88095235694,43606.540619568616
M35,800995.0,112,63920.51375436328,43613.91788376983
M35,807950.0,112,63404.64167654959,43637.93056403498
M35,814965.0,112,63533.86395577837,43195.07856144862
M35,822041.0,112,62954.57168969316,43499.70471628919
M35,829179.0,112,62915.09522193637,43444.853545629376
M35,836379.0,112,62751.685457512474,43300.48084036047
M35,843641.0,112,63587.73588998843,42231.27554466446
M35,850966.0,112,63660.856589184186,41903.307632027834
M35,858355.0,112,62996.555102627055,42537.80070163681
M35,865808.0,112,62272.68417090494,43000.28543165082
M35,873326.0,112,63311.730072444145,41737.99197274639
M35,880909.0,112,62040.560489765216,42855.83339385026
M35,888558.0,112,61931.17295424429,42672.74328309801
M35,896273.0,112,62184.51312531166,42910.71761071157
M35,904056.0,112,61728.52659622416,42578.88806282602
M35,911906.0,112,62406.63459044385,42685.613787861366
M35,919824.0,112,64218.48515350256,40903.3362616265
M35,927811.0,112,61316.92258612562,42436.00428567081
M35,935867.0,112,61416.321906031975,42450.600214825165
M35,943993.0,112,62614.976583406366,41134.41941698672
M35,952190.0,112,62359.25360349183,41819.685049183325
M35,960457.0,112,61434.47211382006,41626.64203025089
M35,968797.0,112,62538.55756567,40462.80724747959
M35,977209.0,112,60568.399783595305,42108.520955568034
M35,985694.0,112,62023.114257579946,41597.87115103689
M35,994253.0,112,61023.827054829475,41475.48688375152
M35,10000.0,132,139181.62752849507,1395445.2568526377
M35,10086.8,132,139138.16626325942,1383349.4005842193
M35,10174.4,132,139258.095586027,1372018.384758858
M35,10262.8,132,139167.61745202477,1359779.826463789
M35,10351.9,132,139037.39323296843,1347843.5404524421
M35,10441.8,132,139085.5545574289,1336863.5685216347
M35,10532.4,132,139100.72487533698,1325716.326119838
M35,10623.9,132,138963.23404881207,1313920.2689166132
M35,10716.1,132,138898.6316230442,1302499.7469560066
M35,10809.2,132,139039.30211385846,1292046.3495160064
M35,10903.0,132,138999.94956854905,1281117.7282789655
M35,10997.7,132,138967.19198360958,1270135.5597894464
M35,11093.2,132,138747.56909984097,1258616.6322210887
M35,11189.5,132,138805.36100427867,1248152.9748088336
M35,11286.7,132,138709.71697661464,1237348.258048897
M35,11384.7,132,138778.57341774492,1227070.3758281358
M35,11483.5,132,138758.67939783313,1216911.9046258503
M35,11583.2,132,138754.2191355532,1206583.7353318539
M35,11683.8,132,138642.17985993493,1195943.972442956
M35,11785.3,132,138650.8557759794,1186023.2462253047
M35,11887.6,132,138754.9864859686,1176447.578317259
M35,11990.8,132,138592.00493245447,1165978.3145330206
M35,12094.9,132,138608.3595666827,1156447.129264267
M35,12199.9,132,138760.78702607268,1147362.5437504153
M35,12305.9,132,138776.1748002465,1137673.3881932201
M35,12412.7,132,138627.08084646045,1127457.083309499
M35,12520.5,132,138583.78096873645,1117901.1307635936
M35,12629.2,132,138664.18095372673,1108786.1332928315
M35,12738.9,132,138608.22912509562,1099391.3687624221
M35,12849.5,132,138591.63219984676,1090259.7789565797
M35,12961.1,132,138544.48904040968,1080821.9258087478
M35,13073.6,132,138566.84319483346,1072064.8186594355
M35,13187.1,132,138502.0521884792,1062814.9088742803
M35,13301.6,132,138365.02488247084,1053218.171375652
M35,13417.1,132,138396.45062689105,1044769.7907922991
M35,13533.6,132,138345.5567813496,1035674.1628068602
M35,13651.1,132,138298.20834382728,1027025.1930114501
M35,13769.7,132,138295.04489356198,1018287.5262643098
M35,13889.2,132,138205.2612764644,1009521.8535447009
M35,14009.8,132,138213.02941265333,1001182.5130464615
M35,14131.5,132,138301.7833328889,993300.9940529666
M35,14254.2,132,137975.98468645322,983800.7807149736
M35,14378.0,132,138182.5547369512,976237.5953804892
M35,14502.8,132,138200.1116385543,968252.0454049826
M35,14628.7,132,137556.5213303741,958041.5762525463
M35,14755.7,132,137631.08065117893,950451.5561639811
M35,14883.9,132,137752.52332192834,942977.97527756
M35,15013.1,132,137596.98201447155,934505.5338425149
M35,15143.5,132,137764.85344890677,927487.1473755065
M35,15275.0,132,137598.9353193575,919137.6530990447
M35,15407.6,132,137555.97520381102,911487.4338627318
M35,15541.4,132,137615.7577321514,904102.0837606677
M35,15676.3,132,137395.46457851626,895920.3271608904
M35,15812.4,132,137402.0359024501,888607.4294799278
M35,15949.7,132,137384.21510748993,881220.0546774939
M35,16088.2,132,137270.35982813773,873502.8748823184
M35,16227.9,132,137339.34506928636,866594.9438220417
M35,16368.8,132,137191.73747505792,858833.517557207
M35,16511.0,132,137422.023940778,852641.9925887511
M35,16654.3,132,137268.21957256584,845136.1605471828
M35,16798.9,132,137086.3079919942,837660.5469120534
M35,16944.8,132,137176.50720769318,830934.4296124603
M35,17091.9,132,137312.60382227742,824517.4077615389
M35,17240.3,132,136979.26016131675,816770.0820458322
M35,17390.0,132,136960.63296788777,809897.4281181344
M35,17541.0,132,137073.47557656074,803780.3412749455
M35,17693.3,132,136980.63762438286,796865.3659062714
M35,17847.0,132,136937.2522291671,790227.8331296489
M35,18001.9,132,136875.2045655282,783586.1068964619
M35,18158.2,132,136833.23764118445,777095.2566164429
M35,18315.9,132,136757.63987448948,770502.2562683538
M35,18474.9,132,136815.24799141692,764366.8689192773
M35,18635.4,132,136781.3241593463,758034.9844471812
M35,18797.2,132,136856.4590753658,752050.2264686202
M35,18960.4,132,136623.64422149755,745209.4514210088
M35,19125.0,132,136604.4473249059,739197.0643511801
M35,19291.1,132,136665.29455798375,733322.0450188043
M35,19458.6,132,136428.59771210552,726761.6753641078
M35,19627.5,132,136423.90941661812,720865.1902317945
M35,19798.0,132,136396.6809920804,714840.2039798468
M35,19969.9,132,136388.48985181106,709141.8647373295
M35,20143.3,132,136316.61940093894,703175.0971699824
M35,20318.2,132,136178.54770991657,697166.7087446012
M35,20494.6,132,136167.55062407255,691451.5545434684
M35,20672.6,132,136181.46913096652,685900.4501354563
M35,20852.1,132,136135.71938767313,680260.7701017995
M35,21033.1,132,136138.43902286564,674818.8543119803
M35,21215.7,132,135998.65233033162,668974.6621973605
M35,21400.0,132,135795.80666507888,663084.820777867
M35,21585.8,132,135850.16694298043,657955.8344024412
M35,21773.2,132,135805.35675698495,652543.829003635
M35,21962.3,132,135571.0962238389,646708.9948458751
M35,22153.0,132,135750.58089450118,641916.8839912391
M35,22345.3,132,135517.73146209063,636244.7444095657
M35,22539.3,132,135424.25413676872,630945.4822290525
M35,22735.0,132,135515.09328453304,626094.3464008996
M35,22932.5,132,135319.1379254145,620707.6789727386
M35,23131.6,132,135354.20562666547,615785.0908254696
M35,23332.4,132,135186.24168164647,610516.8697200826
M35,23535.0,132,135139.21575762486,605516.2607357076
M35,23739.4,132,134975.8853405473,600337.2249074552
M35,23945.5,132,135027.45945625377,595701.7875513218
M35,24153.4,132,134913.7999381795,590727.3102838852
M35,24363.1,132,135001.03901434847,586238.0065996863
M35,24574.7,132,134936.64640310706,581372.3268060351
M35,24788.1,132,134701.02319142854,576300.1262261382
M35,25003.3,132,134600.41243485012,571538.0889418457
M35,25220.4,132,134928.47793219617,567653.5735458161
M35,25439.4,132,134544.23559704068,562423.1961928508
M35,25660.3,132,134446.43486115566,557787.6551285082
M35,25883.1,132,134446.48532332864,553334.459115341
M35,26107.8,132,134184.38734053075,548478.279219
M35,26334.5,132,134458.8132432303,544753.7345890395
M35,26563.2,132,134119.64101767505,539818.5811318252
M35,26793.8,132,134056.3611818239,535436.7380602562
M35,27026.5,132,134130.6282041162,531397.0787372759
M35,27261.2,132,133966.5070396646,526877.6391077433
M35,27497.9,132,133866.50444916077,522613.68762448983
M35,27736.6,132,133792.11128350877,518358.2079515552
M35,27977.5,132,133841.63192317184,514355.85853591963
M35,28220.4,132,133649.1936839259,510038.78925928386
M35,28465.4,132,133505.04822693535,505803.8704414241
M35,28712.6,132,133481.15545913632,501821.19437583763
M35,28961.9,132,133313.90950857074,497635.0325649238
M35,29213.4,132,133344.6084247795,493837.24317742896
M35,29467.1,132,133274.10397456572,489884.6964948102
M35,29722.9,132,133230.4020667665,486001.7163087339
M35,29981.0,132,132971.37125662333,481823.12269372056
M35,30241.3,132,132939.25423948726,478025.1575827184
M35,30503.9,132,132902.5960100325,474271.02082099335
M35,30768.8,132,132734.2794259719,470329.16802323295
M35,31035.9,132,132590.0223898902,466458.7722353913
M35,31305.4,132,132523.8848562534,462747.8589191996
M35,31577.2,132,132449.79763344742,459096.60304758826
M35,31851.4,132,132441.34796267538,455590.07701384864
M35,32128.0,132,132249.1578407285,451756.3063545015
M35,32407.0,132,132180.97226232034,448248.64464912796
M35,32688.3,132,132112.11839223903,444688.84346270823
M35,32972.2,132,132000.42090983308,441107.31407214387
M35,33258.5,132,131954.07285376708,437707.2385115082
M35,33547.3,132,131729.3119827082,434013.36512841436
M35,33838.6,132,131736.89890341574,430736.0260732051
M35,34132.4,132,131670.56684018968,427372.7702823799
M35,34428.7,132,131562.3544833159,423982.20352577535
M35,34727.7,132,131450.50198213354,420549.42576085497
M35,35029.2,132,131229.7782363261,417073.0511693475
M35,35333.4,132,131159.3268111526,413824.91076618835
M35,35640.2,132,131038.85140808945,410574.24449807673
M35,35949.6,132,130985.61578832165,407422.66231286543
M35,36261.8,132,130964.21106030258,404290.524656991
M35,36576.7,132,130714.74524424349,400914.8612342578
M35,36894.3,132,130650.79206994374,397875.08896074333
M35,37214.6,132,130552.75219539432,394743.4992746282
M35,37537.7,132,130509.8173028303,391712.8673901405
M35,37863.7,132,130272.4231382767,388444.0513759794
M35,38192.4,132,130259.73258801173,385549.1527851419
M35,38524.1,132,130131.82241008866,382539.82629970514
M35,38858.6,132,130100.04555639059,379627.8726216403
M35,39196.0,132,129946.53577837825,376612.5847649165
M35,39536.3,132,129657.39678653274,373489.82247334195
M35,39879.6,132,129631.567457471,370671.4677092025
M35,40225.9,132,129493.43284069395,367765.7021809599
M35,40575.2,132,129409.04783841914,364976.22039963264
M35,40927.5,132,129238.8794960275,362058.8597171137
M35,41282.9,132,129040.47584069597,359161.10015419946
M35,41641.3,132,128992.20826771836,356471.1658194755
M35,42002.9,132,128839.55718601734,353674.5210822744
M35,42367.6,132,128792.97513658507,351050.7846588836
M35,42735.5,132,128630.20084325167,348251.8200679332
M35,43106.5,132,128688.37427423232,345818.2951372002
M35,43480.8,132,128370.25618799061,342923.9557064593
M35,43858.4,132,128225.65030214099,340249.58889976906
M35,44239.2,132,128336.97067537556,337988.05909762066
M35,44623.3,132,127940.54103449274,335050.1766989553
M35,45010.8,132,127933.89835406977,332621.39605612063
M35,45401.6,132,127675.43130840837,329899.3418544476
M35,45795.8,132,127610.91136999363,327492.5143210073
M35,46193.5,132,127482.66290266217,324958.4618254913
M35,46594.6,132,127474.3140858585,322652.5369649166
M35,46999.2,132,127207.30103352971,320033.3515839414
M35,47407.3,132,127110.36975225227,317628.1626320012
M35,47818.9,132,126995.46737651268,315257.5002505117
M35,48234.1,132,126889.2933069385,312819.5134132146
M35,48652.9,132,126653.16432545923,310439.28583637404
M35,49075.4,132,126689.89590415302,308300.907143148
M35,49501.5,132,126419.43592655065,305781.49590532115
M35,49931.3,132,126291.0824370698,303496.3594670789
M35,50364.9,132,126083.59754217934,301211.69499340747
M35,50802.2,132,125998.33890123105,298956.4785116219
M35,51243.3,132,125759.31504350615,296614.3228316467
M35,51688.2,132,125688.423169303,294441.66649844224
M35,52137.0,132,125553.24019390179,292296.375920873
M35,52589.8,132,125455.69981679828,290126.3280370792
M35,53046.4,132,125370.74593087564,288049.7174704047
M35,53507.0,132,125049.55860529804,285684.6762742763
M35,53971.6,132,124829.64659111595,283464.74313321814
M35,54440.2,132,124909.03483747908,281656.9035496944
M35,54912.9,132,124537.95467822328,279274.6357728082
M35,55389.7,132,124517.00268926621,277374.87497767655
M35,55870.7,132,124450.39063334187,275395.0674840023
M35,56355.8,132,124178.09609910959,273173.5201021449
M35,56845.1,132,124024.57269290731,271184.4707544989
M35,57338.7,132,123955.34289474435,269223.4207874625
M35,57836.6,132,123544.50871150315,267021.0122906573
M35,58338.8,132,123515.26844096452,265210.40109842323
M35,58845.3,132,123476.49471646655,263388.23059988633
M35,59356.3,132,123002.53375542443,261415.0066932726
M35,59871.7,132,123068.43674353916,259464.30189689563
M35,60391.6,132,122645.84370573393,257333.447136184
M35,60915.9,132,122626.00678843042,255536.0752126368
M35,61444.9,132,122357.38768502492,253647.09809511213
M35,61978.4,132,122387.22783236735,251972.67485167529
M35,62516.5,132,122308.83003754636,250222.47766267377
M35,63059.4,132,121858.36087929142,248141.75885560762
M35,63606.9,132,121996.4259320487,246605.82811568357
M35,64159.2,132,121712.50754779941,244679.79254402954
M35,64716.3,132,121624.96949262815,242991.7253638306
M35,65278.2,132,121365.54318809824,241128.16597873598
M35,65845.1,132,121229.78013371548,239416.5947043773
M35,66416.8,132,120977.07848594476,237657.45814191285
M35,66993.5,132,120960.64759578902,236068.8855005123
M35,67575.2,132,120685.77332604579,234294.76587522437
M35,68161.9,132,120639.13353903207,232747.41831408208
M35,68753.8,132,120403.47826379635,230976.88898708724
M35,69350.8,132,120249.60964652238,229339.2731713536
M35,69952.9,132,119993.30366118303,227678.084237286
M35,70560.3,132,119806.02351572187,226037.56139842968
M35,71173.0,132,119658.47315193068,224462.34394088594
M35,71791.0,132,119622.34015602559,222989.11002565213
M35,72414.4,132,119391.04827077761,221338.83518665857
M35,73043.1,132,119163.49134608835,219731.51188669517
M35,73677.4,132,118958.91390950161,218182.4582186476
M35,74317.1,132,118893.64536876332,216724.36553438343
M35,74962.4,132,118725.23395128058,215151.14815087503
M35,75613.3,132,118495.04693784678,213692.4339548834
M35,76269.9,132,118345.77424359467,212193.78202188524
M35,76932.1,132,118200.34215107463,210737.38588988705
M35,77600.1,132,118003.43090874246,209411.24238966728
M35,78273.9,132,117736.2732357255,207713.95775509736
M35,78953.6,132,117685.23262706929,206353.465309573
M35,79639.1,132,117447.30640109681,204866.39855076474
M35,80330.6,132,117104.5765395706,203358.60202716317
M35,81028.1,132,117064.98654769667,202078.55103880895
M35,81731.7,132,116994.48055038482,200750.5979306691
M35,82441.4,132,116678.99717326848,199268.77193933897
M35,83157.2,132,116678.24118190334,198043.98652557688
M35,83879.3,132,116370.10572941811,196602.68970046687
M35,84607.6,132,116195.94997415674,195251.98939828368
M35,85342.2,132,115945.43933619864,193838.94972437012
M35,86083.2,132,115784.40301557646,192562.83458356417
M35,86830.7,132,115587.91236146234,191228.72462728398
M35,87584.7,132,115465.0305088325,189962.6247347751
M35,88345.2,132,115299.62084182628,188702.19921304972
M35,89112.3,132,115105.3243563864,187394.78067036113
M35,89886.0,132,114807.27919524399,186066.74255263025
M35,90666.5,132,114675.01662635029,184842.3574743085
M35,91453.7,132,114519.8130673096,183599.98658822052
M35,92247.8,132,114224.4883505938,182320.50428846004
M35,93048.8,132,114114.90113210851,181134.95803856404
M35,93856.8,132,113903.30263509869,179916.3884223138
M35,94671.7,132,113737.52847935115,178712.44372576015
M35,95493.8,132,113431.0848665144,177462.764340711
M35,96322.9,132,113511.24945923389,176437.80550841504
M35,97159.3,132,113103.06486635373,175147.59533905776
M35,98002.9,132,112955.50987805575,173988.0826270109
M35,98853.9,132,112817.07531442554,172885.54403668988
M35,99712.2,132,112679.98295852289,171783.13676941264
M35,100578.0,132,112364.22800653054,170576.38156054338
M35,101451.0,132,112182.83056445111,169446.07111411935
M35,102332.0,132,111973.39817424315,168330.74837685845
M35,103221.0,132,111819.57399373937,167210.79459754642
M35,104117.0,132,111820.72474231993,166250.05134440074
M35,105021.0,132,111371.22455009802,164996.58020099284
M35,105933.0,132,111107.4565192634,163888.67179790436
M35,106853.0,132,110890.6499820533,162829.91033877095
M35,107781.0,132,110844.86439281494,161815.16006605315
M35,108716.0,132,110652.24197910533,160764.87067238786
M35,109660.0,132,110482.0560624336,159744.52235032854
M35,110613.0,132,110190.54316799488,158637.33341593802
M35,111573.0,132,110001.99204163591,157622.5918657174
M35,112542.0,132,110018.30033105295,156738.99693693564
M35,113519.0,132,109717.04579324156,155684.91786818227
M35,114505.0,132,109512.35343312213,154666.98134394526
M35,115499.0,132,109260.3314980695,153644.8160451026
M35,116502.0,132,109064.83619141791,152621.92544237853
M35,117513.0,132,108829.68197307782,151680.89729941773
M35,118534.0,132,108620.70990607877,150691.68253903528
M35,119563.0,132,108472.66489223827,149757.74327987444
M35,120601.0,132,108248.03031105445,148797.76097725483
M35,121648.0,132,108067.59746685949,147839.64356617184
M35,122705.0,132,107843.86118201824,146909.41101260783
M35,123770.0,132,107746.78877269506,146025.69851070692
M35,124845.0,132,107496.81203282904,145099.2799345357
M35,125929.0,132,107213.28626962392,144127.7639620255
M35,127022.0,132,107017.90889512432,143218.4003283034
M35,128125.0,132,106968.82164070994,142385.74764129825
M35,129238.0,132,106561.14920879334,141420.66483665866
M35,130360.0,132,106525.04672438129,140604.83623074013
M35,131492.0,132,106139.2772533359,139644.46719236523
M35,132634.0,132,106024.1017405833,138831.88958044545
M35,133785.0,132,105871.70237945992,137981.17095868706
M35,134947.0,132,105755.1136202175,137159.34962745116
M35,136119.0,132,105404.38379818959,136254.42298696318
M35,137300.0,132,105169.20548567643,135409.5110241293
M35,138493.0,132,105084.54028969031,134588.2418438954
M35,139695.0,132,105005.45329732819,133801.9927459452
M35,140908.0,132,104513.77079887452,132895.3839579831
M35,142132.0,132,104413.89765684087,132080.53993582452
M35,143366.0,132,104279.98878738897,131357.94820729585
M35,144611.0,132,104028.33219836614,130510.14015128781
M35,145866.0,132,103733.15234855187,129706.84890787776
M35,147133.0,132,103535.41975351362,128909.79134160512
M35,148410.0,132,103419.01788550957,128146.6250930759
M35,149699.0,132,103169.8357771986,127335.05119223702
M35,150999.0,132,102962.76537542019,126622.48841414994
M35,152310.0,132,102814.04336845738,125839.0004475598
M35,153633.0,132,102577.99249003094,125046.37646698566
M35,154966.0,132,102343.78713235716,124294.75524271055
M35,156312.0,132,102207.93512847312,123582.42097643724
M35,157669.0,132,102101.10116361192,122876.17002656995
M35,159038.0,132,101801.41310382464,122116.4929616507
M35,160419.0,132,101627.559993268,121400.88516848048
M35,161812.0,132,101356.5772371973,120633.7719534985
M35,163217.0,132,101123.21154931837,119914.68545417633
M35,164634.0,132,101002.16610350276,119191.67887371015
M35,166064.0,132,100863.83329431678,118570.77602524699
M35,167506.0,132,100581.23937717106,117838.77862190527
M35,168960.0,132,100360.62513425371,117137.01529068226
M35,170427.0,132,100170.46737436933,116444.52333581715
M35,171907.0,132,100107.82499460694,115798.99302940334
M35,173400.0,132,99857.71097802572,115095.29856762245
M35,174906.0,132,99703.2985491678,114435.89652169771
M35,176424.0,132,99315.4302342037,113721.14392445533
M35,177956.0,132,99455.48386619268,113114.59860225322
M35,179501.0,132,98962.58626376632,112392.90585953608
M35,181060.0,132,98715.27648598213,111736.37327564666
M35,182632.0,132,98450.57385353696,111082.25763669862
M35,184218.0,132,98339.51705968601,110409.54276453762
M35,185817.0,132,98103.85350794431,109860.48979545372
M35,187431.0,132,97937.86269172162,109213.72181055252
M35,189058.0,132,97734.92748310341,108603.94126131786
M35,190700.0,132,97416.29902737292,107903.96087189468
M35,192356.0,132,97300.72884418239,107348.40961690737
M35,194026.0,132,97121.33108851727,106715.11672839471
M35,195711.0,132,96870.93024140768,106105.7992495918
M35,197410.0,132,96642.19460456794,105499.71406235367
M35,199124.0,132,96595.86892457368,104939.09411283924
M35,200853.0,132,96297.1921791714,104318.63368822211
M35,202597.0,132,96071.99662463609,103682.9613272727
M35,204356.0,132,95895.99092013399,103074.00999480185
M35,206131.0,132,95614.65425047043,102558.56397351765
M35,207921.0,132,95457.72722842597,101956.62089077133
M35,209726.0,132,95291.8527325758,101392.50201066464
M35,211547.0,132,94998.70642173769,100815.11378460418
M35,213384.0,132,94874.10772359997,100260.63733264811
M35,215237.0,132,94682.12618520211,99705.81136111722
M35,217106.0,132,94543.3147856112,99168.60322286705
M35,218991.0,132,94301.39998318929,98611.84025170722
M35,220892.0,132,94201.58504748203,98075.1085518373
M35,222810.0,132,93985.76284787826,97556.20660607125
M35,224745.0,132,93758.33222547009,96945.24408012773
M35,226696.0,132,93522.15406412042,96446.055186996
M35,228665.0,132,93386.72925944068,95902.32768080536
M35,230650.0,132,92969.58475181594,95385.9744359787
M35,232653.0,132,92847.74398867844,94828.55431059179
M35,234673.0,132,92649.37549910626,94317.23251901875
M35,236711.0,132,92555.39168439088,93869.92262965119
M35,238766.0,132,92403.39806449109,93400.596766772
M35,240839.0,132,92210.69905540512,92870.3236415861
M35,242930.0,132,91843.71163892372,92305.24380753894
M35,245040.0,132,91720.05422108535,91763.92709642305
M35,247167.0,132,91474.87533155491,91269.47205355328
M35,249314.0,132,91403.08522675956,90855.94810481508
M35,251478.0,132,91047.31710503208,90302.86780280551
M35,253662.0,132,90990.14548873004,89840.36719652172
M35,255864.0,132,90776.44645920032,89410.2966021022
M35,258086.0,132,90652.95381349268,88893.0291872636
M35,260327.0,132,90372.46072237492,88430.682634331
M35,262588.0,132,90166.8493268565,87974.47512040341
M35,264868.0,132,90020.0158618325,87523.21742659523
M35,267167.0,132,89863.58843199044,87028.84483098681
M35,269487.0,132,89681.19892653644,86492.27566174937
M35,271827.0,132,89316.98093949622,86070.32845389817
M35,274187.0,132,89125.36243969211,85622.36159347354
M35,276568.0,132,89046.50410939964,85116.09888033566
M35,278970.0,132,88758.82949024258,84741.86551362455
M35,281392.0,132,88657.17371020147,84307.37258646937
M35,283835.0,132,88473.60753005075,83875.30495947496
M35,286300.0,132,88410.94150219037,83344.56056849573
M35,288786.0,132,88039.8192922621,82984.54869099318
M35,291293.0,132,87879.25724042824,82570.88648839123
M35,293823.0,132,87627.41280885975,82124.583364085
M35,296374.0,132,87583.9704666469,81703.38684614086
M35,298947.0,132,87479.20836901263,81252.01039947024
M35,301543.0,132,87162.90763914328,80827.12430732301
M35,304161.0,132,86937.05268007735,80430.7814100847
M35,306802.0,132,86740.77682108553,80052.17658349237
M35,309466.0,132,86936.43188044771,79709.74959843718
M35,312153.0,132,86601.82297634345,79248.40642599901
M35,314864.0,132,86118.58743050681,78814.7643910897
M35,317598.0,132,86013.3198205247,78410.83860652887
M35,320355.0,132,85903.4390123004,78026.45388249616
M35,323137.0,132,85587.89092121857,77605.54387290622
M35,325943.0,132,85445.12535540156,77300.45745648713
M35,328773.0,132,85272.25294740357,76849.57674485538
M35,331628.0,132,85123.09199677076,76515.60877750425
M35,334507.0,132,84906.12639893458,76072.04266317462
M35,337412.0,132,84772.02532436993,75674.95150513132
M35,340341.0,132,84582.3980007825,75293.99051643106
M35,343297.0,132,84258.85618408251,74962.76005701745
M35,346278.0,132,84131.31346968753,74660.62155874421
M35,349284.0,132,83884.24346976806,74236.17552059314
M35,352317.0,132,83958.58264349926,73886.21212327744
M35,355376.0,132,83583.58108622047,73509.3583894685
M35,358462.0,132,83374.79499799322,73170.26523030644
M35,361574.0,132,83307.9280907228,72808.4148173787
M35,364714.0,132,83226.50126478667,72411.47371958043
M35,367881.0,132,82980.3801998305,72012.03767450986
M35,371075.0,132,82622.48738225386,71683.25115541622
M35,374297.0,132,82437.17538991371,71429.72294296221
M35,377547.0,132,82448.17189160144,70885.57665189158
M35,380825.0,132,82190.84860434086,70683.5532524287
M35,384132.0,132,82022.31404022049,70247.01275779896
M35,387468.0,132,81655.88845822806,70071.90353425233
M35,390832.0,132,81930.94850930826,69587.78382372773
M35,394225.0,132,81214.41619316775,69439.44834739354
M35,397649.0,132,81167.36723659364,69149.46929732038
M35,401101.0,132,81011.7482525512,68796.84229644197
M35,404584.0,132,80782.42318571224,68425.13564947109
M35,408097.0,132,80501.99834912026,68141.28952837747
M35,411641.0,132,80640.79833493028,67776.78610729202
M35,415215.0,132,80400.81239321665,67551.1415597293
M35,418820.0,132,80217.6983833734,66959.25129918926
M35,422457.0,132,79989.99683404247,66925.91459593603
M35,426125.0,132,79543.47033113746,66559.6322304603
M35,429825.0,132,79732.39435312463,66187.58706636516
M35,433557.0,132,78985.1141172967,66061.24984286776
M35,437322.0,132,79103.83410281714,65567.4548032104
M35,441119.0,132,78762.13974100421,65436.04479565131
M35,444949.0,132,78697.66677582751,65191.640312087606
M35,448813.0,132,78695.53657345081,64857.52377829328
M35,452710.0,132,78750.0880521001,64505.79244083275
M35,456641.0,132,78429.80430095248,64208.91068376587
M35,460606.0,132,78170.00783349146,63897.38428524733
M35,464605.0,132,78518.55337523087,63584.88609503794
M35,468639.0,132,78085.5525418499,63455.9179970595
M35,472708.0,132,77723.9788071395,63054.720163622005
M35,476813.0,132,77894.02207805401,62858.16425691258
M35,480953.0,132,77520.1705167551,62553.126143462774
M35,485129.0,132,77403.83894009276,62431.82342672333
M35,489341.0,132,77112.37462710464,62052.47525874931
M35,493590.0,132,77210.45086878091,61755.74631271451
M35,497876.0,132,77096.08397081234,61368.945508348654
M35,502199.0,132,76863.01639499221,61181.011673768015
M35,506560.0,132,76779.78125265994,60996.63636702851
M35,510958.0,132,76349.9336152503,60689.717288535176
M35,515395.0,132,76177.6465777139,60428.98064548144
M35,519870.0,132,76435.80512854521,60313.60828570617
M35,524384.0,132,75602.01876959695,59670.46289438634
M35,528937.0,132,75500.0680908908,59745.41402376762
M35,533530.0,132,75385.86734443261,59465.0622675129
M35,538163.0,132,75597.19758588678,59102.322663191044
M35,542836.0,132,75461.43709803978,59004.24857535124
M35,547549.0,132,75262.60686627464,58719.7701754688
M35,552303.0,132,75257.99741286064,58276.00999880706
M35,557099.0,132,74703.78970289334,58271.8271799863
M35,561936.0,132,74488.81030346482,58198.502394792784
M35,566816.0,132,74498.1938383468,57851.100758797
M35,571737.0,132,74264.0862882295,57535.82239154471
M35,576702.0,132,73586.56732796812,57173.041481334614
M35,581709.0,132,73727.47167320657,57159.628325458856
M35,586760.0,132,73327.96017900368,56952.62175523147
M35,591855.0,132,73903.90656800107,56735.10792903265
M35,596994.0,132,73293.09660566652,56458.772104707976
M35,602178.0,132,73359.82996323628,56243.79763259045
M35,607406.0,132,72980.62058326208,56065.59695061978
M35,612680.0,132,72876.12828704357,55899.61443989861
M35,618000.0,132,72505.73992656908,55656.925962145724
M35,623366.0,132,72904.2333369013,55382.26187393873
M35,628779.0,132,72452.28173267003,55090.00390983135
M35,634239.0,132,71949.46378962173,55158.10621447956
M35,639746.0,132,72420.15738702947,54902.585169547216
M35,645301.0,132,72611.69733912338,54479.57238271506
M35,650904.0,132,72422.02229041568,54214.67990061246
M35,656556.0,132,72132.0206483718,54322.02610259654
M35,662257.0,132,71955.55023180887,54055.80795105139
M35,668007.0,132,72045.0812701881,53749.66528798427
M35,673807.0,132,71528.4152738121,53440.41857084366
M35,679658.0,132,71230.49761193423,53440.55673448034
M35,685559.0,132,71663.00361983074,53125.644661779435
M35,691512.0,132,71184.83050135567,53127.405344988816
M35,697516.0,132,71092.02316899647,52935.37188055789
M35,703573.0,132,70767.71046351719,53033.72778810841
M35,709682.0,132,70643.97684676903,52808.267062595325
M35,715844.0,132,70397.71576127034,52515.85714295364
M35,722060.0,132,69994.1570185143,52176.02759116784
M35,728330.0,132,70307.87476995437,52366.753416547486
M35,734654.0,132,70399.31488931709,51763.5850979085
M35,741033.0,132,69435.4419083256,51869.34898830988
M35,747467.0,132,69535.67811780203,51702.78704002956
M35,753957.0,132,69739.46400038425,51576.23958491637
M35,760504.0,132,69606.51119586968,51172.03897246298
M35,767107.0,132,69075.88175221604,51337.88505666083
M35,773768.0,132,69426.7558349889,51024.02519943313
M35,780487.0,132,68722.1825522045,51056.581381714386
M35,787264.0,132,69137.37706639235,50438.39556686501
M35,794099.0,132,68864.6939048147,50390.44782952644
M35,800995.0,132,68842.42506743407,50449.64729928688
M35,807950.0,132,68470.5446187083,50343.36335823234
M35,814965.0,132,68654.43010025467,50047.52167413753
M35,822041.0,132,68098.00965203748,49662.474232669905
M35,829179.0,132,68218.531887766,50043.70087424881
M35,836379.0,132,67553.8832375288,49986.69668167155
M35,843641.0,132,68000.74619429228,49410.14884786857
M35,850966.0,132,68076.62076257715,49190.04011822922
M35,858355.0,132,67629.5104859784,49360.959262111784
M35,865808.0,132,67733.64017971561,49116.24682403981
M35,873326.0,132,67695.84608593103,49063.24592064601
M35,880909.0,132,67245.05884582191,49159.012650308505
M35,888558.0,132,67444.92456760204,48902.57759943262
M35,896273.0,132,67076.57488898106,48898.37673521883
M35,904056.0,132,67005.14592495128,48696.741200848875
M35,911906.0,132,66764.33379431722,48584.794286274555
M35,919824.0,132,66988.19030492278,48324.249066754965
M35,927811.0,132,66687.49607959413,48475.13533837403
M35,935867.0,132,66978.96574434073,48129.092095328124
M35,943993.0,132,66451.96779868373,47928.081203755144
M35,952190.0,132,66112.08340170296,47833.43134522792
M35,960457.0,132,65782.97776068842,47876.10000057436
M35,968797.0,132,65975.20175257587,47936.428884815134
M35,977209.0,132,65743.82324161252,47444.02974668197
M35,985694.0,132,65406.53739520223,47665.8974696589
M35,994253.0,132,65512.86726521034,47392.57043971912
M35,10000.0,30,138000.10535641346,241159.85362704346
M35,10086.8,30,137801.38330323884,239473.69429006017
M35,10174.4,30,137596.89459566973,237817.46220772597
M35,10262.8,30,137397.02296291752,236168.41958049533
M35,10351.9,30,137193.99497616533,234532.1791536747
M35,10441.8,30,136994.18216180583,232914.71197044637
M35,10532.4,30,136790.9693139451,231308.2682957298
M35,10623.9,30,136581.49544304927,229708.78069739215
M35,10716.1,30,136369.9514324559,228124.05069375347
M35,10809.2,30,136160.69013737878,226558.38612123567
M35,10903.0,30,135963.19628910648,225007.68223057315
M35,10997.7,30,135746.9285025596,223463.86946751075
M35,11093.2,30,135548.95846656992,221936.7809881122
M35,11189.5,30,135332.84293952023,220421.5023535538
M35,11286.7,30,135126.17745117866,218919.51802068844
M35,11384.7,30,134913.18503530064,217430.8157534603
M35,11483.5,30,134701.02490443096,215957.34466521733
M35,11583.2,30,134494.83752572138,214491.28278161315
M35,11683.8,30,134283.08514504554,213035.8433127085
M35,11785.3,30,134074.2392745413,211602.55226561372
M35,11887.6,30,133863.97944335977,210184.25796639605
M35,11990.8,30,133646.03848932765,208759.68112700118
M35,12094.9,30,133430.9726526358,207359.74059437108
M35,12199.9,30,133217.7716591337,205970.61385954442
M35,12305.9,30,133004.49600544482,204589.22568719505
M35,12412.7,30,132788.0624676759,203216.23399738906
M35,12520.5,30,132579.5455223844,201866.84996371536
M35,12629.2,30,132359.57903511642,200516.735037772
M35,12738.9,30,132142.47736340872,199189.71170464627
M35,12849.5,30,131926.44479071128,197860.24237104855
M35,12961.1,30,131712.0556927075,196548.69575684113
M35,13073.6,30,131491.7304446216,195247.94316239646
M35,13187.1,30,131280.4882732061,193962.44711166853
M35,13301.6,30,131066.9738157904,192683.36067969
M35,13417.1,30,130851.22652862465,191414.98411036114
M35,13533.6,30,130627.11929253022,190159.60837091535
M35,13651.1,30,130411.98080809443,188913.81001395133
M35,13769.7,30,130187.58488847733,187669.5237407301
M35,13889.2,30,129974.50816702044,186447.89829116786
M35,14009.8,30,129751.49667888238,185234.83584944278
M35,14131.5,30,129532.93648583739,184022.56852933438
M35,14254.2,30,129315.4247059925,182830.13865463505
M35,14378.0,30,129091.9160052657,181639.90134557663
M35,14502.8,30,128879.73784731506,180470.77384178474
M35,14628.7,30,128657.24758309229,179300.9453326239
M35,14755.7,30,128436.07726798943,178145.22920169646
M35,14883.9,30,128213.23497565008,176999.93893440146
M35,15013.1,30,127993.76088970002,175858.9378453054
M35,15143.5,30,127768.63568502215,174725.30291698308
M35,15275.0,30,127548.68405878892,173609.8179262763
M35,15407.6,30,127328.97408099833,172497.35655171293
M35,15541.4,30,127107.25901684973,171400.5542980008
M35,15676.3,30,126886.09457937181,170308.9060291145
M35,15812.4,30,126660.41894195447,169226.71749261726
M35,15949.7,30,126444.00560047443,168150.13636580386
M35,16088.2,30,126217.05175253566,167085.76891702414
M35,16227.9,30,125998.51364412601,166030.0036503091
M35,16368.8,30,125771.36655669204,164979.01963646052
M35,16511.0,30,125549.89118587016,163939.49231130292
M35,16654.3,30,125324.86902479101,162906.98554121784
M35,16798.9,30,125105.00044682174,161884.47337007863
M35,16944.8,30,124879.45043388504,160874.15119737442
M35,17091.9,30,124658.28113114038,159865.66016593666
M35,17240.3,30,124438.6918978294,158870.366593382
M35,17390.0,30,124213.41570890519,157877.14381799658
M35,17541.0,30,123991.43631520112,156893.95658948412
M35,17693.3,30,123767.25055374335,155921.03449939843
M35,17847.0,30,123543.02948828551,154955.3860286054
M35,18001.9,30,123318.18481679805,153996.19694047948
M35,18158.2,30,123090.89270620569,153042.22475430145
M35,18315.9,30,122871.53548393851,152098.114505143
M35,18474.9,30,122645.06893242487,151162.52405563247
M35,18635.4,30,122425.05249855969,150236.92247432782
M35,18797.2,30,122198.43449567631,149311.13592994038
M35,18960.4,30,121979.70251257003,148404.38342828033
M35,19125.0,30,121750.54222635394,147497.3743712178
M35,19291.1,30,121529.52684208532,146597.38408693072
M35,19458.6,30,121301.18816781268,145701.3472730733
M35,19627.5,30,121077.52646851553,144818.91004662417
M35,19798.0,30,120854.55588161753,143938.01376199763
M35,19969.9,30,120635.99307674862,143071.2114881954
M35,20143.3,30,120406.57321223771,142206.33202592784
M35,20318.2,30,120182.79027189208,141349.20126481663
M35,20494.6,30,119957.84195861177,140494.7871216581
M35,20672.6,30,119734.67718596154,139650.47015062987
M35,20852.1,30,119506.8908545732,138812.11426182548
M35,21033.1,30,119283.77531898975,137980.6330566941
M35,21215.7,30,119056.5282780215,137156.00251291323
M35,21400.0,30,118832.9237567255,136339.34196556712
M35,21585.8,30,118607.74883386598,135526.5341010405
M35,21773.2,30,118384.20635727204,134715.97389920216
M35,21962.3,30,118156.69030566755,133918.29162160368
M35,22153.0,30,117930.42999300234,133127.9281140808
M35,22345.3,30,117704.6448779404,132332.2993360887
M35,22539.3,30,117485.400842419,131554.0662316739
M35,22735.0,30,117256.33445869072,130781.17917222029
M35,22932.5,30,117031.09218741323,130009.50303991472
M35,23131.6,30,116809.78697790715,129250.10154229187
M35,23332.4,30,116586.65416559626,128491.51211224441
M35,23535.0,30,116362.6001604106,127736.53915051237
M35,23739.4,30,116137.3528648451,126994.6486776302
M35,23945.5,30,115914.75340816873,126252.1267503929
M35,24153.4,30,115690.44644291089,125516.63278340241
M35,24363.1,30,115466.78496681541,124788.42819898468
M35,24574.7,30,115248.01876742087,124065.05526788061
M35,24788.1,30,115021.14412865904,123345.93917186656
M35,25003.3,30,114797.65932941205,122634.26170247684
M35,25220.4,30,114576.08975171727,121923.69441934944
M35,25439.4,30,114352.10415691264,121222.82023695936
M35,25660.3,30,114126.98125079165,120527.36276333343
M35,25883.1,30,113910.24999985482,119837.23047793974
M35,26107.8,30,113680.43250877537,119149.48363672453
M35,26334.5,30,113460.12673399861,118466.51691200916
M35,26563.2,30,113244.47145459702,117795.22380921504
M35,26793.8,30,113020.64444309319,117123.40767463429
M35,27026.5,30,112797.09731653189,116456.1268154452
M35,27261.2,30,112575.1863450905,115799.18403166078
M35,27497.9,30,112356.42435207544,115138.71994904877
M35,27736.6,30,112133.66046278064,114489.13472789797
M35,27977.5,30,111911.20041071012,113840.72138060724
M35,28220.4,30,111691.34398275614,113200.56926016568
M35,28465.4,30,111466.21580948435,112559.06353391544
M35,28712.6,30,111251.35695365434,111933.42774133003
M35,28961.9,30,111029.94373978456,111301.96158249717
M35,29213.4,30,110810.0648474827,110680.94886793003
M35,29467.1,30,110590.51711079942,110061.37467995052
M35,29722.9,30,110373.29682421302,109445.22816732152
M35,29981.0,30,110156.20023327744,108839.43820909414
M35,30241.3,30,109937.9234187247,108235.02445446322
M35,30503.9,30,109718.3954768395,107631.91815732709
M35,30768.8,30,109499.3541833045,107037.05155112856
M35,31035.9,30,109278.3354864568,106445.6920673244
M35,31305.4,30,109063.59203436636,105859.15679390181
M35,31577.2,30,108844.1916533273,105274.21058370851
M35,31851.4,30,108625.21701628258,104691.70674508472
M35,32128.0,30,108409.65997786856,104118.87452561902
M35,32407.0,30,108190.77493049127,103548.42526163545
M35,32688.3,30,107974.05581203764,102980.89185435975
M35,32972.2,30,107756.7766856877,102417.25492364651
M35,33258.5,30,107540.16651082787,101857.92816347934
M35,33547.3,30,107323.57387683063,101303.32086686473
M35,33838.6,30,107109.75305001116,100755.97558164326
M35,34132.4,30,106892.81812161305,100205.74353414756
M35,34428.7,30,106679.05655945299,99663.08613294967
M35,34727.7,30,106462.79874333685,99122.99439356136
M35,35029.2,30,106255.22913354046,98593.0578080886
M35,35333.4,30,106040.84033770113,98057.47241092284
M35,35640.2,30,105822.36721111515,97532.84083728328
M35,35949.6,30,105610.77555244985,97003.24400077212
M35,36261.8,30,105392.7727639417,96483.35545502744
M35,36576.7,30,105186.51157790604,95966.37127678379
M35,36894.3,30,104969.59609694102,95453.38038402094
M35,37214.6,30,104758.23440302015,94945.33100752381
M35,37537.7,30,104544.88266614353,94436.37605694836
M35,37863.7,30,104337.03772361319,93930.98326903356
M35,38192.4,30,104123.59930197283,93436.90037521151
M35,38524.1,30,103908.87581581598,92938.22241384645
M35,38858.6,30,103698.74146698385,92447.7402776992
M35,39196.0,30,103489.57250751421,91958.92164466913
M35,39536.3,30,103278.69024149734,91471.64557491285
M35,39879.6,30,103070.75145367722,90989.69296846393
M35,40225.9,30,102864.27592209827,90512.99017803995
M35,40575.2,30,102651.35898718161,90038.67446381338
M35,40927.5,30,102446.64955208998,89559.95153431593
M35,41282.9,30,102231.40973554761,89092.63140020407
M35,41641.3,30,102028.40525475396,88626.93182923966
M35,42002.9,30,101818.34025454798,88159.87210347404
M35,42367.6,30,101611.47901148722,87701.24861547157
M35,42735.5,30,101401.2542041485,87244.70618773384
M35,43106.5,30,101196.9239275018,86789.27026479568
M35,43480.8,30,100992.08279586924,86340.1682949085
M35,43858.4,30,100783.07304107453,85890.56535798215
M35,44239.2,30,100580.33004885023,85445.70777019595
M35,44623.3,30,100375.1256148363,84999.08143302126
M35,45010.8,30,100169.6914224791,84562.48319050983
M35,45401.6,30,99963.5228231907,84122.54937137153
M35,45795.8,30,99763.49485514015,83692.5236881442
M35,46193.5,30,99561.06540578883,83260.73552065049
M35,46594.6,30,99354.71024078275,82832.1180804443
M35,46999.2,30,99150.58908545172,82407.35968759019
M35,47407.3,30,98950.35377487897,81984.88756942151
M35,47818.9,30,98747.04200390392,81565.61775430776
M35,48234.1,30,98545.38997738135,81149.65890433337
M35,48652.9,30,98345.54237382405,80731.93423978663
M35,49075.4,30,98141.10614596024,80318.12576622526
M35,49501.5,30,97945.50333792961,79913.15088908022
M35,49931.3,30,97741.44400960277,79504.57356865572
M35,50364.9,30,97541.59323722332,79077.58460046315
M35,50802.2,30,97350.45641636413,78679.92131137838
M35,51243.3,30,97123.5815273124,78312.33121307346
M35,51688.2,30,96935.14394125385,77904.99297577713
M35,52137.0,30,96720.64769009611,77513.35230469599
M35,52589.8,30,96517.33197111153,77133.75824180293
M35,53046.4,30,96331.0581713008,76735.59740365307
M35,53507.0,30,96131.56255568056,76356.43531794919
M35,53971.6,30,95924.17346444452,75976.78417860846
M35,54440.2,30,95732.64610740097,75591.79553164725
M35,54912.9,30,95531.59876998105,75205.92809126466
M35,55389.7,30,95340.30796148573,74833.23034824252
M35,55870.7,30,95146.53198224118,74449.26951238567
M35,56355.8,30,94953.5907009621,74082.64549223962
M35,56845.1,30,94762.89072817958,73714.33591396618
M35,57338.7,30,94571.22588642973,73346.91672060009
M35,57836.6,30,94371.85188182184,72972.53856626974
M35,58338.8,30,94183.91785917422,72625.1757121549
M35,58845.3,30,93997.75135031003,72249.0732169661
M35,59356.3,30,93831.55671515536,71984.39586102782
M35,59871.7,30,93616.59225975114,71539.04982051645
M35,60391.6,30,93431.86235386245,71181.67509246382
M35,60915.9,30,93226.119230483,70836.1064729037
M35,61444.9,30,93043.83038611685,70479.09453833866
M35,61978.4,30,92866.62035355512,70124.72081181352
M35,62516.5,30,92658.52948773018,69784.93155356041
M35,63059.4,30,92468.29109057666,69437.75679594574
M35,63606.9,30,92282.14108658202,69108.98903935515
M35,64159.2,30,92107.14122006475,68751.12347448144
M35,64716.3,30,91910.64046068885,68409.81225610226
M35,65278.2,30,91731.44997101132,68069.66366195022
M35,65845.1,30,91538.60141332251,67733.51846125102
M35,66416.8,30,91350.82817951955,67399.61055846237
M35,66993.5,30,91157.32769376825,67067.34577302476
M35,67575.2,30,90975.15905701094,66727.72221382601
M35,68161.9,30,90790.88646685545,66401.9306898845
M35,68753.8,30,90604.12133322039,66067.48168368082
M35,69350.8,30,90420.26725291806,65739.26913121526
M35,69952.9,30,90227.41952032308,65420.13628048907
M35,70560.3,30,90050.30062590879,65095.28915488248
M35,71173.0,30,89855.87412001348,64774.39786441393
M35,71791.0,30,89683.02010154695,64462.30241852267
M35,72414.4,30,89494.32727773074,64145.622652587415
M35,73043.1,30,89312.87039125129,63834.75259620739
M35,73677.4,30,89129.81438432864,63529.921746292835
M35,74317.1,30,88955.87502350392,63219.98656262001
M35,74962.4,30,88766.18462973743,62912.55061021555
M35,75613.3,30,88592.71260731759,62610.44348111442
M35,76269.9,30,88413.72548526217,62302.48945994338
M35,76932.1,30,88234.65923976211,61998.55424638453
M35,77600.1,30,88092.00944556347,61650.61614315086
M35,78273.9,30,87871.90901403438,61406.14560611244
M35,78953.6,30,87688.84779052493,61110.03850574023
M35,79639.1,30,87510.54671752322,60815.07223743336
M35,80330.6,30,87334.03574184369,60519.87115410436
M35,81028.1,30,87167.32024831507,60229.3072444323
M35,81731.7,30,86991.76533942607,59941.711044825526
M35,82441.4,30,86806.06891574452,59646.328981617866
M35,83157.2,30,86636.25887333545,59357.96052345403
M35,83879.3,30,86454.43121749989,59070.338842990976
M35,84607.6,30,86315.41330844493,58840.87684287357
M35,85342.2,30,86124.95136258026,58566.72083717261
M35,86083.2,30,85969.08709735413,58288.63840044013
M35,86830.7,30,85787.18043499113,58013.31125487172
M35,87584.7,30,85621.87283340914,57718.3353609257
M35,88345.2,30,85452.34345451479,57452.987776230926
M35,89112.3,30,85269.12705037654,57163.775598492175
M35,89886.0,30,85106.3567651582,56898.48351552592
M35,90666.5,30,84939.90414463767,56625.3874928701
M35,91453.7,30,84771.18382465387,56368.5565776891
M35,92247.8,30,84587.98494347566,56085.28097457696
M35,93048.8,30,84436.18064851924,55811.03741601694
M35,93856.8,30,84257.33558661875,55546.294380761494
M35,94671.7,30,84091.32577734487,55284.96012993068
M35,95493.8,30,83921.91210210328,55018.894000128006
M35,96322.9,30,83752.82743211053,54767.908719815256
M35,97159.3,30,83583.14350491767,54500.678556145154
M35,98002.9,30,83416.30361461372,54251.32054619021
M35,98853.9,30,83260.99261060903,53981.73128805262
M35,99712.2,30,83093.3516188197,53720.7397334517
M35,100578.0,30,82924.60040062739,53464.40813053771
M35,101451.0,30,82752.66204611176,53220.95042778785
M35,102332.0,30,82598.10523239594,52966.192070576435
M35,103221.0,30,82433.60417919593,52718.08381539334
M35,104117.0,30,82265.25534436898,52466.69801636714
M35,105021.0,30,82107.47690496515,52209.16464141395
M35,105933.0,30,81954.6846334145,51961.48125515282
M35,106853.0,30,81783.55592314067,51715.80346535667
M35,107781.0,30,81623.81619635154,51471.91698449162
M35,108716.0,30,81461.38071772993,51218.98527995403
M35,109660.0,30,81301.52202679282,50975.43741275271
M35,110613.0,30,81142.84194132923,50745.62845336743
M35,111573.0,30,80983.40220102787,50493.27032140054
M35,112542.0,30,80831.20429146061,50254.29190755231
M35,113519.0,30,80666.95104585133,50016.99310380583
M35,114505.0,30,80505.48449733418,49776.14907506718
M35,115499.0,30,80353.7979855065,49542.11871594271
M35,116502.0,30,80191.78275996918,49305.95724431797
M35,117513.0,30,80034.90418756919,49074.08627890914
M35,118534.0,30,79880.46832020044,48842.33632452632
M35,119563.0,30,79731.40604803416,48617.65568098754
M35,120601.0,30,79589.15839942025,48385.82991639739
M35,121648.0,30,79418.99458955147,48147.31343685892
M35,122705.0,30,79259.40480041126,47920.88246094031
M35,123770.0,30,79111.23187443549,47690.93741563125
M35,124845.0,30,78960.4718720783,47474.06609945708
M35,125929.0,30,78797.9518377429,47240.517687821775
M35,127022.0,30,78659.06907536049,47022.23828209547
M35,128125.0,30,78510.96641386472,46793.94340323707
M35,129238.0,30,78361.27023828687,46575.62590697069
M35,130360.0,30,78203.96487138445,46346.83792540625
M35,131492.0,30,78055.96420503981,46127.421769074754
M35,132634.0,30,77908.6230802292,45912.56843988714
M35,133785.0,30,77755.81105080913,45691.69713023361
M35,134947.0,30,77609.88816166518,45474.84046809044
M35,136119.0,30,77462.06479682261,45258.46577218863
M35,137300.0,30,77328.8732615336,45036.838762914245
M35,138493.0,30,77177.93261836602,44833.73481921656
M35,139695.0,30,77028.11890826892,44614.28670578563
M35,140908.0,30,76877.99670531489,44400.91910320611
M35,142132.0,30,76733.97300710116,44190.6667879421
M35,143366.0,30,76594.14428932153,43978.14905483129
M35,144611.0,30,76459.12564207739,43774.55520195644
M35,145866.0,30,76304.90872297973,43555.85794601744
M35,147133.0,30,76165.52809414013,43357.76248222593
M35,148410.0,30,76025.5348556138,43146.57771802494
M35,149699.0,30,75880.95999897273,42940.47319116529
M35,150999.0,30,75746.0007739243,42736.60601593348
M35,152310.0,30,75607.1037606053,42526.470922624765
M35,153633.0,30,75464.49585530827,42322.3793298783
M35,154966.0,30,75323.0562307252,42130.972569289464
M35,156312.0,30,75193.13116438442,41928.82963242118
M35,157669.0,30,75051.74401089097,41724.895300457065
M35,159038.0,30,74926.2801201279,41526.33216089883
M35,160419.0,30,74779.8522615705,41329.412141873865
M35,161812.0,30,74640.38786582072,41131.329932587956
M35,163217.0,30,74506.17866573905,40931.843228054844
M35,164634.0,30,74374.87019383437,40739.46919560722
M35,166064.0,30,74246.44355837822,40542.19126804056
M35,167506.0,30,74107.60326096759,40350.09413692815
M35,168960.0,30,73979.20366900679,40153.388100530356
M35,170427.0,30,73842.39626731125,39960.752280683526
M35,171907.0,30,73716.07251205134,39769.22064707139
M35,173400.0,30,73581.23207949313,39582.146646996305
M35,174906.0,30,73444.81528783203,39387.20120372103
M35,176424.0,30,73320.8174022345,39202.80490490293
M35,177956.0,30,73196.0011806991,39011.96644215492
M35,179501.0,30,73058.44080885388,38819.36925319911
M35,181060.0,30,72936.03035055735,38640.78699436841
M35,182632.0,30,72803.54652330787,38451.72246191537
M35,184218.0,30,72673.7644010627,38266.61696733428
M35,185817.0,30,72558.78115272537,38082.09668374961
M35,187431.0,30,72428.68585467545,37897.16103686986
M35,189058.0,30,72304.45339687401,37719.22778267434
M35,190700.0,30,72184.76285173872,37534.265501502356
M35,192356.0,30,72053.06186222957,37360.08825129763
M35,194026.0,30,71941.37190645539,37174.33607698749
M35,195711.0,30,71808.75131096592,36998.68586817355
M35,197410.0,30,71682.04518519626,36818.377250535406
M35,199124.0,30,71566.0180323195,36638.73274822941
M35,200853.0,30,71446.66112280099,36463.12796699831
M35,202597.0,30,71326.44548938058,36287.46030708851
M35,204356.0,30,71206.19322871265,36108.08860278202
M35,206131.0,30,71084.4967044995,35932.43800703625
M35,207921.0,30,70965.07665290397,35763.13052471247
M35,209726.0,30,70849.80836389535,35595.94505225586
M35,211547.0,30,70735.47399823029,35426.78263071896
M35,213384.0,30,70619.91783212448,35255.048665777314
M35,215237.0,30,70503.0325374168,35085.935637110146
M35,217106.0,30,70389.61120457407,34909.861947418285
M35,218991.0,30,70278.41231122718,34740.165053344914
M35,220892.0,30,70163.85595521492,34576.020777645776
M35,222810.0,30,70049.68604033982,34418.61853202279
M35,224745.0,30,69942.52663987371,34242.84700234402
M35,226696.0,30,69828.41834692324,34085.358790238366
M35,228665.0,30,69710.08804304965,33921.2983817582
M35,230650.0,30,69610.09976971446,33751.466611588985
M35,232653.0,30,69491.86112285743,33585.14973299841
M35,234673.0,30,69384.1681981602,33429.49043214438
M35,236711.0,30,69275.86250919598,33274.42553501743
M35,238766.0,30,69164.23695537532,33110.94069384791
M35,240839.0,30,69055.69141236116,32948.82380320186
M35,242930.0,30,68953.33392213375,32791.90282306719
M35,245040.0,30,68843.14017042759,32633.77951569236
M35,247167.0,30,68744.30039715338,32479.7234979454
M35,249314.0,30,68638.98680737992,32318.51877633924
M35,251478.0,30,68537.67762679553,32166.096498197025
M35,253662.0,30,68427.1992613782,32008.943902199786
M35,255864.0,30,68330.87416707617,31848.982223513078
M35,258086.0,30,68223.79922808667,31696.659904575958
M35,260327.0,30,68121.60523485225,31549.63570309615
M35,262588.0,30,68023.98941428556,31390.58863017664
M35,264868.0,30,67922.71797613619,31241.390629210513
M35,267167.0,30,67822.33459513812,31090.587121382876
M35,269487.0,30,67722.55004227835,30942.63197297862
M35,271827.0,30,67625.5151104687,30795.348978393395
M35,274187.0,30,67532.63226156113,30655.339042114963
M35,276568.0,30,67432.84115029559,30491.59574318455
M35,278970.0,30,67334.72791959127,30352.301237184376
M35,281392.0,30,67233.37223933588,30205.297792543934
M35,283835.0,30,67142.26852822577,30058.94308388141
M35,286300.0,30,67043.85788618051,29915.350114357017
M35,288786.0,30,66951.40528961208,29769.770195513494
M35,291293.0,30,66865.22098656815,29628.074301210258
M35,293823.0,30,66770.18363079839,29482.993117845537
M35,296374.0,30,66678.04113970172,29345.985869443866
M35,298947.0,30,66582.13827970753,29203.817742314084
M35,301543.0,30,66491.51390587633,29061.452360591415
M35,304161.0,30,66406.53852855557,28924.562813449935
M35,306802.0,30,66314.68265072038,28786.28934061746
M35,309466.0,30,66220.095444811,28647.487017399002
M35,312153.0,30,66137.38361970948,28508.30272922966
M35,314864.0,30,66046.47264776668,28372.11722981334
M35,317598.0,30,65965.245009256,28237.177862432905
M35,320355.0,30,65876.06530017787,28105.317931748967
M35,323137.0,30,65790.50546242841,27966.127330285733
M35,325943.0,30,65706.03572532698,27824.12898862632
M35,328773.0,30,65621.60768266735,27702.243164721578
M35,331628.0,30,65536.5364935897,27573.25347066872
M35,334507.0,30,65458.2420099718,27441.665110406695
M35,337412.0,30,65368.56574381267,27308.210106160648
M35,340341.0,30,65290.59766903428,27178.253803169824
M35,343297.0,30,65209.93399891691,27053.517740135023
M35,346278.0,30,65128.86127544238,26918.94578692434
M35,349284.0,30,65046.848999506365,26798.291115998236
M35,352317.0,30,64970.59967836266,26667.97981223549
M35,355376.0,30,64890.747045682714,26548.16658903875
M35,358462.0,30,64813.23588608626,26418.390600723968
M35,361574.0,30,64737.763196243606,26293.20271220227
M35,364714.0,30,64659.68906252197,26172.006205619124
M35,367881.0,30,64581.16326505148,26051.191679502503
M35,371075.0,30,64509.2356750613,25920.122760822727
M35,374297.0,30,64435.19577205924,25802.378810613856
M35,377547.0,30,64360.59823217866,25681.572075615644
M35,380825.0,30,64287.8952014987,25567.925189882037
M35,384132.0,30,64215.07827424135,25447.368450570433
M35,387468.0,30,64142.94711058206,25324.920867115285
M35,390832.0,30,64070.39611500539,25207.51981498837
M35,394225.0,30,64007.955882239534,25095.913955110755
M35,397649.0,30,63933.61095887095,24977.463103028444
M35,401101.0,30,63871.35792045949,24851.945488399786
M35,404584.0,30,63798.302614123546,24746.11505212654
M35,408097.0,30,63730.97500712745,24641.71691994109
M35,411641.0,30,63665.09743764831,24525.60139002545
M35,415215.0,30,63598.49026876276,24411.39012416229
M35,418820.0,30,63534.47705284961,24293.862955939512
M35,422457.0,30,63472.18607097724,24191.858925093493
M35,426125.0,30,63406.40338459184,24083.30054971941
M35,429825.0,30,63340.9473552753,23969.298151126844
M35,433557.0,30,63281.99832219424,23862.809779255524
M35,437322.0,30,63220.7370487006,23757.69795445441
M35,441119.0,30,63158.426669036606,23649.656940018496
M35,444949.0,30,63097.21509530737,23543.396328359413
M35,448813.0,30,63038.93759557316,23435.079057494222
M35,452710.0,30,62981.12844963626,23331.923055723306
M35,456641.0,30,62922.56152850008,23234.19688506485
M35,460606.0,30,62863.84274385501,23129.01687004173
M35,464605.0,30,62808.84206985251,23028.660901653504
M35,468639.0,30,62751.30556528082,22931.309027925643
M35,472708.0,30,62698.35341237134,22829.13351113195
M35,476813.0,30,62645.06477690486,22725.06644460493
M35,480953.0,30,62589.202022673104,22630.167411770108
M35,485129.0,30,62534.554475805846,22533.67666197923
M35,489341.0,30,62484.912516736615,22435.73022496323
M35,493590.0,30,62435.418527251044,22339.012436766
M35,497876.0,30,62382.995099870735,22244.50662542093
M35,502199.0,30,62328.61719046943,22146.306155992097
M35,506560.0,30,62277.971838933416,22049.87213357082
M35,510958.0,30,62229.4684669339,21952.42938656203
M35,515395.0,30,62180.58881537,21855.654042127368
M35,519870.0,30,62132.29377246221,21755.619849060164
M35,524384.0,30,62079.36827744896,21661.94710941781
M35,528937.0,30,62034.52547991582,21566.1724921929
M35,533530.0,30,61990.157408817475,21476.922232433462
M35,538163.0,30,61953.085983642915,21391.56144725943
M35,542836.0,30,61901.89955106987,21299.670065214003
M35,547549.0,30,61857.826011716745,21205.448263049922
M35,552303.0,30,61815.03616171967,21117.26082218942
M35,557099.0,30,61772.18024232834,21028.484250817986
M35,561936.0,30,61733.30045730049,20938.210007111273
M35,566816.0,30,61689.218374287564,20855.21086789536
M35,571737.0,30,61652.321086544354,20768.664781018528
M35,576702.0,30,61615.45931948671,20684.54654294046
M35,581709.0,30,61573.617385738115,20602.12468463573
M35,586760.0,30,61536.11452446281,20518.543499749278
M35,591855.0,30,61501.48897240799,20432.835991416323
M35,596994.0,30,61467.61084983878,20355.36960257473
M35,602178.0,30,61434.07345846937,20275.87201658987
M35,607406.0,30,61398.76094293921,20195.316699894272
M35,612680.0,30,61363.954518039114,20117.661794032218
M35,618000.0,30,61336.051847698705,20043.209505827726
M35,623366.0,30,61301.498558739644,19966.33642896789
M35,628779.0,30,61276.32059514852,19893.213236330324
M35,634239.0,30,61245.477438900605,19818.232479025508
M35,639746.0,30,61217.70103437905,19748.829148851943
M35,645301.0,30,61189.620148814916,19674.821767368234
M35,650904.0,30,61165.56942620774,19603.500620437913
M35,656556.0,30,61142.141150381925,19532.466715187937
M35,662257.0,30,61115.05712210528,19467.757210984913
M35,668007.0,30,61093.210711077845,19404.438551716456
M35,673807.0,30,61065.557962593106,19339.116779913464
M35,679658.0,30,61044.13404185554,19269.047810715147
M35,685559.0,30,61027.218518128495,19208.55649505484
M35,691512.0,30,61010.53196677088,19149.482844871414
M35,697516.0,30,60983.32948769627,19087.057503053704
M35,703573.0,30,60970.02543497799,19031.96462401978
M35,709682.0,30,60953.80006419727,18972.391208981444
M35,715844.0,30,60939.30592915896,18910.96310774512
M35,722060.0,30,60922.70186053777,18860.59082799105
M35,728330.0,30,60909.890985147016,18806.426503762024
M35,734654.0,30,60892.75875196939,18756.910205037828
M35,741033.0,30,60879.905224010836,18705.030512134625
M35,747467.0,30,60869.59998864671,18651.53267731167
M35,753957.0,30,60862.56849480648,18605.347633334542
M35,760504.0,30,60848.981624958345,18561.486372083415
M35,767107.0,30,60839.41020446977,18514.00669512231
M35,773768.0,30,60828.466479110815,18469.273298249373
M35,780487.0,30,60825.11718669609,18419.685431966947
M35,787264.0,30,60820.44611833918,18376.90722126577
M35,794099.0,30,60817.865080946605,18338.71809415383
M35,800995.0,30,60812.74925481406,18301.286841269353
M35,807950.0,30,60810.481140020056,18262.183066167385
M35,814965.0,30,60805.10768162584,18227.83219683302
M35,822041.0,30,60810.642996715585,18183.46352024423
M35,829179.0,30,60820.13898058286,18156.58689646912
M35,836379.0,30,60822.45344194235,18125.95039034439
M35,843641.0,30,60823.815845493584,18097.117070303844
M35,850966.0,30,60832.42167434538,18071.135052445126
M35,858355.0,30,60838.015542040914,18043.681322532124
M35,865808.0,30,60845.94028774573,18025.929966268854
M35,873326.0,30,60858.55194802701,18004.25017647619
M35,880909.0,30,60855.62675381185,17984.7894117406
M35,888558.0,30,60874.35679398552,17964.565577092006
M35,896273.0,30,60885.514502554564,17949.492166316428
M35,904056.0,30,60899.63602572413,17936.21196406984
M35,911906.0,30,60918.64397562157,17927.136839372353
M35,919824.0,30,60926.35445471395,17917.5053354375
M35,927811.0,30,60947.48905746431,17911.0083604383
M35,935867.0,30,60962.531890224,17908.725143669162
M35,943993.0,30,60980.992202708505,17899.465776568304
M35,952190.0,30,60995.308103938514,17905.28667259991
M35,960457.0,30,61017.46434133697,17909.245909505964
M35,968797.0,30,61034.67128616888,17915.45335449013
M35,977209.0,30,61063.568838095096,17919.536888051178
M35,985694.0,30,61089.80630275579,17930.015782924605
M35,994253.0,30,61109.302938867615,17938.981763000545
M35,10000.0,50,144567.80179229088,348123.5785668108
M35,10086.8,50,144401.07903403536,345501.65454025794
M35,10174.4,50,144250.22579829258,342903.0525658162
M35,10262.8,50,144092.29181275985,340330.157882442
M35,10351.9,50,143936.3545597856,337757.85017894534
M35,10441.8,50,143768.89771369117,335227.8870508341
M35,10532.4,50,143606.04977292303,332715.5730058232
M35,10623.9,50,143442.95408568278,330233.452908976
M35,10716.1,50,143284.41684119517,327765.4600478061
M35,10809.2,50,143114.83050703641,325314.80042458087
M35,10903.0,50,142945.20107576982,322898.20497651387
M35,10997.7,50,142784.66284322945,320490.3317683243
M35,11093.2,50,142608.83921500779,318105.7233736837
M35,11189.5,50,142445.65172621838,315749.530749585
M35,11286.7,50,142276.50028364873,313412.67898614204
M35,11384.7,50,142104.3557830302,311086.8888743144
M35,11483.5,50,141935.8224799942,308793.5959124411
M35,11583.2,50,141760.5587872052,306516.91728084645
M35,11683.8,50,141591.53654412384,304251.0526533322
M35,11785.3,50,141408.9453322525,302015.7254266844
M35,11887.6,50,141239.28825422772,299798.281866007
M35,11990.8,50,141065.37266884104,297600.2563167376
M35,12094.9,50,140888.13810263306,295417.9304464535
M35,12199.9,50,140709.36956946785,293257.41959544487
M35,12305.9,50,140534.70891074362,291113.16080137785
M35,12412.7,50,140351.53106476567,288993.7892335066
M35,12520.5,50,140172.57390894066,286884.05331949407
M35,12629.2,50,139990.51998207197,284800.63981347415
M35,12738.9,50,139810.58243661013,282734.87852942746
M35,12849.5,50,139626.15093028426,280679.47241679777
M35,12961.1,50,139444.90350608158,278644.79105335654
M35,13073.6,50,139257.02489395844,276635.1535818709
M35,13187.1,50,139080.44223296078,274638.92895749985
M35,13301.6,50,138892.5505540798,272654.32613415056
M35,13417.1,50,138707.3631095032,270694.3684279872
M35,13533.6,50,138519.9990924114,268754.965885882
M35,13651.1,50,138336.33866284875,266826.55730808654
M35,13769.7,50,138147.45436745038,264918.0298277885
M35,13889.2,50,137957.94557328292,263025.4240858203
M35,14009.8,50,137768.20217005815,261147.06134479653
M35,14131.5,50,137575.63841318514,259277.91914278638
M35,14254.2,50,137387.69886862504,257436.21053448223
M35,14378.0,50,137193.18286226792,255605.98498807987
M35,14502.8,50,137008.9103304933,253796.9730416076
M35,14628.7,50,136814.31819912238,251998.45823339888
M35,14755.7,50,136619.1319432525,250220.68504809256
M35,14883.9,50,136429.17988467432,248450.25629880786
M35,15013.1,50,136225.74078604384,246702.27917400684
M35,15143.5,50,136030.7252356497,244963.09491780473
M35,15275.0,50,135843.3032845862,243245.37176051823
M35,15407.6,50,135641.95445161618,241539.21485540282
M35,15541.4,50,135442.91503737282,239847.53975308908
M35,15676.3,50,135243.96798230408,238174.0565543241
M35,15812.4,50,135051.12875649027,236505.04263613524
M35,15949.7,50,134851.5878100919,234863.04440626752
M35,16088.2,50,134645.54491554436,233230.78589383618
M35,16227.9,50,134455.5450132682,231615.2525479193
M35,16368.8,50,134248.80000649704,230008.30404923984
M35,16511.0,50,134048.80358984126,228411.23218923726
M35,16654.3,50,133856.54671989905,226839.36052480768
M35,16798.9,50,133645.4073554747,225268.08089682346
M35,16944.8,50,133437.60211776823,223720.24129749992
M35,17091.9,50,133237.02411724578,222186.12235462994
M35,17240.3,50,133038.81501075334,220663.72353620132
M35,17390.0,50,132833.39858041488,219153.55763884375
M35,17541.0,50,132625.4901771871,217657.09143892516
M35,17693.3,50,132421.20557799123,216163.74391206406
M35,17847.0,50,132216.22671569226,214692.69083313207
M35,18001.9,50,132014.9603592199,213234.81197161306
M35,18158.2,50,131804.63346494688,211785.95441420143
M35,18315.9,50,131590.19703501303,210346.4479951224
M35,18474.9,50,131389.811464541,208927.216947954
M35,18635.4,50,131183.58487167445,207519.93037589747
M35,18797.2,50,130974.9450637211,206124.16391646105
M35,18960.4,50,130766.0361463703,204728.91220733887
M35,19125.0,50,130554.12437035437,203356.60595061196
M35,19291.1,50,130343.93196721768,201990.85178524427
M35,19458.6,50,130138.43500781851,200637.02016774315
M35,19627.5,50,129922.17268640197,199296.40876531342
M35,19798.0,50,129714.75477255174,197969.93255800699
M35,19969.9,50,129503.43258508337,196655.3482178017
M35,20143.3,50,129289.63949802401,195345.7081779145
M35,20318.2,50,129080.53675495298,194048.08380501473
M35,20494.6,50,128864.61881445178,192760.4666815042
M35,20672.6,50,128651.36845863538,191489.52879485444
M35,20852.1,50,128437.46448327415,190225.09720897197
M35,21033.1,50,128220.1569445643,188966.62935472993
M35,21215.7,50,128009.46794329827,187726.6426109822
M35,21400.0,50,127791.77822479788,186489.91786204348
M35,21585.8,50,127571.45373446227,185264.12220432053
M35,21773.2,50,127362.69365358877,184057.23586356893
M35,21962.3,50,127143.60739798311,182853.26490912258
M35,22153.0,50,126932.60590637576,181658.20071818697
M35,22345.3,50,126709.97752151346,180481.49563889139
M35,22539.3,50,126495.0973365739,179306.93642255408
M35,22735.0,50,126279.90569123681,178144.4144668514
M35,22932.5,50,126062.81126067469,176991.51573636243
M35,23131.6,50,125846.49846267088,175844.0649201536
M35,23332.4,50,125631.13925827907,174713.22888264878
M35,23535.0,50,125415.36186676014,173589.1771100892
M35,23739.4,50,125190.98727239181,172472.61342838174
M35,23945.5,50,124971.93843859878,171364.22622888768
M35,24153.4,50,124750.14794712006,170267.9460220947
M35,24363.1,50,124529.00719142823,169178.2686596258
M35,24574.7,50,124316.9750523851,168101.67802391585
M35,24788.1,50,124095.42364199614,167033.10756932275
M35,25003.3,50,123877.90873075108,165969.96663534068
M35,25220.4,50,123656.94080148688,164917.87919179266
M35,25439.4,50,123439.80470647966,163874.41335598982
M35,25660.3,50,123215.43398005501,162838.47161649022
M35,25883.1,50,122994.93757180517,161810.4341269042
M35,26107.8,50,122776.26392847406,160791.64390235255
M35,26334.5,50,122559.1387934029,159786.26509738553
M35,26563.2,50,122340.32548803296,158781.8772268693
M35,26793.8,50,122118.7875320029,157787.42560306832
M35,27026.5,50,121894.7115530544,156798.46547427066
M35,27261.2,50,121674.90346657835,155821.40328476447
M35,27497.9,50,121442.56964597272,154850.83507790955
M35,27736.6,50,121232.67948683925,153886.19823190745
M35,27977.5,50,121009.91432185013,152931.3186749473
M35,28220.4,50,120783.35811179949,151981.01781050058
M35,28465.4,50,120564.1496942449,151048.64712878637
M35,28712.6,50,120341.00431861327,150115.60378534847
M35,28961.9,50,120120.32725539908,149192.02150672922
M35,29213.4,50,119897.04378259623,148271.5215460607
M35,29467.1,50,119677.24408320499,147365.26139175036
M35,29722.9,50,119454.66149909688,146459.10085727889
M35,29981.0,50,119236.5912736628,145568.72233725313
M35,30241.3,50,119016.44335967238,144680.23695068914
M35,30503.9,50,118787.37441158979,143797.63465728983
M35,30768.8,50,118563.52964850265,142925.13370000751
M35,31035.9,50,118344.10412497421,142054.1127188398
M35,31305.4,50,118121.44796606696,141199.03644990007
M35,31577.2,50,117904.70594394625,140343.64197539224
M35,31851.4,50,117675.6922751672,139497.6155673026
M35,32128.0,50,117452.36493152683,138655.90972313483
M35,32407.0,50,117235.27801139317,137822.12468638967
M35,32688.3,50,117011.01976100083,136998.91244006183
M35,32972.2,50,116784.69472703824,136177.5797430024
M35,33258.5,50,116565.05731718951,135360.17146054292
M35,33547.3,50,116340.25819906741,134552.95556824768
M35,33838.6,50,116122.20172632029,133752.478776026
M35,34132.4,50,115896.31487532704,132959.8055545523
M35,34428.7,50,115678.09268849781,132168.27157270277
M35,34727.7,50,115454.3400013083,131388.8528627755
M35,35029.2,50,115232.87099854837,130613.17756087396
M35,35333.4,50,115013.83930901357,129844.6125050481
M35,35640.2,50,114790.71657314281,129077.56530943111
M35,35949.6,50,114567.11310952608,128318.77167475055
M35,36261.8,50,114343.85570577704,127566.35475994696
M35,36576.7,50,114123.6367822556,126818.34021450036
M35,36894.3,50,113906.31447515529,126076.32838127483
M35,37214.6,50,113679.02669772028,125341.48089789382
M35,37537.7,50,113459.30047186275,124611.47592028833
M35,37863.7,50,113236.28054639134,123887.47570442379
M35,38192.4,50,113018.63962367798,123168.05247711344
M35,38524.1,50,112798.24954453998,122453.81703483027
M35,38858.6,50,112568.44154071556,121744.30536287682
M35,39196.0,50,112351.70001002421,121042.86786436228
M35,39536.3,50,112135.18918549625,120346.2464334597
M35,39879.6,50,111908.82406725198,119651.56762139706
M35,40225.9,50,111696.0357404651,118969.16070951638
M35,40575.2,50,111472.81424485409,118289.18154105295
M35,40927.5,50,111251.9802117939,117611.94884873331
M35,41282.9,50,111029.74753506164,116939.20381914885
M35,41641.3,50,110806.34346638128,116273.16573494366
M35,42002.9,50,110589.62663081677,115611.05500642827
M35,42367.6,50,110371.83958721682,114952.43517796398
M35,42735.5,50,110146.58987779451,114303.41755946974
M35,43106.5,50,109930.60172181552,113655.31121648458
M35,43480.8,50,109710.77757475723,113011.28014770996
M35,43858.4,50,109488.86359632354,112376.58779909201
M35,44239.2,50,109276.54447176146,111745.87710768793
M35,44623.3,50,109055.17600246205,111116.47132095258
M35,45010.8,50,108835.69079758806,110491.70868974247
M35,45401.6,50,108616.50388395054,109873.40393165384
M35,45795.8,50,108401.68865827848,109264.44396077967
M35,46193.5,50,108183.76856829302,108651.53224971364
M35,46594.6,50,107965.22037161501,108045.90062840954
M35,46999.2,50,107747.98568743384,107446.01564338856
M35,47407.3,50,107532.92913702317,106847.83066941098
M35,47818.9,50,107316.36981214408,106259.21462684005
M35,48234.1,50,107100.80645398212,105670.32283815477
M35,48652.9,50,106887.77160700316,105087.10401260485
M35,49075.4,50,106662.9229964744,104506.76833069827
M35,49501.5,50,106454.24659032268,103933.32823839269
M35,49931.3,50,106236.88589441229,103363.18089380028
M35,50364.9,50,106017.69453461625,102787.4605973372
M35,50802.2,50,105800.72957406245,102228.04696966654
M35,51243.3,50,105586.90212588022,101666.41772634056
M35,51688.2,50,105353.31065533546,101128.0110112601
M35,52137.0,50,105144.66865452747,100573.96964627643
M35,52589.8,50,104914.3500239593,100029.46544342542
M35,53046.4,50,104721.67498871661,99475.5101203769
M35,53507.0,50,104493.61341371038,98955.39768659278
M35,53971.6,50,104276.62638765966,98421.09561891344
M35,54440.2,50,104061.43861599584,97884.72231564103
M35,54912.9,50,103850.09037190537,97352.68377290953
M35,55389.7,50,103630.54378335201,96828.27648668356
M35,55870.7,50,103421.2347132298,96313.70312985705
M35,56355.8,50,103219.50031953257,95782.27328547963
M35,56845.1,50,103018.51919371514,95275.03112332142
M35,57338.7,50,102795.12260374251,94776.91612396722
M35,57836.6,50,102589.46532238141,94260.20323612189
M35,58338.8,50,102368.2741246385,93759.53489126706
M35,58845.3,50,102176.6706091006,93259.90526122709
M35,59356.3,50,102051.76604902843,92775.01917008555
M35,59871.7,50,101757.42849140754,92276.73994381286
M35,60391.6,50,101552.9017406264,91772.32301398079
M35,60915.9,50,101336.39983374273,91304.57087148368
M35,61444.9,50,101132.41132071558,90811.6788136921
M35,61978.4,50,100911.17872302607,90339.16217789632
M35,62516.5,50,100702.27775658453,89860.32768304039
M35,63059.4,50,100494.76830526894,89390.11841219658
M35,63606.9,50,100309.44744003277,88904.66593644385
M35,64159.2,50,100084.68121282342,88456.55528871468
M35,64716.3,50,99886.35001498733,87996.61867881198
M35,65278.2,50,99670.95437218563,87525.4771628665
M35,65845.1,50,99472.26894220295,87055.01892572353
M35,66416.8,50,99259.21565922895,86604.8928113224
M35,66993.5,50,99066.27234128785,86153.12678493296
M35,67575.2,50,98843.09533290628,85722.99175240296
M35,68161.9,50,98630.61629940254,85261.9130263154
M35,68753.8,50,98442.0346962209,84839.25152157062
M35,69350.8,50,98236.91534493385,84381.40263896402
M35,69952.9,50,98025.32610923896,83959.4191905905
M35,70560.3,50,97816.53242492538,83517.82230939712
M35,71173.0,50,97632.10380239873,83085.26316106993
M35,71791.0,50,97412.00706932417,82656.41305863141
M35,72414.4,50,97220.94110076339,82252.34845444809
M35,73043.1,50,97013.47473144587,81819.47381326262
M35,73677.4,50,96806.36800434046,81411.74551133181
M35,74317.1,50,96607.06820893462,80992.29800347047
M35,74962.4,50,96404.84370528569,80584.3783223977
M35,75613.3,50,96208.98614445172,80156.31392610619
M35,76269.9,50,95995.18925410838,79750.24776348844
M35,76932.1,50,95805.07630758263,79345.32930196608
M35,77600.1,50,95627.6728906659,78896.9499959422
M35,78273.9,50,95406.3285805291,78551.02933996983
M35,78953.6,50,95203.80562557088,78145.64879682603
M35,79639.1,50,94979.94566726671,77742.67621208252
M35,80330.6,50,94807.13854995348,77362.50064199162
M35,81028.1,50,94605.08412362786,76957.52001447241
M35,81731.7,50,94405.84164932847,76580.75012918084
M35,82441.4,50,94208.6690593988,76189.08510672885
M35,83157.2,50,94010.48307293058,75798.66930058922
M35,83879.3,50,93811.8626369362,75429.63947761095
M35,84607.6,50,93624.94078951725,75035.89587668619
M35,85342.2,50,93406.92389388802,74680.34347454926
M35,86083.2,50,93219.61523883125,74301.4996595576
M35,86830.7,50,93024.3113862078,73925.71628062593
M35,87584.7,50,92839.57297964378,73547.07401523119
M35,88345.2,50,92630.62649943907,73195.95794683995
M35,89112.3,50,92440.7748264192,72828.39897426328
M35,89886.0,50,92240.21279538119,72460.84510982974
M35,90666.5,50,92035.24112107855,72111.16852097331
M35,91453.7,50,91847.5938734015,71745.78180432312
M35,92247.8,50,91664.52303740742,71390.23615709889
M35,93048.8,50,91472.76409548109,71031.31621897129
M35,93856.8,50,91268.08819334085,70665.5207702403
M35,94671.7,50,91089.05483870396,70321.1548321582
M35,95493.8,50,90897.78253659751,69984.03721145606
M35,96322.9,50,90698.82576462891,69636.91258402083
M35,97159.3,50,90510.49394804933,69299.67389647532
M35,98002.9,50,90332.36349535154,68955.9479498428
M35,98853.9,50,90134.45493857004,68609.37615877278
M35,99712.2,50,89944.45405056857,68283.68122786884
M35,100578.0,50,89758.79026599805,67945.87275882298
M35,101451.0,50,89568.47980659359,67613.39253055377
M35,102332.0,50,89376.2382494534,67284.30479314158
M35,103221.0,50,89191.72965091733,66951.4670127742
M35,104117.0,50,89005.10754819152,66620.19191629191
M35,105021.0,50,88818.98860304944,66292.41748650307
M35,105933.0,50,88626.42576351213,65973.99935654155
M35,106853.0,50,88439.38723029583,65656.22111513975
M35,107781.0,50,88244.56714468104,65328.0581046535
M35,108716.0,50,88066.4342696249,65003.88965350827
M35,109660.0,50,87882.05864173129,64691.2024306473
M35,110613.0,50,87694.9149395088,64374.97069338159
M35,111573.0,50,87515.26319122045,64064.62648594626
M35,112542.0,50,87330.38610465021,63741.4997823225
M35,113519.0,50,87152.69063943277,63445.02199761334
M35,114505.0,50,86961.72887121236,63138.96750418096
M35,115499.0,50,86776.5694143551,62824.30087354034
M35,116502.0,50,86598.30881703141,62528.15384290322
M35,117513.0,50,86414.28086437588,62217.39538623413
M35,118534.0,50,86231.57128821163,61917.58231701779
M35,119563.0,50,86058.8401443654,61615.03163295934
M35,120601.0,50,85877.47146463627,61323.899869843684
M35,121648.0,50,85703.86498152513,61008.606203930445
M35,122705.0,50,85520.3133396416,60726.26595070949
M35,123770.0,50,85335.04865468548,60431.31596787877
M35,124845.0,50,85164.97798058242,60142.085325178574
M35,125929.0,50,84989.2804572501,59853.87460009665
M35,127022.0,50,84814.15134326366,59562.39718572398
M35,128125.0,50,84628.77070653478,59270.91157522707
M35,129238.0,50,84461.50502560915,58998.117663091165
M35,130360.0,50,84280.22001007386,58710.10548266344
M35,131492.0,50,84111.49445681952,58426.79547777875
M35,132634.0,50,83936.91441840658,58136.28150751019
M35,133785.0,50,83755.9194473985,57865.0320493178
M35,134947.0,50,83591.28229187314,57588.06443530787
M35,136119.0,50,83414.51667596475,57309.061978654856
M35,137300.0,50,83243.6104154226,57037.15095729195
M35,138493.0,50,83082.26220977951,56759.05926380712
M35,139695.0,50,82897.94930832527,56481.32935410104
M35,140908.0,50,82723.6106329877,56210.67667355731
M35,142132.0,50,82549.36318011317,55948.763394122274
M35,143366.0,50,82379.89148606443,55681.06995172428
M35,144611.0,50,82211.01472348293,55411.95566942143
M35,145866.0,50,82046.69551178193,55152.00855629536
M35,147133.0,50,81871.34656690186,54890.48593300867
M35,148410.0,50,81702.95890897464,54623.73574635744
M35,149699.0,50,81533.19352577922,54356.96794699925
M35,150999.0,50,81372.27050464688,54101.48734101019
M35,152310.0,50,81203.52345108331,53843.48948318947
M35,153633.0,50,81036.6861809808,53583.941729904196
M35,154966.0,50,80876.70894448376,53327.75624728658
M35,156312.0,50,80709.41686187411,53079.31537000379
M35,157669.0,50,80540.7761998384,52821.1287737697
M35,159038.0,50,80379.61913395477,52565.89526151171
M35,160419.0,50,80220.96443120696,52313.74581623702
M35,161812.0,50,80053.61566699739,52065.925425523805
M35,163217.0,50,79891.51066432247,51814.57931872309
M35,164634.0,50,79735.88012153859,51563.71558146327
M35,166064.0,50,79576.2126181501,51321.51233085061
M35,167506.0,50,79412.59668767352,51076.56761082122
M35,168960.0,50,79250.21248504601,50830.67149576576
M35,170427.0,50,79090.50938290881,50591.188876040724
M35,171907.0,50,78933.65676010534,50351.385572523024
M35,173400.0,50,78778.26034697697,50098.80182903656
M35,174906.0,50,78621.64137889298,49865.173169514324
M35,176424.0,50,78459.62274348165,49634.04573731492
M35,177956.0,50,78301.07658547894,49389.39818257527
M35,179501.0,50,78145.73151200335,49154.440149794726
M35,181060.0,50,77991.67006961326,48922.564936177565
M35,182632.0,50,77833.9465373349,48688.952661077856
M35,184218.0,50,77682.59883716669,48456.68225602049
M35,185817.0,50,77531.41553657527,48228.45884321177
M35,187431.0,50,77378.24284378398,47993.372001961936
M35,189058.0,50,77225.94771867106,47761.28389705495
M35,190700.0,50,77075.81055951922,47529.802624635064
M35,192356.0,50,76923.26339415363,47306.6677290842
M35,194026.0,50,76766.6591385473,47090.41539402009
M35,195711.0,50,76618.55838205254,46856.132776006016
M35,197410.0,50,76472.86006953513,46630.515696758965
M35,199124.0,50,76326.15882694426,46409.76891864392
M35,200853.0,50,76174.8666118065,46185.30660151907
M35,202597.0,50,76029.46611692442,45966.22317583616
M35,204356.0,50,75881.72883620135,45747.15301120166
M35,206131.0,50,75738.83394120105,45525.75612284584
M35,207921.0,50,75593.27041251815,45319.98200676876
M35,209726.0,50,75452.80002202517,45099.81704480679
M35,211547.0,50,75300.22126893522,44882.59720465472
M35,213384.0,50,75168.38762678714,44665.44375313175
M35,215237.0,50,75021.84961707957,44451.96474694235
M35,217106.0,50,74877.13955951041,44242.53774972659
M35,218991.0,50,74732.58622366394,44030.872386023206
M35,220892.0,50,74591.80609726577,43818.5957571028
M35,222810.0,50,74459.67606730765,43611.54538314954
M35,224745.0,50,74317.26350357314,43406.27714841287
M35,226696.0,50,74182.557469035,43198.68230645085
M35,228665.0,50,74041.8551157991,42987.92286025608
M35,230650.0,50,73903.17148686235,42785.559579575616
M35,232653.0,50,73760.06724422253,42582.99164820749
M35,234673.0,50,73630.9326790825,42377.29305521904
M35,236711.0,50,73494.72831500505,42181.840494430755
M35,238766.0,50,73361.3834567135,41971.96213981517
M35,240839.0,50,73224.52326835999,41776.86349986709
M35,242930.0,50,73090.31918995299,41572.72852685342
M35,245040.0,50,72964.42025295504,41373.79382568821
M35,247167.0,50,72831.06251043448,41180.33030252831
M35,249314.0,50,72694.8975373824,40981.19677865871
M35,251478.0,50,72571.59684811605,40788.59299565559
M35,253662.0,50,72439.06296553797,40592.574349957344
M35,255864.0,50,72308.5882193063,40398.986535786884
M35,258086.0,50,72179.55529154345,40209.44813174225
M35,260327.0,50,72049.02977284919,40006.66441324573
M35,262588.0,50,71921.1220674375,39826.82725935451
M35,264868.0,50,71799.85097619783,39636.628183740075
M35,267167.0,50,71678.62599455917,39446.233048458234
M35,269487.0,50,71548.04536340131,39260.88770070084
M35,271827.0,50,71424.35006453856,39072.100630389185
M35,274187.0,50,71287.490511945,38872.68953689103
M35,276568.0,50,71175.59315599054,38695.55385710631
M35,278970.0,50,71059.26991458712,38513.01279149714
M35,281392.0,50,70928.52649394915,38327.55658336678
M35,283835.0,50,70815.18972049493,38147.4306293589
M35,286300.0,50,70691.23702365746,37965.32973241069
M35,288786.0,50,70571.64863893394,37782.639897401634
M35,291293.0,50,70448.5076056806,37602.09607183584
M35,293823.0,50,70334.99885609894,37427.075475178106
M35,296374.0,50,70215.05536486523,37254.18990797642
M35,298947.0,50,70101.7362348703,37063.870814265356
M35,301543.0,50,69982.98299435992,36891.75359791359
M35,304161.0,50,69869.3626513944,36719.57752516485
M35,306802.0,50,69757.44673773709,36539.808337426795
M35,309466.0,50,69640.26456209384,36365.738487243296
M35,312153.0,50,69527.42459587869,36196.77105871453
M35,314864.0,50,69414.04838344408,36021.10460156487
M35,317598.0,50,69305.67121474688,35854.54459147724
M35,320355.0,50,69191.55434508884,35680.925873235305
M35,323137.0,50,69081.03469185597,35512.27960649515
M35,325943.0,50,68981.81982128519,35350.69016203116
M35,328773.0,50,68863.24202549526,35177.397231305615
M35,331628.0,50,68757.82370777002,35010.28329577794
M35,334507.0,50,68650.95121364106,34841.57293187839
M35,337412.0,50,68542.98081676476,34676.87280996541
M35,340341.0,50,68442.61287373472,34512.748691433815
M35,343297.0,50,68333.62012503209,34353.58725166372
M35,346278.0,50,68229.72253893368,34190.13852282229
M35,349284.0,50,68124.41894008289,34024.68831860019
M35,352317.0,50,68026.87495022331,33867.15345704189
M35,355376.0,50,67925.30942659674,33710.437471941936
M35,358462.0,50,67818.12639766137,33548.444910394785
M35,361574.0,50,67723.89945739617,33388.180296787505
M35,364714.0,50,67622.00932897325,33237.511860396764
M35,367881.0,50,67524.2808470889,33078.4886370443
M35,371075.0,50,67424.0653851111,32924.69126447738
M35,374297.0,50,67328.3572182997,32772.80027929099
M35,377547.0,50,67231.6669844344,32617.091636845493
M35,380825.0,50,67138.61232969716,32461.856033142136
M35,384132.0,50,67043.75650720693,32313.408268079587
M35,387468.0,50,66952.30098187791,32162.260747189488
M35,390832.0,50,66853.02725712709,32012.242210032007
M35,394225.0,50,66763.33997737219,31862.07461979988
M35,397649.0,50,66675.91460436526,31716.971990906815
M35,401101.0,50,66568.40463399142,31597.75524406375
M35,404584.0,50,66490.5833133982,31425.979448687474
M35,408097.0,50,66401.7092105875,31280.81893151469
M35,411641.0,50,66319.32352829956,31135.996500836936
M35,415215.0,50,66229.27329736277,30992.490187348107
M35,418820.0,50,66140.86873308163,30852.394095281255
M35,422457.0,50,66055.90303100008,30710.347607001073
M35,426125.0,50,65970.80926573345,30569.465518146237
M35,429825.0,50,65889.19191665165,30429.313067085528
M35,433557.0,50,65804.78661632669,30292.009623237405
M35,437322.0,50,65720.05022536828,30155.750943473857
M35,441119.0,50,65641.13202454073,30018.08007865661
M35,444949.0,50,65562.91292046859,29882.057530980008
M35,448813.0,50,65479.39386376327,29745.912249611716
M35,452710.0,50,65401.62439620391,29612.455763002676
M35,456641.0,50,65329.24917908081,29486.443694222697
M35,460606.0,50,65246.52215120761,29348.549488992132
M35,464605.0,50,65169.2692431787,29223.588665246316
M35,468639.0,50,65094.78090841313,29088.58447602888
M35,472708.0,50,65019.9366739654,28957.44384756471
M35,476813.0,50,64940.12634962149,28833.25184587117
M35,480953.0,50,64871.71718629197,28702.228179975864
M35,485129.0,50,64793.525127920046,28576.404016112625
M35,489341.0,50,64726.96566623489,28454.66070079077
M35,493590.0,50,64653.689240571024,28329.454038769847
M35,497876.0,50,64586.03795111663,28210.50289518336
M35,502199.0,50,64514.13911543806,28085.29189433383
M35,506560.0,50,64442.52951291333,27957.70855140657
M35,510958.0,50,64374.348545825545,27831.393494546082
M35,515395.0,50,64303.49108983717,27710.889291647964
M35,519870.0,50,64237.04789938153,27584.735470284817
M35,524384.0,50,64166.0689277473,27461.18963018262
M35,528937.0,50,64104.308142094174,27340.688757190554
M35,533530.0,50,64041.76319909657,27223.30253041229
M35,538163.0,50,63974.6710446656,27098.991487152074
M35,542836.0,50,63913.88585359656,26991.315545807203
M35,547549.0,50,63849.06750346425,26872.33368716842
M35,552303.0,50,63787.474602374896,26753.282607149977
M35,557099.0,50,63727.1465053828,26638.69519544508
M35,561936.0,50,63665.439661670534,26527.181828083252
M35,566816.0,50,63607.93168138259,26411.41253099708
M35,571737.0,50,63548.64015573819,26301.530406564812
M35,576702.0,50,63490.80674815022,26190.544559004928
M35,581709.0,50,63433.20918329274,26087.275840312002
M35,586760.0,50,63376.39345198078,25974.4644706552
M35,591855.0,50,63324.421384563255,25864.653978470178
M35,596994.0,50,63270.432566352596,25760.94822922222
M35,602178.0,50,63213.878493437755,25655.643143365385
M35,607406.0,50,63165.84639947409,25551.954790290627
M35,612680.0,50,63119.455928377465,25452.336137651477
M35,618000.0,50,63066.31894719932,25352.36980460446
M35,623366.0,50,63018.47109800236,25256.510175374802
M35,628779.0,50,62969.722550250386,25150.658205241307
M35,634239.0,50,62920.41233119022,25054.848270569677
M35,639746.0,50,62875.80980603511,24965.53603570476
M35,645301.0,50,62830.09881349491,24868.20475925819
M35,650904.0,50,62785.60514206396,24776.729525873394
M35,656556.0,50,62744.04555248148,24685.940342974307
M35,662257.0,50,62701.346323182195,24590.9483217999
M35,668007.0,50,62666.8849511645,24499.85390637249
M35,673807.0,50,62625.00507392237,24411.180865009643
M35,679658.0,50,62585.12245377345,24329.975377739105
M35,685559.0,50,62550.16604828261,24240.76405429447
M35,691512.0,50,62506.747943303846,24160.466775092496
M35,697516.0,50,62474.54002167907,24079.362515974764
M35,703573.0,50,62444.60412011224,23990.872528104726
M35,709682.0,50,62410.433340006704,23917.886152183535
M35,715844.0,50,62369.88776925612,23846.184928537456
M35,722060.0,50,62342.76586881585,23763.259710539976
M35,728330.0,50,62315.49144577169,23688.984405220082
M35,734654.0,50,62280.645295028815,23618.900268103087
M35,741033.0,50,62250.4431433901,23548.683865758194
M35,747467.0,50,62226.765307816175,23472.958835454217
M35,753957.0,50,62200.57434529049,23402.211007095713
M35,760504.0,50,62173.454776283266,23339.499750892704
M35,767107.0,50,62144.30058579778,23274.246234409708
M35,773768.0,50,62117.02663711506,23215.213746312107
M35,780487.0,50,62087.290285848576,23151.01079274109
M35,787264.0,50,62078.4660294579,23078.881611487817
M35,794099.0,50,62059.639010994004,23022.457894732303
M35,800995.0,50,62043.137959662374,22966.581463859085
M35,807950.0,50,62020.196399075976,22915.267565012982
M35,814965.0,50,61994.047033131435,22862.452798498238
M35,822041.0,50,61981.36693170506,22797.456475362367
M35,829179.0,50,61976.47082295195,22756.489468921434
M35,836379.0,50,61970.31376584801,22702.446173048225
M35,843641.0,50,61954.29089668516,22662.732900399114
M35,850966.0,50,61942.947262187314,22623.53282292626
M35,858355.0,50,61931.97281076737,22585.105318481623
M35,865808.0,50,61921.02858041278,22548.18215006644
M35,873326.0,50,61901.45628451881,22512.915306901825
M35,880909.0,50,61902.43297930548,22477.312029415447
M35,888558.0,50,61894.54173785187,22439.7283857459
M35,896273.0,50,61894.68768213449,22408.4965782299
M35,904056.0,50,61890.59063460024,22381.970012134498
M35,911906.0,50,61881.877730480126,22363.18781707487
M35,919824.0,50,61877.57400192283,22340.511340331184
M35,927811.0,50,61878.524225100795,22317.784744260014
M35,935867.0,50,61869.48181254769,22300.735070170962
M35,943993.0,50,61874.10600529554,22291.17655617067
M35,952190.0,50,61873.618170821865,22274.531385508224
M35,960457.0,50,61871.893549377375,22265.372159660987
M35,968797.0,50,61874.10958290557,22259.705135558896
M35,977209.0,50,61876.46932591302,22257.382848398163
M35,985694.0,50,61871.2053504672,22252.318510714056
M35,994253.0,50,61879.42845753899,22253.32449594141
M35,10000.0,71,147557.07665007436,501368.85993538366
M35,10086.8,71,147459.70332886637,497375.6757824167
M35,10174.4,71,147356.53665646355,493416.8112513355
M35,10262.8,71,147244.55932771807,489484.6560300401
M35,10351.9,71,147132.43577803468,485576.6961422798
M35,10441.8,71,147022.16986799054,481717.66842804215
M35,10532.4,71,146907.4982926802,477883.4270215519
M35,10623.9,71,146802.03790323774,474097.22429335804
M35,10716.1,71,146684.07005391986,470326.6482411328
M35,10809.2,71,146562.95790378223,466598.27592502895
M35,10903.0,71,146453.26274103188,462920.72677358944
M35,10997.7,71,146330.70263594575,459247.92889186705
M35,11093.2,71,146217.79243009514,455617.2653682388
M35,11189.5,71,146089.57125233894,452029.5622965701
M35,11286.7,71,145983.90198965542,448461.16768426134
M35,11384.7,71,145854.39291615528,444921.6276726218
M35,11483.5,71,145720.01469138844,441427.9694159311
M35,11583.2,71,145618.57632347633,437965.062314151
M35,11683.8,71,145479.52511191877,434530.33460308966
M35,11785.3,71,145363.87512461052,431118.46362610115
M35,11887.6,71,145231.37537037962,427732.36966665793
M35,11990.8,71,145114.935716793,424389.7964120571
M35,12094.9,71,144981.07254794822,421072.31956079765
M35,12199.9,71,144844.671516626,417784.0893538647
M35,12305.9,71,144722.79636191056,414515.4153008491
M35,12412.7,71,144583.7208535769,411293.903712363
M35,12520.5,71,144454.08546945796,408095.51456590556
M35,12629.2,71,144327.074961966,404921.6361110112
M35,12738.9,71,144180.01376165941,401777.4359646395
M35,12849.5,71,144059.35580322015,398661.6324100156
M35,12961.1,71,143924.84319815118,395576.3265451107
M35,13073.6,71,143776.8114356226,392512.83810955385
M35,13187.1,71,143651.33816355254,389482.37697382615
M35,13301.6,71,143506.7286528394,386466.253534861
M35,13417.1,71,143362.57387127055,383475.3068405964
M35,13533.6,71,143228.90491398764,380535.96940064745
M35,13651.1,71,143092.78888630297,377607.38913300174
M35,13769.7,71,142940.16387642446,374707.85991289717
M35,13889.2,71,142804.81064674378,371829.14518473804
M35,14009.8,71,142659.69118950862,368970.92547365074
M35,14131.5,71,142509.08842913745,366156.8886300063
M35,14254.2,71,142372.089099581,363343.0188808027
M35,14378.0,71,142223.33523452724,360571.36121291324
M35,14502.8,71,142084.670632608,357837.21185679623
M35,14628.7,71,141923.14307946255,355104.5560482115
M35,14755.7,71,141784.0535215427,352410.95654836
M35,14883.9,71,141625.06223041294,349727.43068071787
M35,15013.1,71,141473.94413363113,347064.3096923687
M35,15143.5,71,141315.94896616385,344430.32122757146
M35,15275.0,71,141168.7265942547,341838.68946644274
M35,15407.6,71,141011.14109800177,339261.4245658857
M35,15541.4,71,140861.07338954974,336693.0169839171
M35,15676.3,71,140695.1590516572,334148.6248884085
M35,15812.4,71,140549.43689668342,331641.4518105581
M35,15949.7,71,140388.8125934167,329141.74046439026
M35,16088.2,71,140239.2766353567,326679.82879072364
M35,16227.9,71,140078.65636506476,324230.41534332285
M35,16368.8,71,139919.1067749885,321804.2023031136
M35,16511.0,71,139758.13497984974,319392.17661890126
M35,16654.3,71,139586.77362365025,317012.9153581322
M35,16798.9,71,139431.36694011503,314649.2112370793
M35,16944.8,71,139265.64527595305,312308.6046441639
M35,17091.9,71,139102.41491437503,309976.9243810125
M35,17240.3,71,138941.61696316954,307675.75311700243
M35,17390.0,71,138773.18012422143,305399.39628983766
M35,17541.0,71,138608.1722727834,303132.21466893103
M35,17693.3,71,138444.0193470577,300897.8961148975
M35,17847.0,71,138271.6861216304,298672.1622504955
M35,18001.9,71,138100.51005669855,296464.0988421444
M35,18158.2,71,137930.7442859968,294292.8155884273
M35,18315.9,71,137760.47550833534,292131.00543633325
M35,18474.9,71,137594.5761511352,289989.0021620085
M35,18635.4,71,137426.34384592588,287861.6843549615
M35,18797.2,71,137245.7741487407,285752.32879563275
M35,18960.4,71,137072.53405141493,283668.1774333194
M35,19125.0,71,136896.99660562375,281600.44775498065
M35,19291.1,71,136722.79123907344,279547.6653855523
M35,19458.6,71,136542.2773698443,277515.00134879
M35,19627.5,71,136366.72195208797,275492.07626123057
M35,19798.0,71,136193.10487062146,273498.12878673786
M35,19969.9,71,136010.64386908684,271517.0174873276
M35,20143.3,71,135834.65579198734,269560.0766887476
M35,20318.2,71,135650.5985703954,267618.0507779801
M35,20494.6,71,135462.10371509474,265683.93332613463
M35,20672.6,71,135284.9297320141,263765.72194247285
M35,20852.1,71,135101.06774063903,261875.74872741877
M35,21033.1,71,134921.738992533,259997.13944905213
M35,21215.7,71,134737.2147318635,258126.70257609666
M35,21400.0,71,134545.88881560834,256280.84838078133
M35,21585.8,71,134364.10084580135,254452.22918839395
M35,21773.2,71,134171.50467171872,252641.9244588948
M35,21962.3,71,133990.25574009732,250833.96624232168
M35,22153.0,71,133808.74912306652,249061.46878701248
M35,22345.3,71,133616.25064851835,247293.43206766777
M35,22539.3,71,133422.96732241742,245533.1766184193
M35,22735.0,71,133232.8964539994,243799.1519983474
M35,22932.5,71,133063.87797436482,242068.31485603852
M35,23131.6,71,132844.94435078706,240375.44463887808
M35,23332.4,71,132659.9519529007,238686.87034420893
M35,23535.0,71,132470.79946105348,237005.2741869367
M35,23739.4,71,132272.4448591386,235337.01310578533
M35,23945.5,71,132084.98175135633,233695.37426346377
M35,24153.4,71,131887.90736559313,232059.0700055191
M35,24363.1,71,131686.67535134743,230440.3031212901
M35,24574.7,71,131499.858646148,228843.28432942703
M35,24788.1,71,131303.9262958827,227256.49726091852
M35,25003.3,71,131105.62535665854,225664.9841491681
M35,25220.4,71,130910.00410173372,224105.52982882553
M35,25439.4,71,130713.32251775522,222546.2145490521
M35,25660.3,71,130513.87334045558,221012.5223733026
M35,25883.1,71,130319.48536492059,219495.245055033
M35,26107.8,71,130116.81875533721,217975.33479625863
M35,26334.5,71,129918.38315608757,216484.01655167565
M35,26563.2,71,129713.67772517126,214988.0971804617
M35,26793.8,71,129516.18297871701,213522.60294464586
M35,27026.5,71,129308.32293920522,212072.3540926304
M35,27261.2,71,129115.78559711094,210613.64193996837
M35,27497.9,71,128910.32089717637,209191.25143359764
M35,27736.6,71,128704.77813780971,207755.20707392934
M35,27977.5,71,128500.673678517,206343.00237636862
M35,28220.4,71,128299.47746831087,204949.38207582786
M35,28465.4,71,128090.42650138703,203559.32862380656
M35,28712.6,71,127887.76468826817,202184.35444787866
M35,28961.9,71,127687.26951056151,200820.7909404054
M35,29213.4,71,127479.67192056605,199470.91015521382
M35,29467.1,71,127273.23059840883,198128.22900409554
M35,29722.9,71,127062.99446304294,196795.61825268765
M35,29981.0,71,126861.09986188977,195479.64943432497
M35,30241.3,71,126648.96722089559,194179.09845696483
M35,30503.9,71,126447.54820572566,192876.30909815012
M35,30768.8,71,126241.37020005495,191597.67312803192
M35,31035.9,71,126030.74045835511,190326.5012749887
M35,31305.4,71,125818.04308117788,189060.52900440138
M35,31577.2,71,125610.54358842301,187805.62694357897
M35,31851.4,71,125400.63065724242,186566.58488417137
M35,32128.0,71,125192.29919357852,185339.94610842905
M35,32407.0,71,124979.66750941768,184112.7402341261
M35,32688.3,71,124768.27125844965,182906.18865298002
M35,32972.2,71,124564.14886984369,181699.4900709774
M35,33258.5,71,124346.65979876983,180508.10251249425
M35,33547.3,71,124136.14288626447,179326.1760579865
M35,33838.6,71,123922.12807442865,178159.2118438522
M35,34132.4,71,123710.29382940731,176999.24645133887
M35,34428.7,71,123506.09624586435,175852.72057795286
M35,34727.7,71,123282.40420930447,174706.3281723787
M35,35029.2,71,123076.05590092669,173571.40934293825
M35,35333.4,71,122863.72305186342,172452.8733083494
M35,35640.2,71,122647.86203610322,171332.3050243199
M35,35949.6,71,122431.53848415392,170228.49064853907
M35,36261.8,71,122216.6428490336,169138.7744517908
M35,36576.7,71,121999.77362580663,168048.3900261568
M35,36894.3,71,121786.09181107445,166975.52284474266
M35,37214.6,71,121573.73161739932,165903.99773785274
M35,37537.7,71,121355.4762832688,164844.58511609962
M35,37863.7,71,121144.1520914579,163795.23408546438
M35,38192.4,71,120922.50129728382,162746.90919480444
M35,38524.1,71,120711.79687853873,161719.21967195938
M35,38858.6,71,120496.20042095735,160696.05827979848
M35,39196.0,71,120282.44979422141,159681.6583859107
M35,39536.3,71,120058.55209437337,158666.99007611533
M35,39879.6,71,119843.73200820464,157666.46535846996
M35,40225.9,71,119635.45179558033,156681.17255496752
M35,40575.2,71,119417.73553917973,155693.4795368369
M35,40927.5,71,119200.14757754673,154719.17936874344
M35,41282.9,71,118978.2710671134,153749.0255830209
M35,41641.3,71,118760.97728028249,152787.21762137767
M35,42002.9,71,118546.48541306409,151836.88599585707
M35,42367.6,71,118326.90651930193,150888.91438164
M35,42735.5,71,118105.52130716342,149946.89942699968
M35,43106.5,71,117894.79505579936,149020.11123314142
M35,43480.8,71,117672.97190884654,148100.66594355574
M35,43858.4,71,117453.56582909821,147183.6926963322
M35,44239.2,71,117237.71850337584,146277.4619240457
M35,44623.3,71,117019.7681861829,145378.97551124892
M35,45010.8,71,116795.51385038641,144486.015805415
M35,45401.6,71,116577.3908976498,143595.86196863023
M35,45795.8,71,116366.19893288978,142720.75486577302
M35,46193.5,71,116145.7919259232,141845.34312270267
M35,46594.6,71,115926.65181036569,140980.348295094
M35,46999.2,71,115708.0697488443,140118.7965362812
M35,47407.3,71,115486.8124068617,139272.1220991262
M35,47818.9,71,115271.1120255051,138430.2908117092
M35,48234.1,71,115050.52245655566,137588.63296103364
M35,48652.9,71,114836.03288996463,136758.79280547707
M35,49075.4,71,114610.8870997114,135934.25475575434
M35,49501.5,71,114400.39565822657,135119.4232829199
M35,49931.3,71,114174.740782069,134307.7215271965
M35,50364.9,71,113985.20796577484,133510.4827521259
M35,50802.2,71,113789.11980850283,132700.9727551747
M35,51243.3,71,113553.25671845727,131918.6103304154
M35,51688.2,71,113327.95058062595,131112.5513073541
M35,52137.0,71,113094.9612267057,130338.21344558129
M35,52589.8,71,112898.20470491465,129557.71115246373
M35,53046.4,71,112673.15039583668,128794.82789633455
M35,53507.0,71,112483.56207422519,128042.76025887788
M35,53971.6,71,112245.73255204814,127271.21423347795
M35,54440.2,71,112021.22652912993,126520.82058079846
M35,54912.9,71,111807.41423297315,125785.72552934002
M35,55389.7,71,111590.77965355956,125041.40170887031
M35,55870.7,71,111361.11868506251,124304.59662133889
M35,56355.8,71,111168.12351379321,123596.52441700506
M35,56845.1,71,110937.46579505624,122882.08544380373
M35,57338.7,71,110723.987497558,122147.95576009604
M35,57836.6,71,110516.05160442812,121431.7098394802
M35,58338.8,71,110272.40371222961,120745.068343921
M35,58845.3,71,110052.93001317928,120046.1617775013
M35,59356.3,71,109790.77829400529,119369.39221746683
M35,59871.7,71,109633.39403297454,118649.75083316083
M35,60391.6,71,109390.35936804902,117966.36345718507
M35,60915.9,71,109179.4969481733,117295.56290716857
M35,61444.9,71,108957.5851566346,116620.10664274372
M35,61978.4,71,108755.1288973291,115953.09625006816
M35,62516.5,71,108523.86092257201,115269.49236146812
M35,63059.4,71,108299.30554126138,114639.87956349272
M35,63606.9,71,108093.82453519611,113956.90497252568
M35,64159.2,71,107867.05986657277,113330.17552437485
M35,64716.3,71,107643.99189650323,112653.63095046039
M35,65278.2,71,107418.76828355505,112023.86589015153
M35,65845.1,71,107191.23655771912,111389.34299990369
M35,66416.8,71,106980.88544578827,110765.31284849878
M35,66993.5,71,106774.66211397675,110130.96843627312
M35,67575.2,71,106549.75734747741,109503.26046903178
M35,68161.9,71,106342.86602246159,108908.53745137576
M35,68753.8,71,106131.4774965621,108268.97517868644
M35,69350.8,71,105901.1161079621,107666.48029644109
M35,69952.9,71,105688.97928644759,107090.17736680254
M35,70560.3,71,105481.33452335799,106454.54270200485
M35,71173.0,71,105249.91350734167,105886.31880730453
M35,71791.0,71,105042.71316233571,105282.78832822564
M35,72414.4,71,104823.97076399192,104703.29171075288
M35,73043.1,71,104616.24497413631,104119.3220703305
M35,73677.4,71,104396.1013134378,103547.20441709738
M35,74317.1,71,104179.78557759263,102981.54668978702
M35,74962.4,71,103961.91088850844,102406.26223557821
M35,75613.3,71,103751.14152399507,101846.7443867362
M35,76269.9,71,103545.28195545301,101281.20771002231
M35,76932.1,71,103336.04692116717,100738.65994774313
M35,77600.1,71,103131.68227311382,100077.7661246771
M35,78273.9,71,102907.72694317799,99626.70605213616
M35,78953.6,71,102699.80283942411,99081.86894653727
M35,79639.1,71,102487.9483582453,98539.2286563278
M35,80330.6,71,102265.15423328361,98004.02134319069
M35,81028.1,71,102054.16179615367,97478.74008866902
M35,81731.7,71,101839.66520678948,96953.15282566551
M35,82441.4,71,101625.68375278804,96423.6676136264
M35,83157.2,71,101416.0002758261,95891.93894764113
M35,83879.3,71,101219.42688731954,95387.03100053815
M35,84607.6,71,101001.06205308557,94854.60402849772
M35,85342.2,71,100778.42567643143,94362.22423912247
M35,86083.2,71,100568.42796816792,93841.97558489823
M35,86830.7,71,100375.64314362215,93353.51298378846
M35,87584.7,71,100152.37931029826,92838.27376963667
M35,88345.2,71,99953.99959118463,92338.3097640981
M35,89112.3,71,99734.88045607803,91839.83139879488
M35,89886.0,71,99520.86641755376,91378.29908878164
M35,90666.5,71,99312.63172689854,90864.32789746713
M35,91453.7,71,99083.40460652138,90402.03572143258
M35,92247.8,71,98904.96691191592,89927.19910118186
M35,93048.8,71,98698.00384680308,89443.04769226545
M35,93856.8,71,98483.24283894747,88959.27909181145
M35,94671.7,71,98272.32097793414,88489.76452075921
M35,95493.8,71,98072.43496886946,88021.93813696994
M35,96322.9,71,97867.6759403338,87571.13652902306
M35,97159.3,71,97660.59593838952,87100.20844361873
M35,98002.9,71,97461.22536084737,86642.1296557049
M35,98853.9,71,97244.03019563851,86188.38042127884
M35,99712.2,71,97044.61403720644,85743.4493035567
M35,100578.0,71,96825.2301822453,85290.26764438496
M35,101451.0,71,96624.76863352935,84852.8761553777
M35,102332.0,71,96423.4377368971,84404.0156263087
M35,103221.0,71,96213.17281237713,83969.3673198973
M35,104117.0,71,96007.65200250084,83526.74843126237
M35,105021.0,71,95812.46319222514,83084.38113470541
M35,105933.0,71,95608.28280972887,82658.56666384143
M35,106853.0,71,95399.08044397613,82235.0570640853
M35,107781.0,71,95202.94627792762,81806.54068558433
M35,108716.0,71,94999.42438694579,81391.85997585737
M35,109660.0,71,94795.80438525588,80977.85973311999
M35,110613.0,71,94587.62163887986,80541.09103705957
M35,111573.0,71,94389.34367006678,80136.39118272898
M35,112542.0,71,94186.01755394417,79717.13711533332
M35,113519.0,71,93978.67456487304,79319.22083898021
M35,114505.0,71,93788.56410040452,78902.63641814915
M35,115499.0,71,93583.8430334705,78505.01694637431
M35,116502.0,71,93382.04875308313,78103.33070522579
M35,117513.0,71,93178.6322391649,77692.488870661
M35,118534.0,71,92975.33446782448,77302.61492089371
M35,119563.0,71,92791.93714933716,76908.8555301634
M35,120601.0,71,92599.64313406692,76505.5055858867
M35,121648.0,71,92397.43421333825,76127.03151636603
M35,122705.0,71,92196.21386226514,75738.6391765994
M35,123770.0,71,91997.86799121364,75360.80532691523
M35,124845.0,71,91794.36799137476,74978.04119146672
M35,125929.0,71,91594.02059027569,74599.56469730771
M35,127022.0,71,91416.38490760213,74226.66675540987
M35,128125.0,71,91206.03713972039,73843.75151209185
M35,129238.0,71,91022.19220281411,73480.54238824012
M35,130360.0,71,90816.94337195955,73108.25340650955
M35,131492.0,71,90622.47670323226,72735.86775981508
M35,132634.0,71,90435.48506785082,72373.738150241
M35,133785.0,71,90235.39572859282,72006.38379333586
M35,134947.0,71,90043.32508810899,71644.7376275219
M35,136119.0,71,89856.1171571883,71280.64028306655
M35,137300.0,71,89661.85256966941,70927.11264054028
M35,138493.0,71,89463.29517958304,70586.43875326066
M35,139695.0,71,89270.43053034288,70222.41526380632
M35,140908.0,71,89083.2203895807,69874.02198258865
M35,142132.0,71,88894.70744938159,69516.89265491345
M35,143366.0,71,88697.45993988236,69177.96630751292
M35,144611.0,71,88513.62693082975,68834.0555441215
M35,145866.0,71,88319.69418375495,68493.45847972337
M35,147133.0,71,88133.00998663245,68140.52185288945
M35,148410.0,71,87947.72173720316,67808.1260678446
M35,149699.0,71,87751.92160176416,67477.36648566631
M35,150999.0,71,87564.21673304576,67138.92507637903
M35,152310.0,71,87378.23012992166,66809.8095011073
M35,153633.0,71,87196.53196800716,66479.8459040959
M35,154966.0,71,87005.84412751322,66149.27826546706
M35,156312.0,71,86819.14922168499,65817.2009497771
M35,157669.0,71,86640.74744780337,65493.55994399654
M35,159038.0,71,86449.72827005651,65185.240625890954
M35,160419.0,71,86268.39790176174,64864.25196401344
M35,161812.0,71,86083.80286733937,64534.45655752847
M35,163217.0,71,85897.40446736832,64219.96147192252
M35,164634.0,71,85723.03910613344,63903.19933642497
M35,166064.0,71,85538.98658387751,63587.567295248075
M35,167506.0,71,85355.3112616933,63280.26299117253
M35,168960.0,71,85168.51040430518,62968.71946143735
M35,170427.0,71,84988.09103664718,62664.11987499043
M35,171907.0,71,84812.39248845608,62355.15268283678
M35,173400.0,71,84634.87871280634,62052.31806125948
M35,174906.0,71,84450.06076207756,61748.59201910851
M35,176424.0,71,84276.97853212617,61438.25757564946
M35,177956.0,71,84095.0025373543,61146.14950177084
M35,179501.0,71,83912.9156556971,60839.51860241137
M35,181060.0,71,83741.15253345565,60545.23332765763
M35,182632.0,71,83560.76224203342,60250.62631752545
M35,184218.0,71,83387.40440180163,59959.88202179548
M35,185817.0,71,83201.40227921438,59670.526527853224
M35,187431.0,71,83029.28918041734,59378.71460366794
M35,189058.0,71,82861.6251298603,59090.87715117048
M35,190700.0,71,82692.44065523507,58789.4866509048
M35,192356.0,71,82520.62602616387,58517.42455271476
M35,194026.0,71,82339.64665281256,58229.84309335149
M35,195711.0,71,82172.21352083952,57941.6380908304
M35,197410.0,71,81999.18467344852,57670.41106089613
M35,199124.0,71,81826.89910134111,57385.03542991555
M35,200853.0,71,81654.8982986957,57105.10321421247
M35,202597.0,71,81490.32111673866,56833.00140174729
M35,204356.0,71,81318.04711266166,56551.40967644038
M35,206131.0,71,81142.20243426149,56286.99242921577
M35,207921.0,71,80980.10979778934,56012.458910839436
M35,209726.0,71,80816.56222060198,55742.24440517698
M35,211547.0,71,80642.19088546612,55477.324104895015
M35,213384.0,71,80481.93928187869,55207.05226733492
M35,215237.0,71,80317.2159871694,54934.654914522485
M35,217106.0,71,80153.0390423736,54676.0811365185
M35,218991.0,71,79986.39922047217,54409.12301458092
M35,220892.0,71,79821.59401137526,54150.0160290113
M35,222810.0,71,79665.41420247288,53881.99686306492
M35,224745.0,71,79500.3706050208,53630.137539965704
M35,226696.0,71,79339.3607235415,53370.94101602211
M35,228665.0,71,79172.87638494157,53116.16041528337
M35,230650.0,71,79012.72103097687,52858.666766968505
M35,232653.0,71,78852.70439602785,52606.312657788876
M35,234673.0,71,78702.12428283363,52355.920728447774
M35,236711.0,71,78540.27885435683,52098.30009026099
M35,238766.0,71,78377.11380113782,51857.20667857051
M35,240839.0,71,78220.0758134665,51607.199157390794
M35,242930.0,71,78066.87179297983,51360.941095399474
M35,245040.0,71,77913.45646885755,51112.05459138631
M35,247167.0,71,77755.13566550922,50869.131413168245
M35,249314.0,71,77598.36762568475,50620.29159602797
M35,251478.0,71,77443.48061495901,50378.32668545812
M35,253662.0,71,77291.27142185735,50134.4879664057
M35,255864.0,71,77137.39559473858,49899.74555895447
M35,258086.0,71,76982.75623177168,49661.077274258285
M35,260327.0,71,76837.2931904688,49425.68286210021
M35,262588.0,71,76680.96935531426,49189.76165430763
M35,264868.0,71,76539.33432204934,48957.41684647647
M35,267167.0,71,76386.674519376,48720.67631946963
M35,269487.0,71,76237.2500957598,48483.040742258905
M35,271827.0,71,76094.41280112263,48254.66256240478
M35,274187.0,71,75957.9957200679,48014.383971161464
M35,276568.0,71,75796.29346651923,47798.93451401991
M35,278970.0,71,75654.63323559573,47569.27237382583
M35,281392.0,71,75502.29135960713,47341.016025889396
M35,283835.0,71,75365.55751009316,47123.81070501203
M35,286300.0,71,75217.35018363115,46903.233368302084
M35,288786.0,71,75072.38481855998,46668.29303387553
M35,291293.0,71,74931.10343069925,46449.83814617612
M35,293823.0,71,74784.67402439263,46230.52042477073
M35,296374.0,71,74646.7715185353,46018.238368048434
M35,298947.0,71,74510.53668527846,45794.742248564224
M35,301543.0,71,74372.5352067898,45577.51225712602
M35,304161.0,71,74233.63363668867,45358.47570060149
M35,306802.0,71,74093.4828724766,45144.00375434916
M35,309466.0,71,73954.81923963055,44926.52654058634
M35,312153.0,71,73822.50131629128,44719.41500401953
M35,314864.0,71,73683.35775161939,44509.88004690408
M35,317598.0,71,73553.6163805631,44298.44699047842
M35,320355.0,71,73420.66819130139,44089.95422566776
M35,323137.0,71,73280.5564919998,43878.00866452887
M35,325943.0,71,73138.98621764428,43674.36171010339
M35,328773.0,71,73016.61030397855,43468.79301486927
M35,331628.0,71,72889.58655526006,43269.03427242325
M35,334507.0,71,72754.49851480778,43065.80564135328
M35,337412.0,71,72624.96375320588,42854.01770483102
M35,340341.0,71,72500.85542539797,42656.34274646811
M35,343297.0,71,72371.49628081382,42461.46300863509
M35,346278.0,71,72244.36530819935,42256.465041473115
M35,349284.0,71,72119.91950476714,42056.56375114229
M35,352317.0,71,71996.50934712029,41866.13644210635
M35,355376.0,71,71873.96806184217,41667.56921086623
M35,358462.0,71,71743.18985257913,41472.55482806534
M35,361574.0,71,71619.4723396191,41277.386681962715
M35,364714.0,71,71501.10729441936,41091.383603753
M35,367881.0,71,71375.56390459859,40897.85258441647
M35,371075.0,71,71257.18533213632,40705.06041436649
M35,374297.0,71,71137.20326691697,40519.68675431714
M35,377547.0,71,71022.92659258055,40330.24321052601
M35,380825.0,71,70904.49983003315,40146.88093028209
M35,384132.0,71,70783.63946003877,39962.53220411546
M35,387468.0,71,70667.15446729882,39777.46877468883
M35,390832.0,71,70554.32965403459,39595.995919148394
M35,394225.0,71,70439.50892757902,39411.691386736056
M35,397649.0,71,70324.15580521648,39228.619534326186
M35,401101.0,71,70220.45785169843,39032.532336054486
M35,404584.0,71,70099.14854764551,38872.42791544884
M35,408097.0,71,69987.50369729489,38692.094249771166
M35,411641.0,71,69877.90728833547,38519.00204335451
M35,415215.0,71,69769.22014941013,38346.756640090956
M35,418820.0,71,69659.89238941774,38167.39047725684
M35,422457.0,71,69551.48629042866,37999.9492151399
M35,426125.0,71,69447.4175233068,37825.60370753847
M35,429825.0,71,69344.47566356955,37655.2095345475
M35,433557.0,71,69239.59821057979,37487.85869468784
M35,437322.0,71,69132.5951333482,37315.47893433028
M35,441119.0,71,69026.87100475366,37149.73737012757
M35,444949.0,71,68929.60995464602,36985.29389497763
M35,448813.0,71,68822.32462216898,36816.57380316777
M35,452710.0,71,68719.98712985135,36653.14484566351
M35,456641.0,71,68624.23159002507,36493.221227014335
M35,460606.0,71,68528.97547608378,36327.42039117026
M35,464605.0,71,68427.85902957377,36167.71138167541
M35,468639.0,71,68330.33347538664,36015.82985085429
M35,472708.0,71,68237.57934294712,35852.57708276488
M35,476813.0,71,68137.7414103966,35690.02280758638
M35,480953.0,71,68044.17954171491,35540.73670854627
M35,485129.0,71,67948.3959114661,35383.00154452672
M35,489341.0,71,67857.31100338517,35235.81724174814
M35,493590.0,71,67766.23316915777,35078.52574793456
M35,497876.0,71,67671.47548525063,34928.60087703161
M35,502199.0,71,67583.11169099776,34777.14967148746
M35,506560.0,71,67492.13961487333,34621.79575385033
M35,510958.0,71,67396.41460921583,34466.967987101314
M35,515395.0,71,67306.64787464077,34315.612408423425
M35,519870.0,71,67214.97234662021,34168.277582790426
M35,524384.0,71,67126.6018588517,34017.56536746241
M35,528937.0,71,67039.85540506936,33876.31131918107
M35,533530.0,71,66958.58127095683,33727.33692058349
M35,538163.0,71,66875.56802313455,33580.22900148382
M35,542836.0,71,66783.35486193094,33441.88401000276
M35,547549.0,71,66699.86149022086,33297.48681753854
M35,552303.0,71,66617.82584158427,33154.92307538488
M35,557099.0,71,66536.55046112592,33015.42564250999
M35,561936.0,71,66452.43926306379,32873.440746978
M35,566816.0,71,66375.99818312224,32737.052596382826
M35,571737.0,71,66293.61562231302,32604.120599014368
M35,576702.0,71,66215.39344171419,32468.542328715812
M35,581709.0,71,66143.22442470514,32333.976607698187
M35,586760.0,71,66065.89744322174,32193.806093264964
M35,591855.0,71,65988.65173654932,32067.56339537018
M35,596994.0,71,65912.64991679303,31938.530873696996
M35,602178.0,71,65838.23580108541,31813.129898232302
M35,607406.0,71,65768.24256405665,31688.600041775244
M35,612680.0,71,65692.90553933686,31559.676705626476
M35,618000.0,71,65627.01244482039,31432.774831037266
M35,623366.0,71,65553.97268755283,31313.578391845873
M35,628779.0,71,65486.63905444341,31185.45279490312
M35,634239.0,71,65424.96940908677,31068.43843732307
M35,639746.0,71,65354.05062939571,30951.908647286666
M35,645301.0,71,65293.16162962068,30835.220213466393
M35,650904.0,71,65224.44014575486,30718.29727625485
M35,656556.0,71,65163.3697938049,30610.36647166045
M35,662257.0,71,65103.07940665161,30491.66140837831
M35,668007.0,71,65043.067615139604,30383.583128063572
M35,673807.0,71,64978.50458805181,30274.297387781855
M35,679658.0,71,64920.84374984894,30152.331640604887
M35,685559.0,71,64865.58046951229,30060.764158879047
M35,691512.0,71,64804.606364032705,29957.10939042023
M35,697516.0,71,64751.32755611404,29855.018923912543
M35,703573.0,71,64701.305934842894,29751.20407207792
M35,709682.0,71,64643.65135071391,29653.785801655533
M35,715844.0,71,64588.85634095019,29555.40745997186
M35,722060.0,71,64541.582911852034,29459.696622704472
M35,728330.0,71,64489.378544763174,29366.669583612515
M35,734654.0,71,64431.65206602059,29274.150787587496
M35,741033.0,71,64382.740402847056,29185.120471131562
M35,747467.0,71,64330.408107363175,29091.58611636517
M35,753957.0,71,64291.22236279707,29008.474639103548
M35,760504.0,71,64249.76748577819,28923.796819866846
M35,767107.0,71,64196.4624039527,28842.011463794333
M35,773768.0,71,64150.5642155452,28760.051292558044
M35,780487.0,71,64089.54495849559,28673.20316431423
M35,787264.0,71,64056.92187306864,28586.18199470379
M35,794099.0,71,64025.81365202001,28511.752712516063
M35,800995.0,71,63987.7686039705,28447.984055543537
M35,807950.0,71,63945.420453708946,28376.375081451686
M35,814965.0,71,63910.23645460916,28312.57821457456
M35,822041.0,71,63859.476598717294,28227.18277629103
M35,829179.0,71,63837.17993915728,28155.551115588998
M35,836379.0,71,63811.16124738212,28099.253898823183
M35,843641.0,71,63774.19993982879,28047.10503743868
M35,850966.0,71,63736.93009029567,27986.251855878567
M35,858355.0,71,63706.670309391586,27935.042249824994
M35,865808.0,71,63674.19944422305,27886.09571077014
M35,873326.0,71,63642.22548440781,27831.990527056158
M35,880909.0,71,63606.04985480638,27783.90852715388
M35,888558.0,71,63572.07816032803,27734.063261334308
M35,896273.0,71,63545.75552549323,27683.64348972584
M35,904056.0,71,63525.23385003192,27646.21429446195
M35,911906.0,71,63494.41745197468,27615.01077198152
M35,919824.0,71,63463.2621775075,27573.673088358042
M35,927811.0,71,63429.86464941938,27541.266079139303
M35,935867.0,71,63406.759716094246,27505.06349321317
M35,943993.0,71,63379.4303196602,27484.53418722217
M35,952190.0,71,63350.98941987968,27455.913531278522
M35,960457.0,71,63324.6916868361,27425.87623856062
M35,968797.0,71,63297.38752968168,27408.147160677967
M35,977209.0,71,63273.47191498073,27391.628261563405
M35,985694.0,71,63252.295107965365,27371.97444275576
M35,994253.0,71,63223.8562337666,27362.02594828065
M35,10000.0,91,147183.4522809118,710484.7074218151
M35,10086.8,91,147100.99068167654,704605.7619771592
M35,10174.4,91,147040.41943258976,698808.502238682
M35,10262.8,91,146986.50074231206,693051.5141105357
M35,10351.9,91,146899.7629904982,687332.9392224954
M35,10441.8,91,146847.86379573194,681634.2291097658
M35,10532.4,91,146758.06584660514,676051.8613304371
M35,10623.9,91,146697.38815301828,670470.175945366
M35,10716.1,91,146630.84592252877,664961.6456860821
M35,10809.2,91,146551.1744242541,659491.5747630384
M35,10903.0,91,146488.5553259535,654065.0730618131
M35,10997.7,91,146403.7810639036,648710.3304844982
M35,11093.2,91,146325.97543414144,643370.0744300656
M35,11189.5,91,146240.01577602,638108.0038620917
M35,11286.7,91,146184.18398961885,632865.6979847178
M35,11384.7,91,146093.0467693565,627678.3630610569
M35,11483.5,91,146015.26114994776,622539.2427198399
M35,11583.2,91,145937.6074784105,617455.795357897
M35,11683.8,91,145852.16334097183,612408.2045960117
M35,11785.3,91,145777.22226832237,607415.9909239294
M35,11887.6,91,145683.6780232074,602450.9813487054
M35,11990.8,91,145611.94240252636,597541.7443797481
M35,12094.9,91,145516.47992795685,592669.1790170897
M35,12199.9,91,145451.46095110694,587838.8760920287
M35,12305.9,91,145352.48956256214,583063.6980105784
M35,12412.7,91,145275.05765553916,578330.0709779859
M35,12520.5,91,145200.38749519258,573636.8912028554
M35,12629.2,91,145106.94156944213,568978.471009411
M35,12738.9,91,145028.02999502287,564343.8983737954
M35,12849.5,91,144939.78832430876,559767.4566993875
M35,12961.1,91,144840.47524263492,555224.7572520546
M35,13073.6,91,144751.36112912037,550725.4133487479
M35,13187.1,91,144654.79959001965,546272.4917688386
M35,13301.6,91,144555.90600223074,541857.3753085587
M35,13417.1,91,144466.931344331,537495.2588159684
M35,13533.6,91,144371.70505524264,533148.3969356975
M35,13651.1,91,144270.82020652693,528837.334497493
M35,13769.7,91,144173.24589395453,524579.7269608236
M35,13889.2,91,144085.03429470622,520343.7257274259
M35,14009.8,91,144000.1202936268,516174.78841579915
M35,14131.5,91,143896.3988657614,512027.22532470676
M35,14254.2,91,143800.71668767917,507920.40932601603
M35,14378.0,91,143694.47870901224,503829.2373086296
M35,14502.8,91,143603.28938919923,499793.3203857835
M35,14628.7,91,143495.4801226893,495816.59130954806
M35,14755.7,91,143390.94988363565,491840.22401665535
M35,14883.9,91,143291.0225372026,487904.745458487
M35,15013.1,91,143181.10993128555,484007.1815575409
M35,15143.5,91,143071.9271169379,480136.4263051611
M35,15275.0,91,142974.92125971348,476309.5328619924
M35,15407.6,91,142878.26495598772,472523.2010879104
M35,15541.4,91,142767.32048772517,468755.21586188115
M35,15676.3,91,142637.0331531644,465014.5242551386
M35,15812.4,91,142529.60742086766,461339.33750065975
M35,15949.7,91,142414.92954893628,457686.19098693033
M35,16088.2,91,142321.93520947528,454052.646308878
M35,16227.9,91,142189.33913266446,450465.2365004854
M35,16368.8,91,142092.54160550144,446893.03704434965
M35,16511.0,91,141972.3972215688,443367.06097788253
M35,16654.3,91,141857.87476392416,439869.67785653734
M35,16798.9,91,141743.64042905963,436394.96808781655
M35,16944.8,91,141629.8090236022,432950.9970563014
M35,17091.9,91,141524.17784887154,429548.53378478787
M35,17240.3,91,141383.39950417355,426173.62137629656
M35,17390.0,91,141255.2681706134,422824.65646972833
M35,17541.0,91,141150.41139612684,419502.30710170564
M35,17693.3,91,141010.68825288487,416210.5899551093
M35,17847.0,91,140907.19142770604,412959.81737418723
M35,18001.9,91,140768.17458817252,409723.9153862863
M35,18158.2,91,140658.25158605183,406522.607492719
M35,18315.9,91,140527.93691645015,403350.852917357
M35,18474.9,91,140395.90416520718,400209.0048295591
M35,18635.4,91,140281.66699304228,397087.8428078564
M35,18797.2,91,140154.23748211408,394012.2369407227
M35,18960.4,91,140010.79798812224,390936.0942278746
M35,19125.0,91,139884.04213699387,387903.35853459756
M35,19291.1,91,139757.36494233643,384905.9167505274
M35,19458.6,91,139622.28846754017,381930.29612786364
M35,19627.5,91,139508.6406463288,378983.5446815738
M35,19798.0,91,139367.01186038947,376047.8199408691
M35,19969.9,91,139230.08507464352,373144.01528596
M35,20143.3,91,139086.96500588112,370268.3571524168
M35,20318.2,91,138964.3449251904,367426.7895799638
M35,20494.6,91,138813.99083878286,364603.9717807005
M35,20672.6,91,138695.64547092252,361797.5989082226
M35,20852.1,91,138548.83109927803,359024.1052571314
M35,21033.1,91,138397.98364154046,356278.18366732186
M35,21215.7,91,138265.75416041046,353555.322972557
M35,21400.0,91,138121.2965867527,350835.25721938664
M35,21585.8,91,137972.8561517575,348160.05359499477
M35,21773.2,91,137826.67779651278,345514.35449841263
M35,21962.3,91,137674.33805908362,342881.97879074275
M35,22153.0,91,137550.99694014218,340274.5338048214
M35,22345.3,91,137396.83333491365,337696.1517934349
M35,22539.3,91,137231.5850422244,335119.86000867345
M35,22735.0,91,137099.92104121202,332589.79797020555
M35,22932.5,91,136973.75019466333,330077.5705828697
M35,23131.6,91,136796.12749021998,327578.7866211169
M35,23332.4,91,136644.03159492285,325114.1332177003
M35,23535.0,91,136503.86607828853,322661.2017676919
M35,23739.4,91,136324.37973478262,320236.64407471847
M35,23945.5,91,136180.0471496658,317829.89904653694
M35,24153.4,91,136029.40835761314,315439.9153878428
M35,24363.1,91,135868.26725135522,313071.6477284836
M35,24574.7,91,135717.75011035698,310735.8283234653
M35,24788.1,91,135558.5237470832,308426.1971363688
M35,25003.3,91,135398.8509060858,306118.782880287
M35,25220.4,91,135237.4870696932,303833.99430446496
M35,25439.4,91,135088.91805568142,301575.56348677486
M35,25660.3,91,134917.1544630862,299327.7844017638
M35,25883.1,91,134754.40500520027,297116.8148382042
M35,26107.8,91,134605.22115969,294916.67896109336
M35,26334.5,91,134432.2218934041,292725.98033168266
M35,26563.2,91,134260.71470122255,290573.4683119157
M35,26793.8,91,134104.3679796232,288420.5534262352
M35,27026.5,91,133944.2086643018,286300.5048507856
M35,27261.2,91,133772.48809731888,284199.8903688074
M35,27497.9,91,133598.4001316168,282108.2098790449
M35,27736.6,91,133440.15374936958,280042.291023244
M35,27977.5,91,133258.70622599815,277981.7053275256
M35,28220.4,91,133106.9230386918,275954.2894044724
M35,28465.4,91,132933.20020625574,273936.6670035112
M35,28712.6,91,132754.4184491075,271943.516870787
M35,28961.9,91,132583.885234865,269958.4661472972
M35,29213.4,91,132410.29885905713,267994.3057717653
M35,29467.1,91,132236.4547951345,266053.9037563968
M35,29722.9,91,132056.55200725663,264127.5233442399
M35,29981.0,91,131888.05447151294,262222.22662884375
M35,30241.3,91,131715.897223407,260324.00346674002
M35,30503.9,91,131565.7812127807,258465.4834090013
M35,30768.8,91,131381.0112201028,256597.42608019238
M35,31035.9,91,131201.492657497,254763.10123027096
M35,31305.4,91,131030.63961431559,252930.65404331064
M35,31577.2,91,130856.27797166615,251115.69568835016
M35,31851.4,91,130669.14959390833,249316.08944777612
M35,32128.0,91,130485.05065537838,247541.37373481435
M35,32407.0,91,130305.61354343004,245772.45262449683
M35,32688.3,91,130122.21645506105,244019.02246330824
M35,32972.2,91,129943.81642468665,242290.37430756193
M35,33258.5,91,129755.64001389434,240560.7658000862
M35,33547.3,91,129569.35219727881,238852.7439651471
M35,33838.6,91,129391.1466869642,237174.36153045346
M35,34132.4,91,129205.62407648774,235493.20964215256
M35,34428.7,91,129018.97598411473,233834.17442201998
M35,34727.7,91,128832.2670452817,232186.31526834064
M35,35029.2,91,128654.86364206357,230561.5974945636
M35,35333.4,91,128470.41712026887,228942.8260066774
M35,35640.2,91,128273.42304672084,227327.55788675987
M35,35949.6,91,128084.11758422267,225743.03707051987
M35,36261.8,91,127895.63960344676,224174.921346758
M35,36576.7,91,127707.44187101095,222601.31518961038
M35,36894.3,91,127518.56113376148,221059.2630923219
M35,37214.6,91,127323.71870409169,219524.8284127648
M35,37537.7,91,127130.79920269376,217992.1588546307
M35,37863.7,91,126942.67062986559,216479.33394589336
M35,38192.4,91,126743.60168721699,214994.57488380888
M35,38524.1,91,126551.00586863991,213510.36504864777
M35,38858.6,91,126357.96843586449,212038.9785816802
M35,39196.0,91,126166.52080775787,210584.46394055628
M35,39536.3,91,125973.85327212795,209139.4286997362
M35,39879.6,91,125773.80836955771,207698.51197143953
M35,40225.9,91,125579.82111231243,206287.7601361962
M35,40575.2,91,125379.02085885021,204882.39642320917
M35,40927.5,91,125180.6875091778,203481.48649214965
M35,41282.9,91,124986.70485272228,202097.63845626975
M35,41641.3,91,124798.6629935153,200725.3854315362
M35,42002.9,91,124591.83103527395,199356.0895918625
M35,42367.6,91,124391.7844737661,198003.3484631957
M35,42735.5,91,124191.00865322912,196672.5924433426
M35,43106.5,91,123996.27673972514,195344.66326090324
M35,43480.8,91,123793.20085175612,194025.5792947378
M35,43858.4,91,123589.91444409285,192723.3554253267
M35,44239.2,91,123391.30904729335,191434.27906627324
M35,44623.3,91,123187.53476817369,190152.485405947
M35,45010.8,91,122985.34986301504,188873.80331141152
M35,45401.6,91,122780.8996934883,187613.1585644681
M35,45795.8,91,122576.71609773418,186369.07880344236
M35,46193.5,91,122382.48122493282,185124.320682299
M35,46594.6,91,122177.12549577611,183894.1422876973
M35,46999.2,91,121974.66978749505,182681.17566344075
M35,47407.3,91,121776.63992812908,181468.2686351807
M35,47818.9,91,121568.45170035826,180267.93028084683
M35,48234.1,91,121358.29832736362,179089.2117003452
M35,48652.9,91,121150.4562017296,177908.58001197
M35,49075.4,91,120957.41900631282,176735.23268949476
M35,49501.5,91,120744.18483839222,175578.8206210252
M35,49931.3,91,120541.97055369773,174437.70106309326
M35,50364.9,91,120294.78638067903,173296.344827836
M35,50802.2,91,120095.04634970745,172182.30974658835
M35,51243.3,91,119911.40463832539,171046.55948942705
M35,51688.2,91,119706.01274875936,169933.2506570913
M35,52137.0,91,119485.7956811568,168830.18156838111
M35,52589.8,91,119287.5424518608,167729.85320252096
M35,53046.4,91,119084.83495867156,166655.2813836216
M35,53507.0,91,118866.01850400708,165575.6325427138
M35,53971.6,91,118621.69805423045,164505.1124828803
M35,54440.2,91,118437.6375081501,163437.3503423253
M35,54912.9,91,118249.98136429627,162394.4669998546
M35,55389.7,91,118013.17613563797,161385.17383085916
M35,55870.7,91,117825.27084934775,160302.3072738549
M35,56355.8,91,117624.86993930269,159293.81122982054
M35,56845.1,91,117384.19996981673,158279.4677529588
M35,57338.7,91,117202.1805076373,157294.92911201954
M35,57836.6,91,116989.44195331786,156299.96446303898
M35,58338.8,91,116773.14372262439,155325.00167538857
M35,58845.3,91,116564.5157074416,154318.40936725208
M35,59356.3,91,116448.42679294864,153413.46869391776
M35,59871.7,91,116122.89880869408,152402.7424634208
M35,60391.6,91,115909.33769974324,151429.95749781578
M35,60915.9,91,115708.08293257715,150482.4100996265
M35,61444.9,91,115474.6753829204,149543.19865743318
M35,61978.4,91,115231.42083361893,148618.64376426415
M35,62516.5,91,115032.74120802461,147687.34416226827
M35,63059.4,91,114799.67918290527,146776.3008280079
M35,63606.9,91,114621.35096275313,145845.17719112814
M35,64159.2,91,114393.71865491336,144917.23998438212
M35,64716.3,91,114168.61245030104,144038.22603786917
M35,65278.2,91,113967.97113912103,143158.35406244968
M35,65845.1,91,113735.69278988107,142253.1101083415
M35,66416.8,91,113547.64542864682,141379.8479244771
M35,66993.5,91,113312.21709828729,140528.21107939712
M35,67575.2,91,113109.78683803887,139657.02379891096
M35,68161.9,91,112894.56461728778,138793.9418861423
M35,68753.8,91,112678.77154709789,137954.67624277298
M35,69350.8,91,112471.79731634422,137103.87537751798
M35,69952.9,91,112258.0927772278,136272.48613121046
M35,70560.3,91,112036.08854896088,135451.95091697693
M35,71173.0,91,111835.75126268681,134616.91379684527
M35,71791.0,91,111612.763752549,133811.66473241322
M35,72414.4,91,111391.67273162285,132984.58280255334
M35,73043.1,91,111191.14705530272,132192.10470188994
M35,73677.4,91,110981.92378497012,131388.89944378388
M35,74317.1,91,110745.76486770264,130606.79300039336
M35,74962.4,91,110551.71951062029,129810.5908063457
M35,75613.3,91,110317.8132829014,129051.04279164082
M35,76269.9,91,110121.4702664712,128266.01810977374
M35,76932.1,91,109895.29993573173,127500.61833412552
M35,77600.1,91,109671.14356185874,126679.7424497928
M35,78273.9,91,109462.42304175338,126001.15049943126
M35,78953.6,91,109268.50127008247,125246.2437079198
M35,79639.1,91,109039.46593841448,124490.31862096275
M35,80330.6,91,108807.89620641392,123774.98426670734
M35,81028.1,91,108609.67431590971,123041.89302164775
M35,81731.7,91,108393.59481916431,122304.02640029712
M35,82441.4,91,108188.44783282623,121597.15300183244
M35,83157.2,91,107974.06310847311,120879.55565676304
M35,83879.3,91,107749.24435485537,120186.78523992594
M35,84607.6,91,107546.1429893342,119484.86205159136
M35,85342.2,91,107309.05585690017,118783.78880750996
M35,86083.2,91,107101.59355893945,118072.2818808597
M35,86830.7,91,106889.37341874036,117400.30323108868
M35,87584.7,91,106684.54717829636,116721.11158073343
M35,88345.2,91,106468.46753549711,116034.12708413566
M35,89112.3,91,106239.49879173032,115374.03760312671
M35,89886.0,91,106047.06207032423,114702.58927245368
M35,90666.5,91,105828.43984712436,114041.73175639482
M35,91453.7,91,105605.19318053094,113383.31743856125
M35,92247.8,91,105387.01656487431,112729.39394548543
M35,93048.8,91,105180.92232900235,112096.4467057056
M35,93856.8,91,104958.2703510222,111435.88920661637
M35,94671.7,91,104751.14463970934,110808.4140050784
M35,95493.8,91,104541.99234233699,110173.90107002376
M35,96322.9,91,104331.72585688983,109552.97910293644
M35,97159.3,91,104121.56814263367,108927.3050158604
M35,98002.9,91,103897.14208984775,108315.30969385979
M35,98853.9,91,103686.86142336865,107703.3159762568
M35,99712.2,91,103473.50995935198,107098.69641952774
M35,100578.0,91,103274.42241699478,106493.17905120406
M35,101451.0,91,103054.44138430861,105892.19620058076
M35,102332.0,91,102835.56387387468,105289.77599680239
M35,103221.0,91,102621.1856937244,104698.22036193867
M35,104117.0,91,102410.96786813837,104117.78803996473
M35,105021.0,91,102191.79538788374,103522.41257003155
M35,105933.0,91,101993.34924769078,102951.26565989981
M35,106853.0,91,101774.29732572296,102391.11659189283
M35,107781.0,91,101558.86434915737,101817.27414785484
M35,108716.0,91,101352.90866998212,101242.23335270735
M35,109660.0,91,101134.9351690782,100681.60627140789
M35,110613.0,91,100940.35998935545,100123.40797015115
M35,111573.0,91,100716.04849815385,99582.67463313696
M35,112542.0,91,100522.15430822452,99012.4462524281
M35,113519.0,91,100298.33283741456,98480.34671225931
M35,114505.0,91,100071.51226897957,97925.43933153113
M35,115499.0,91,99872.4311680553,97396.7861178228
M35,116502.0,91,99658.38209714161,96852.3059500634
M35,117513.0,91,99456.40182291051,96343.61275056275
M35,118534.0,91,99247.24572020874,95804.13095972015
M35,119563.0,91,99033.8484091032,95282.09613487941
M35,120601.0,91,98826.28834066681,94757.75992316373
M35,121648.0,91,98612.7103173115,94252.15984711077
M35,122705.0,91,98417.38727784144,93727.50721506785
M35,123770.0,91,98199.77160624096,93221.00837818104
M35,124845.0,91,97996.8785383642,92726.78308511828
M35,125929.0,91,97783.61551306614,92215.59704803591
M35,127022.0,91,97580.65049238228,91724.75200583425
M35,128125.0,91,97381.61042419836,91240.6999032765
M35,129238.0,91,97178.54114529953,90734.67770564996
M35,130360.0,91,96957.76955425717,90258.73392339375
M35,131492.0,91,96755.08336352481,89763.52210149099
M35,132634.0,91,96554.42524881022,89283.99906079045
M35,133785.0,91,96345.82273442381,88807.65466438502
M35,134947.0,91,96141.14600936473,88331.71105140234
M35,136119.0,91,95930.98776254195,87866.368120471
M35,137300.0,91,95730.70829497486,87393.92911743907
M35,138493.0,91,95515.88336562204,86943.54981620797
M35,139695.0,91,95322.77483858699,86468.28350059198
M35,140908.0,91,95122.7170919842,86013.320249975
M35,142132.0,91,94923.52781037877,85556.26435884886
M35,143366.0,91,94712.9539314202,85101.39846992822
M35,144611.0,91,94508.08073345857,84649.98403246462
M35,145866.0,91,94302.81911483553,84206.93342825156
M35,147133.0,91,94109.14489626046,83767.198722321
M35,148410.0,91,93902.16660760873,83333.03108586662
M35,149699.0,91,93699.71032781851,82887.7145161444
M35,150999.0,91,93504.79512582503,82454.42043960895
M35,152310.0,91,93298.94387908082,82017.07204331782
M35,153633.0,91,93096.70212295094,81590.1662169621
M35,154966.0,91,92893.90887139973,81180.24453766267
M35,156312.0,91,92695.4142359962,80740.6513624918
M35,157669.0,91,92497.13999310907,80322.96260517118
M35,159038.0,91,92300.03941443577,79910.51617841939
M35,160419.0,91,92100.6326064168,79489.31603889268
M35,161812.0,91,91903.9767173787,79078.63991114561
M35,163217.0,91,91707.0057674907,78666.56797465606
M35,164634.0,91,91503.41346444857,78270.14028029688
M35,166064.0,91,91312.82218589165,77864.56977616831
M35,167506.0,91,91121.83506586171,77460.58238298155
M35,168960.0,91,90917.37184772336,77053.35594888595
M35,170427.0,91,90725.86106234191,76665.49700496327
M35,171907.0,91,90522.57298562814,76267.05661832813
M35,173400.0,91,90333.56340230392,75872.50476982121
M35,174906.0,91,90139.73747753332,75480.59071808044
M35,176424.0,91,89939.26219865147,75100.93196205517
M35,177956.0,91,89753.98264144396,74714.40556778936
M35,179501.0,91,89554.23285813029,74332.45998166395
M35,181060.0,91,89362.35092535231,73957.18227584788
M35,182632.0,91,89175.61937364422,73580.26773326538
M35,184218.0,91,88986.31725690683,73205.57640177874
M35,185817.0,91,88784.81130669623,72835.80875913601
M35,187431.0,91,88594.3126995826,72457.3314848018
M35,189058.0,91,88408.53930190556,72098.33581044927
M35,190700.0,91,88210.62057818446,71735.15503625784
M35,192356.0,91,88025.01054766396,71367.52329680813
M35,194026.0,91,87828.9148901871,71004.00155227818
M35,195711.0,91,87648.78299056976,70650.43496434193
M35,197410.0,91,87464.05525566997,70284.45970219727
M35,199124.0,91,87271.5140828388,69934.67409389003
M35,200853.0,91,87082.84505380028,69584.78442502551
M35,202597.0,91,86899.44017409052,69231.21646128573
M35,204356.0,91,86712.31568532526,68890.11658595012
M35,206131.0,91,86525.86994329293,68545.63389043472
M35,207921.0,91,86341.58202975804,68197.77117360316
M35,209726.0,91,86161.99590012702,67862.72716808235
M35,211547.0,91,85974.89572521645,67514.5154758415
M35,213384.0,91,85792.2390427086,67178.83995785603
M35,215237.0,91,85603.57191361637,66843.79489508035
M35,217106.0,91,85433.0837930904,66512.87023628109
M35,218991.0,91,85243.44687168919,66182.85816059222
M35,220892.0,91,85060.17336192704,65851.60002095271
M35,222810.0,91,84885.26481490448,65532.74719152798
M35,224745.0,91,84697.14028773933,65206.50590847703
M35,226696.0,91,84520.84806692615,64877.16162112937
M35,228665.0,91,84341.88878569691,64562.184183668556
M35,230650.0,91,84166.83165673738,64238.51205765013
M35,232653.0,91,83985.22307985174,63917.30372313229
M35,234673.0,91,83809.82946457868,63611.20371454621
M35,236711.0,91,83637.66680565214,63291.85274070081
M35,238766.0,91,83457.10205167504,62985.6352832666
M35,240839.0,91,83285.42688879244,62674.19405980632
M35,242930.0,91,83102.09084351195,62366.242072969064
M35,245040.0,91,82926.99757860535,62058.54199234392
M35,247167.0,91,82758.27943636267,61761.42424924735
M35,249314.0,91,82585.69858492831,61453.05882705428
M35,251478.0,91,82410.71836042716,61152.51099773451
M35,253662.0,91,82241.24217895544,60853.54094309263
M35,255864.0,91,82068.99112868734,60557.12434472248
M35,258086.0,91,81899.77527663489,60262.659394707014
M35,260327.0,91,81711.44709573663,59969.9063449185
M35,262588.0,91,81561.67386665943,59667.45581329565
M35,264868.0,91,81389.66166455449,59386.271643006534
M35,267167.0,91,81223.51268801179,59096.63240214152
M35,269487.0,91,81056.72180190102,58809.49077814425
M35,271827.0,91,80890.21899102279,58519.90465063391
M35,274187.0,91,80734.07710898071,58242.6767815757
M35,276568.0,91,80558.15330136432,57959.42412079329
M35,278970.0,91,80393.91239459196,57677.44698224558
M35,281392.0,91,80224.03491501823,57397.078721613194
M35,283835.0,91,80065.48025211957,57119.85118369447
M35,286300.0,91,79897.84894328991,56842.38161443104
M35,288786.0,91,79735.45803531124,56574.607207409004
M35,291293.0,91,79574.03476058759,56301.11637951346
M35,293823.0,91,79407.41234963645,56027.18396274647
M35,296374.0,91,79254.59732005939,55754.60338957859
M35,298947.0,91,79088.84958814803,55485.23598657145
M35,301543.0,91,78932.44276238495,55222.70484647649
M35,304161.0,91,78782.07967909388,54958.52677968374
M35,306802.0,91,78617.69275170239,54699.95780503843
M35,309466.0,91,78460.26992091727,54433.274353210385
M35,312153.0,91,78306.04576034917,54174.577850667076
M35,314864.0,91,78154.68594652871,53914.50117238517
M35,317598.0,91,77996.7304514249,53663.813087100774
M35,320355.0,91,77841.4226685455,53407.96240234772
M35,323137.0,91,77687.88511560566,53149.60415639986
M35,325943.0,91,77526.41602013576,52905.954956451016
M35,328773.0,91,77389.41298294398,52649.0959070058
M35,331628.0,91,77238.5738092621,52398.31651487091
M35,334507.0,91,77085.81092016216,52148.84254880947
M35,337412.0,91,76929.87694364382,51905.29165901091
M35,340341.0,91,76787.36495086037,51660.26909923196
M35,343297.0,91,76634.22589917878,51417.082482581136
M35,346278.0,91,76491.27794129083,51178.22579144101
M35,349284.0,91,76347.3054109429,50927.91243262081
M35,352317.0,91,76198.1398966008,50696.68935373888
M35,355376.0,91,76058.14925322108,50459.85242422443
M35,358462.0,91,75913.0564210645,50216.79932169449
M35,361574.0,91,75765.02106333399,49987.8091695041
M35,364714.0,91,75620.97472289694,49756.489968851034
M35,367881.0,91,75485.32068382375,49525.76754088022
M35,371075.0,91,75340.7960183011,49299.94523157101
M35,374297.0,91,75204.29973840076,49064.54015778632
M35,377547.0,91,75057.41372383521,48841.251472462776
M35,380825.0,91,74927.04396153758,48612.65278771339
M35,384132.0,91,74784.45752637117,48389.49328178696
M35,387468.0,91,74648.63918849487,48163.84114333059
M35,390832.0,91,74510.57202736457,47944.82965612337
M35,394225.0,91,74383.99745333672,47721.60089828028
M35,397649.0,91,74245.06061951579,47508.90617547891
M35,401101.0,91,74089.63390581576,47320.00962400006
M35,404584.0,91,73980.40029007236,47073.371252799276
M35,408097.0,91,73844.33060892012,46861.952491319695
M35,411641.0,91,73723.36675770495,46643.08566233427
M35,415215.0,91,73591.36906055918,46436.28747610147
M35,418820.0,91,73456.91504626242,46224.81297142887
M35,422457.0,91,73331.00843395828,46024.71408952397
M35,426125.0,91,73205.51088267822,45806.972499716685
M35,429825.0,91,73075.63209808795,45600.14560451671
M35,433557.0,91,72950.92888817195,45397.70879940891
M35,437322.0,91,72824.30733920707,45197.866958716026
M35,441119.0,91,72699.66896595394,44994.763980939766
M35,444949.0,91,72576.56946751896,44794.63535268882
M35,448813.0,91,72453.91454977445,44593.12271134872
M35,452710.0,91,72333.25317804374,44398.49424000044
M35,456641.0,91,72213.10360305694,44211.516226240055
M35,460606.0,91,72094.32290172245,44008.46248906544
M35,464605.0,91,71974.4422146312,43820.35616850228
M35,468639.0,91,71854.62603658599,43626.99839026268
M35,472708.0,91,71741.81572496366,43436.751411984624
M35,476813.0,91,71621.53336563594,43242.729077510325
M35,480953.0,91,71506.79291184658,43059.09330597085
M35,485129.0,91,71392.15648659528,42876.217721800655
M35,489341.0,91,71276.03261730351,42692.13141422935
M35,493590.0,91,71165.74467364453,42506.84083156699
M35,497876.0,91,71056.65823899652,42326.67521637533
M35,502199.0,91,70943.33777147795,42145.01321445352
M35,506560.0,91,70828.82203118863,41961.164501361076
M35,510958.0,91,70717.81382079097,41773.93411543114
M35,515395.0,91,70598.81734003074,41599.1603467557
M35,519870.0,91,70491.25297629333,41414.2139362933
M35,524384.0,91,70384.38298924052,41238.9731892887
M35,528937.0,91,70273.64776331259,41060.49097029511
M35,533530.0,91,70169.77392896258,40893.578717808974
M35,538163.0,91,70062.69120630597,40722.146911165444
M35,542836.0,91,69956.98033357364,40551.338088874385
M35,547549.0,91,69851.0987848099,40374.24042703322
M35,552303.0,91,69748.45103556299,40208.11857942191
M35,557099.0,91,69644.83261347827,40043.834902248935
M35,561936.0,91,69541.67240888588,39870.09978734791
M35,566816.0,91,69436.01420822731,39708.94606277179
M35,571737.0,91,69333.86291667249,39547.3371930187
M35,576702.0,91,69233.74514086834,39384.122271773034
M35,581709.0,91,69141.7528601375,39225.3253849618
M35,586760.0,91,69044.75260354386,39068.732207899324
M35,591855.0,91,68939.18094082335,38907.71461932572
M35,596994.0,91,68848.93775846502,38754.022183320536
M35,602178.0,91,68753.57030446494,38608.111906301856
M35,607406.0,91,68657.76817118948,38446.57723771903
M35,612680.0,91,68565.84859242062,38303.66912000442
M35,618000.0,91,68474.65335678328,38151.959551388696
M35,623366.0,91,68384.22786052444,38011.069912438026
M35,628779.0,91,68295.35508169347,37855.33110415976
M35,634239.0,91,68204.00507114401,37718.53432702506
M35,639746.0,91,68120.78165225529,37580.496027073124
M35,645301.0,91,68028.00466767795,37431.80654618822
M35,650904.0,91,67942.67456784434,37299.31523314128
M35,656556.0,91,67862.77924736563,37154.09427709891
M35,662257.0,91,67775.30204027002,37026.75355430352
M35,668007.0,91,67693.75442378879,36893.120586335295
M35,673807.0,91,67606.05978351725,36765.47852239778
M35,679658.0,91,67517.25187778649,36622.1135561266
M35,685559.0,91,67441.55146047781,36512.073034466564
M35,691512.0,91,67366.1899682038,36385.72133032081
M35,697516.0,91,67284.45007071727,36250.7597488283
M35,703573.0,91,67210.97075606429,36141.577862995866
M35,709682.0,91,67132.08730175246,36021.86043630282
M35,715844.0,91,67054.26023781228,35899.65153817544
M35,722060.0,91,66976.08445819012,35784.73566030021
M35,728330.0,91,66901.47128066026,35677.80476596746
M35,734654.0,91,66828.22414311691,35569.86044106042
M35,741033.0,91,66753.1161171429,35451.12919107345
M35,747467.0,91,66673.06941165117,35339.72324980452
M35,753957.0,91,66605.47308586465,35229.62322558611
M35,760504.0,91,66534.94397867777,35125.17301733573
M35,767107.0,91,66463.09103597711,35032.22902717547
M35,773768.0,91,66398.2353876031,34925.220048737625
M35,780487.0,91,66319.21687470046,34817.038401984886
M35,787264.0,91,66258.05596683994,34703.984405145704
M35,794099.0,91,66203.09632939467,34617.9404070911
M35,800995.0,91,66139.26835316206,34542.827779105995
M35,807950.0,91,66072.73465518843,34460.97821586457
M35,814965.0,91,66006.04277389056,34369.64961565111
M35,822041.0,91,65922.03766113312,34276.63623867943
M35,829179.0,91,65872.17861628109,34173.341810374885
M35,836379.0,91,65829.40464662579,34094.8860884432
M35,843641.0,91,65771.03644258482,34032.051122082914
M35,850966.0,91,65704.5654922118,33960.30316981553
M35,858355.0,91,65649.18758877077,33884.36259886548
M35,865808.0,91,65580.95618494901,33824.07248102479
M35,873326.0,91,65524.72932623971,33742.244217357715
M35,880909.0,91,65454.32892669033,33686.770618300165
M35,888558.0,91,65398.90111414608,33618.117531485215
M35,896273.0,91,65341.92724817837,33554.3790138608
M35,904056.0,91,65294.56641946369,33505.004068451795
M35,911906.0,91,65229.58499270557,33446.78204260011
M35,919824.0,91,65173.16119068858,33389.4117911397
M35,927811.0,91,65115.097794818335,33340.29787908407
M35,935867.0,91,65051.44233816863,33288.50485170502
M35,943993.0,91,64997.269056832294,33240.17234422262
M35,952190.0,91,64941.43920762047,33205.47221783699
M35,960457.0,91,64877.26614904844,33167.23205118058
M35,968797.0,91,64825.870122828215,33116.27129694355
M35,977209.0,91,64765.76387024455,33086.70634221187
M35,985694.0,91,64707.90727585333,33039.06510388973
M35,994253.0,91,64648.330620082954,33016.89680756764
