f,T,b,mu_real,mu_imag
630000,25.0,0.0147659882612732,906.166251703828,6.670025855601821
794000,25.0,0.0149756812526395,935.6466838737322,15.314074711366247
